State,Date,Hourly Demand Met (in MW),
Uttar Pradesh - 2024,01-Jan 12am,11814.97,
Uttar Pradesh - 2024,01-Jan 1am,11077.99,
Uttar Pradesh - 2024,01-Jan 2am,10675.53,
Uttar Pradesh - 2024,01-Jan 3am,10601.45,
Uttar Pradesh - 2024,01-Jan 4am,11307.93,
Uttar Pradesh - 2024,01-Jan 5am,12610.84,
Uttar Pradesh - 2024,01-Jan 6am,12408.39,
Uttar Pradesh - 2024,01-Jan 7am,12610.58,
Uttar Pradesh - 2024,01-Jan 8am,14942.65,
Uttar Pradesh - 2024,01-Jan 9am,16146.94,
Uttar Pradesh - 2024,01-Jan 10am,16961.32,
Uttar Pradesh - 2024,01-Jan 11am,17474.19,
Uttar Pradesh - 2024,01-Jan 12pm,17249.85,
Uttar Pradesh - 2024,01-Jan 1pm,16781.82,
Uttar Pradesh - 2024,01-Jan 2pm,14906.52,
Uttar Pradesh - 2024,01-Jan 3pm,10329.57,
Uttar Pradesh - 2024,01-Jan 4pm,12371.3,
Uttar Pradesh - 2024,01-Jan 5pm,15896.23,
Uttar Pradesh - 2024,01-Jan 6pm,19395.16,
Uttar Pradesh - 2024,01-Jan 7pm,19274.63,
Uttar Pradesh - 2024,01-Jan 8pm,18118.19,
Uttar Pradesh - 2024,01-Jan 9pm,16434.43,
Uttar Pradesh - 2024,01-Jan 10pm,14448.95,
Uttar Pradesh - 2024,01-Jan 11pm,12790.74,
Uttar Pradesh - 2024,02-Jan 12am,11635.17,
Uttar Pradesh - 2024,02-Jan 1am,10909.84,
Uttar Pradesh - 2024,02-Jan 2am,10481.48,
Uttar Pradesh - 2024,02-Jan 3am,10409.12,
Uttar Pradesh - 2024,02-Jan 4am,10863.5,
Uttar Pradesh - 2024,02-Jan 5am,12046.82,
Uttar Pradesh - 2024,02-Jan 6am,11815.45,
Uttar Pradesh - 2024,02-Jan 7am,12168.14,
Uttar Pradesh - 2024,02-Jan 8am,14610.63,
Uttar Pradesh - 2024,02-Jan 9am,15894.21,
Uttar Pradesh - 2024,02-Jan 10am,16479.92,
Uttar Pradesh - 2024,02-Jan 11am,17184.36,
Uttar Pradesh - 2024,02-Jan 12pm,16918.6,
Uttar Pradesh - 2024,02-Jan 1pm,16037,
Uttar Pradesh - 2024,02-Jan 2pm,14952.08,
Uttar Pradesh - 2024,02-Jan 3pm,12989.07,
Uttar Pradesh - 2024,02-Jan 4pm,12802.67,
Uttar Pradesh - 2024,02-Jan 5pm,16039.86,
Uttar Pradesh - 2024,02-Jan 6pm,18983.81,
Uttar Pradesh - 2024,02-Jan 7pm,19670.29,
Uttar Pradesh - 2024,02-Jan 8pm,18991.48,
Uttar Pradesh - 2024,02-Jan 9pm,17420.17,
Uttar Pradesh - 2024,02-Jan 10pm,15364.31,
Uttar Pradesh - 2024,02-Jan 11pm,13507.25,
Uttar Pradesh - 2024,03-Jan 12am,12209.24,
Uttar Pradesh - 2024,03-Jan 1am,11416.44,
Uttar Pradesh - 2024,03-Jan 2am,10957.27,
Uttar Pradesh - 2024,03-Jan 3am,10683.46,
Uttar Pradesh - 2024,03-Jan 4am,10879.69,
Uttar Pradesh - 2024,03-Jan 5am,11856.66,
Uttar Pradesh - 2024,03-Jan 6am,10858.76,
Uttar Pradesh - 2024,03-Jan 7am,10662.59,
Uttar Pradesh - 2024,03-Jan 8am,12894.41,
Uttar Pradesh - 2024,03-Jan 9am,14519.26,
Uttar Pradesh - 2024,03-Jan 10am,15667.85,
Uttar Pradesh - 2024,03-Jan 11am,16161.13,
Uttar Pradesh - 2024,03-Jan 12pm,16479.46,
Uttar Pradesh - 2024,03-Jan 1pm,16569.23,
Uttar Pradesh - 2024,03-Jan 2pm,15639.84,
Uttar Pradesh - 2024,03-Jan 3pm,15010.73,
Uttar Pradesh - 2024,03-Jan 4pm,13859.99,
Uttar Pradesh - 2024,03-Jan 5pm,16333.22,
Uttar Pradesh - 2024,03-Jan 6pm,18824.44,
Uttar Pradesh - 2024,03-Jan 7pm,19592.06,
Uttar Pradesh - 2024,03-Jan 8pm,19153.92,
Uttar Pradesh - 2024,03-Jan 9pm,17389.64,
Uttar Pradesh - 2024,03-Jan 10pm,15382.02,
Uttar Pradesh - 2024,03-Jan 11pm,13670.98,
Uttar Pradesh - 2024,04-Jan 12am,12319.06,
Uttar Pradesh - 2024,04-Jan 1am,11547.08,
Uttar Pradesh - 2024,04-Jan 2am,11172.52,
Uttar Pradesh - 2024,04-Jan 3am,11110.56,
Uttar Pradesh - 2024,04-Jan 4am,11743.07,
Uttar Pradesh - 2024,04-Jan 5am,12358.96,
Uttar Pradesh - 2024,04-Jan 6am,12357.28,
Uttar Pradesh - 2024,04-Jan 7am,13015.93,
Uttar Pradesh - 2024,04-Jan 8am,15024.12,
Uttar Pradesh - 2024,04-Jan 9am,15740.99,
Uttar Pradesh - 2024,04-Jan 10am,16750.56,
Uttar Pradesh - 2024,04-Jan 11am,17043.34,
Uttar Pradesh - 2024,04-Jan 12pm,16763.25,
Uttar Pradesh - 2024,04-Jan 1pm,16689.55,
Uttar Pradesh - 2024,04-Jan 2pm,15852.87,
Uttar Pradesh - 2024,04-Jan 3pm,14245.34,
Uttar Pradesh - 2024,04-Jan 4pm,13330.42,
Uttar Pradesh - 2024,04-Jan 5pm,15558.95,
Uttar Pradesh - 2024,04-Jan 6pm,17878.31,
Uttar Pradesh - 2024,04-Jan 7pm,19099.38,
Uttar Pradesh - 2024,04-Jan 8pm,19240.24,
Uttar Pradesh - 2024,04-Jan 9pm,17948.13,
Uttar Pradesh - 2024,04-Jan 10pm,15944.27,
Uttar Pradesh - 2024,04-Jan 11pm,14143.31,
Uttar Pradesh - 2024,05-Jan 12am,12728.96,
Uttar Pradesh - 2024,05-Jan 1am,12023.57,
Uttar Pradesh - 2024,05-Jan 2am,11717.7,
Uttar Pradesh - 2024,05-Jan 3am,11725.77,
Uttar Pradesh - 2024,05-Jan 4am,12070.63,
Uttar Pradesh - 2024,05-Jan 5am,13567.74,
Uttar Pradesh - 2024,05-Jan 6am,13376.74,
Uttar Pradesh - 2024,05-Jan 7am,12591.02,
Uttar Pradesh - 2024,05-Jan 8am,14465.19,
Uttar Pradesh - 2024,05-Jan 9am,15427.19,
Uttar Pradesh - 2024,05-Jan 10am,16496.63,
Uttar Pradesh - 2024,05-Jan 11am,16783.86,
Uttar Pradesh - 2024,05-Jan 12pm,16464.83,
Uttar Pradesh - 2024,05-Jan 1pm,17092.26,
Uttar Pradesh - 2024,05-Jan 2pm,16776.12,
Uttar Pradesh - 2024,05-Jan 3pm,14588.38,
Uttar Pradesh - 2024,05-Jan 4pm,13318.73,
Uttar Pradesh - 2024,05-Jan 5pm,15388.7,
Uttar Pradesh - 2024,05-Jan 6pm,17650.38,
Uttar Pradesh - 2024,05-Jan 7pm,18876.88,
Uttar Pradesh - 2024,05-Jan 8pm,18728.49,
Uttar Pradesh - 2024,05-Jan 9pm,17243.78,
Uttar Pradesh - 2024,05-Jan 10pm,15369.9,
Uttar Pradesh - 2024,05-Jan 11pm,13580.17,
Uttar Pradesh - 2024,06-Jan 12am,12359.54,
Uttar Pradesh - 2024,06-Jan 1am,11638.26,
Uttar Pradesh - 2024,06-Jan 2am,11196.6,
Uttar Pradesh - 2024,06-Jan 3am,11065.76,
Uttar Pradesh - 2024,06-Jan 4am,11595.48,
Uttar Pradesh - 2024,06-Jan 5am,13136.52,
Uttar Pradesh - 2024,06-Jan 6am,14331.23,
Uttar Pradesh - 2024,06-Jan 7am,14494.75,
Uttar Pradesh - 2024,06-Jan 8am,14999.11,
Uttar Pradesh - 2024,06-Jan 9am,14915.28,
Uttar Pradesh - 2024,06-Jan 10am,16584.83,
Uttar Pradesh - 2024,06-Jan 11am,17081.7,
Uttar Pradesh - 2024,06-Jan 12pm,18025.09,
Uttar Pradesh - 2024,06-Jan 1pm,17505.2,
Uttar Pradesh - 2024,06-Jan 2pm,15803.56,
Uttar Pradesh - 2024,06-Jan 3pm,12798.21,
Uttar Pradesh - 2024,06-Jan 4pm,11262.78,
Uttar Pradesh - 2024,06-Jan 5pm,15583.54,
Uttar Pradesh - 2024,06-Jan 6pm,18895.2,
Uttar Pradesh - 2024,06-Jan 7pm,20320.76,
Uttar Pradesh - 2024,06-Jan 8pm,19415.46,
Uttar Pradesh - 2024,06-Jan 9pm,17736.16,
Uttar Pradesh - 2024,06-Jan 10pm,15716.78,
Uttar Pradesh - 2024,06-Jan 11pm,14009.17,
Uttar Pradesh - 2024,07-Jan 12am,12692.96,
Uttar Pradesh - 2024,07-Jan 1am,11912.68,
Uttar Pradesh - 2024,07-Jan 2am,11511.37,
Uttar Pradesh - 2024,07-Jan 3am,11427.58,
Uttar Pradesh - 2024,07-Jan 4am,11945.64,
Uttar Pradesh - 2024,07-Jan 5am,13258.36,
Uttar Pradesh - 2024,07-Jan 6am,14128.82,
Uttar Pradesh - 2024,07-Jan 7am,15214.5,
Uttar Pradesh - 2024,07-Jan 8am,15308.7,
Uttar Pradesh - 2024,07-Jan 9am,14951,
Uttar Pradesh - 2024,07-Jan 10am,16587.9,
Uttar Pradesh - 2024,07-Jan 11am,16986.29,
Uttar Pradesh - 2024,07-Jan 12pm,16702.56,
Uttar Pradesh - 2024,07-Jan 1pm,15184.02,
Uttar Pradesh - 2024,07-Jan 2pm,13423.53,
Uttar Pradesh - 2024,07-Jan 3pm,11873.42,
Uttar Pradesh - 2024,07-Jan 4pm,10983.39,
Uttar Pradesh - 2024,07-Jan 5pm,15548.13,
Uttar Pradesh - 2024,07-Jan 6pm,19170.29,
Uttar Pradesh - 2024,07-Jan 7pm,19571.43,
Uttar Pradesh - 2024,07-Jan 8pm,18611.08,
Uttar Pradesh - 2024,07-Jan 9pm,17205.32,
Uttar Pradesh - 2024,07-Jan 10pm,15244.87,
Uttar Pradesh - 2024,07-Jan 11pm,13539.98,
Uttar Pradesh - 2024,08-Jan 12am,12376.8,
Uttar Pradesh - 2024,08-Jan 1am,11650.77,
Uttar Pradesh - 2024,08-Jan 2am,11302.49,
Uttar Pradesh - 2024,08-Jan 3am,11180.99,
Uttar Pradesh - 2024,08-Jan 4am,11745.03,
Uttar Pradesh - 2024,08-Jan 5am,12951.05,
Uttar Pradesh - 2024,08-Jan 6am,12744.86,
Uttar Pradesh - 2024,08-Jan 7am,13417.83,
Uttar Pradesh - 2024,08-Jan 8am,15443.26,
Uttar Pradesh - 2024,08-Jan 9am,15778.39,
Uttar Pradesh - 2024,08-Jan 10am,16509.04,
Uttar Pradesh - 2024,08-Jan 11am,16858.22,
Uttar Pradesh - 2024,08-Jan 12pm,17503.01,
Uttar Pradesh - 2024,08-Jan 1pm,16889.69,
Uttar Pradesh - 2024,08-Jan 2pm,15823.94,
Uttar Pradesh - 2024,08-Jan 3pm,13290.59,
Uttar Pradesh - 2024,08-Jan 4pm,12033.63,
Uttar Pradesh - 2024,08-Jan 5pm,15696.39,
Uttar Pradesh - 2024,08-Jan 6pm,20093.6,
Uttar Pradesh - 2024,08-Jan 7pm,20770.5,
Uttar Pradesh - 2024,08-Jan 8pm,19513.61,
Uttar Pradesh - 2024,08-Jan 9pm,17848.75,
Uttar Pradesh - 2024,08-Jan 10pm,15805.75,
Uttar Pradesh - 2024,08-Jan 11pm,14011.2,
Uttar Pradesh - 2024,09-Jan 12am,12686.18,
Uttar Pradesh - 2024,09-Jan 1am,11933.1,
Uttar Pradesh - 2024,09-Jan 2am,11483.64,
Uttar Pradesh - 2024,09-Jan 3am,11353.45,
Uttar Pradesh - 2024,09-Jan 4am,11852.35,
Uttar Pradesh - 2024,09-Jan 5am,12922.05,
Uttar Pradesh - 2024,09-Jan 6am,12755.89,
Uttar Pradesh - 2024,09-Jan 7am,13082.55,
Uttar Pradesh - 2024,09-Jan 8am,15104.32,
Uttar Pradesh - 2024,09-Jan 9am,16168.53,
Uttar Pradesh - 2024,09-Jan 10am,17264.19,
Uttar Pradesh - 2024,09-Jan 11am,16928.58,
Uttar Pradesh - 2024,09-Jan 12pm,16545.73,
Uttar Pradesh - 2024,09-Jan 1pm,15084.85,
Uttar Pradesh - 2024,09-Jan 2pm,13968.68,
Uttar Pradesh - 2024,09-Jan 3pm,12774.58,
Uttar Pradesh - 2024,09-Jan 4pm,12932.6,
Uttar Pradesh - 2024,09-Jan 5pm,16527.98,
Uttar Pradesh - 2024,09-Jan 6pm,20007.7,
Uttar Pradesh - 2024,09-Jan 7pm,20690.81,
Uttar Pradesh - 2024,09-Jan 8pm,19582.23,
Uttar Pradesh - 2024,09-Jan 9pm,18001.77,
Uttar Pradesh - 2024,09-Jan 10pm,15896.11,
Uttar Pradesh - 2024,09-Jan 11pm,13983.69,
Uttar Pradesh - 2024,10-Jan 12am,12706.68,
Uttar Pradesh - 2024,10-Jan 1am,11968.69,
Uttar Pradesh - 2024,10-Jan 2am,11582.87,
Uttar Pradesh - 2024,10-Jan 3am,11505.04,
Uttar Pradesh - 2024,10-Jan 4am,12044.03,
Uttar Pradesh - 2024,10-Jan 5am,13171.49,
Uttar Pradesh - 2024,10-Jan 6am,12934.59,
Uttar Pradesh - 2024,10-Jan 7am,13634.78,
Uttar Pradesh - 2024,10-Jan 8am,16633.08,
Uttar Pradesh - 2024,10-Jan 9am,17271.24,
Uttar Pradesh - 2024,10-Jan 10am,17983.62,
Uttar Pradesh - 2024,10-Jan 11am,17764.59,
Uttar Pradesh - 2024,10-Jan 12pm,17382.13,
Uttar Pradesh - 2024,10-Jan 1pm,16156.98,
Uttar Pradesh - 2024,10-Jan 2pm,14450.18,
Uttar Pradesh - 2024,10-Jan 3pm,12694.32,
Uttar Pradesh - 2024,10-Jan 4pm,12866.29,
Uttar Pradesh - 2024,10-Jan 5pm,16291.95,
Uttar Pradesh - 2024,10-Jan 6pm,20098.55,
Uttar Pradesh - 2024,10-Jan 7pm,20801.46,
Uttar Pradesh - 2024,10-Jan 8pm,19842.82,
Uttar Pradesh - 2024,10-Jan 9pm,18271.7,
Uttar Pradesh - 2024,10-Jan 10pm,16171.78,
Uttar Pradesh - 2024,10-Jan 11pm,14266.46,
Uttar Pradesh - 2024,11-Jan 12am,12756.65,
Uttar Pradesh - 2024,11-Jan 1am,11905.07,
Uttar Pradesh - 2024,11-Jan 2am,11454.3,
Uttar Pradesh - 2024,11-Jan 3am,11265.35,
Uttar Pradesh - 2024,11-Jan 4am,11774.29,
Uttar Pradesh - 2024,11-Jan 5am,13037.77,
Uttar Pradesh - 2024,11-Jan 6am,12761.29,
Uttar Pradesh - 2024,11-Jan 7am,13114.89,
Uttar Pradesh - 2024,11-Jan 8am,15522.13,
Uttar Pradesh - 2024,11-Jan 9am,17367.79,
Uttar Pradesh - 2024,11-Jan 10am,18365.42,
Uttar Pradesh - 2024,11-Jan 11am,18897.94,
Uttar Pradesh - 2024,11-Jan 12pm,17838.41,
Uttar Pradesh - 2024,11-Jan 1pm,16142.06,
Uttar Pradesh - 2024,11-Jan 2pm,14516.7,
Uttar Pradesh - 2024,11-Jan 3pm,12860.81,
Uttar Pradesh - 2024,11-Jan 4pm,12775.18,
Uttar Pradesh - 2024,11-Jan 5pm,16928.77,
Uttar Pradesh - 2024,11-Jan 6pm,20647.35,
Uttar Pradesh - 2024,11-Jan 7pm,21264.21,
Uttar Pradesh - 2024,11-Jan 8pm,20404.3,
Uttar Pradesh - 2024,11-Jan 9pm,18894.17,
Uttar Pradesh - 2024,11-Jan 10pm,16720.57,
Uttar Pradesh - 2024,11-Jan 11pm,14602.03,
Uttar Pradesh - 2024,12-Jan 12am,13182.14,
Uttar Pradesh - 2024,12-Jan 1am,12127.49,
Uttar Pradesh - 2024,12-Jan 2am,11634.63,
Uttar Pradesh - 2024,12-Jan 3am,11442.28,
Uttar Pradesh - 2024,12-Jan 4am,11983.48,
Uttar Pradesh - 2024,12-Jan 5am,12653.09,
Uttar Pradesh - 2024,12-Jan 6am,12581.24,
Uttar Pradesh - 2024,12-Jan 7am,13251.94,
Uttar Pradesh - 2024,12-Jan 8am,15528.27,
Uttar Pradesh - 2024,12-Jan 9am,17466.9,
Uttar Pradesh - 2024,12-Jan 10am,18651.25,
Uttar Pradesh - 2024,12-Jan 11am,19489.1,
Uttar Pradesh - 2024,12-Jan 12pm,19150.87,
Uttar Pradesh - 2024,12-Jan 1pm,17647.45,
Uttar Pradesh - 2024,12-Jan 2pm,15327.06,
Uttar Pradesh - 2024,12-Jan 3pm,13586.07,
Uttar Pradesh - 2024,12-Jan 4pm,13229.12,
Uttar Pradesh - 2024,12-Jan 5pm,16910.38,
Uttar Pradesh - 2024,12-Jan 6pm,20907.95,
Uttar Pradesh - 2024,12-Jan 7pm,21464.4,
Uttar Pradesh - 2024,12-Jan 8pm,20667.85,
Uttar Pradesh - 2024,12-Jan 9pm,18996.12,
Uttar Pradesh - 2024,12-Jan 10pm,16798.49,
Uttar Pradesh - 2024,12-Jan 11pm,15020.01,
Uttar Pradesh - 2024,13-Jan 12am,13640.63,
Uttar Pradesh - 2024,13-Jan 1am,12525.96,
Uttar Pradesh - 2024,13-Jan 2am,11716.61,
Uttar Pradesh - 2024,13-Jan 3am,11488.43,
Uttar Pradesh - 2024,13-Jan 4am,11807.99,
Uttar Pradesh - 2024,13-Jan 5am,12115.57,
Uttar Pradesh - 2024,13-Jan 6am,11594.29,
Uttar Pradesh - 2024,13-Jan 7am,13150.39,
Uttar Pradesh - 2024,13-Jan 8am,16016.68,
Uttar Pradesh - 2024,13-Jan 9am,17930.57,
Uttar Pradesh - 2024,13-Jan 10am,18225.82,
Uttar Pradesh - 2024,13-Jan 11am,18282,
Uttar Pradesh - 2024,13-Jan 12pm,17551.83,
Uttar Pradesh - 2024,13-Jan 1pm,17075.45,
Uttar Pradesh - 2024,13-Jan 2pm,15705.47,
Uttar Pradesh - 2024,13-Jan 3pm,14274.16,
Uttar Pradesh - 2024,13-Jan 4pm,13303.26,
Uttar Pradesh - 2024,13-Jan 5pm,16389.75,
Uttar Pradesh - 2024,13-Jan 6pm,19360.17,
Uttar Pradesh - 2024,13-Jan 7pm,19910.27,
Uttar Pradesh - 2024,13-Jan 8pm,19842.65,
Uttar Pradesh - 2024,13-Jan 9pm,18705.32,
Uttar Pradesh - 2024,13-Jan 10pm,16670.69,
Uttar Pradesh - 2024,13-Jan 11pm,14600.07,
Uttar Pradesh - 2024,14-Jan 12am,13137.67,
Uttar Pradesh - 2024,14-Jan 1am,12246.22,
Uttar Pradesh - 2024,14-Jan 2am,11705,
Uttar Pradesh - 2024,14-Jan 3am,11496.75,
Uttar Pradesh - 2024,14-Jan 4am,11978.36,
Uttar Pradesh - 2024,14-Jan 5am,12516.05,
Uttar Pradesh - 2024,14-Jan 6am,12153.1,
Uttar Pradesh - 2024,14-Jan 7am,13082.89,
Uttar Pradesh - 2024,14-Jan 8am,15202.29,
Uttar Pradesh - 2024,14-Jan 9am,16886.59,
Uttar Pradesh - 2024,14-Jan 10am,18184.5,
Uttar Pradesh - 2024,14-Jan 11am,18194.75,
Uttar Pradesh - 2024,14-Jan 12pm,17481.92,
Uttar Pradesh - 2024,14-Jan 1pm,15994.72,
Uttar Pradesh - 2024,14-Jan 2pm,14940.61,
Uttar Pradesh - 2024,14-Jan 3pm,13236.22,
Uttar Pradesh - 2024,14-Jan 4pm,12918.23,
Uttar Pradesh - 2024,14-Jan 5pm,16437.03,
Uttar Pradesh - 2024,14-Jan 6pm,20247.97,
Uttar Pradesh - 2024,14-Jan 7pm,20779.66,
Uttar Pradesh - 2024,14-Jan 8pm,19962.34,
Uttar Pradesh - 2024,14-Jan 9pm,18341.34,
Uttar Pradesh - 2024,14-Jan 10pm,16140.9,
Uttar Pradesh - 2024,14-Jan 11pm,14157.94,
Uttar Pradesh - 2024,15-Jan 12am,12608.83,
Uttar Pradesh - 2024,15-Jan 1am,11802.42,
Uttar Pradesh - 2024,15-Jan 2am,11292.85,
Uttar Pradesh - 2024,15-Jan 3am,10981.19,
Uttar Pradesh - 2024,15-Jan 4am,11738.49,
Uttar Pradesh - 2024,15-Jan 5am,12548.27,
Uttar Pradesh - 2024,15-Jan 6am,12541.47,
Uttar Pradesh - 2024,15-Jan 7am,13281.12,
Uttar Pradesh - 2024,15-Jan 8am,14943.64,
Uttar Pradesh - 2024,15-Jan 9am,15858.99,
Uttar Pradesh - 2024,15-Jan 10am,17153.23,
Uttar Pradesh - 2024,15-Jan 11am,17596.76,
Uttar Pradesh - 2024,15-Jan 12pm,17807.78,
Uttar Pradesh - 2024,15-Jan 1pm,17953.16,
Uttar Pradesh - 2024,15-Jan 2pm,17800.74,
Uttar Pradesh - 2024,15-Jan 3pm,16563.57,
Uttar Pradesh - 2024,15-Jan 4pm,15654.64,
Uttar Pradesh - 2024,15-Jan 5pm,16984.37,
Uttar Pradesh - 2024,15-Jan 6pm,19661.34,
Uttar Pradesh - 2024,15-Jan 7pm,20372.98,
Uttar Pradesh - 2024,15-Jan 8pm,20600.8,
Uttar Pradesh - 2024,15-Jan 9pm,19016.74,
Uttar Pradesh - 2024,15-Jan 10pm,16751.95,
Uttar Pradesh - 2024,15-Jan 11pm,14625.07,
Uttar Pradesh - 2024,16-Jan 12am,13327.56,
Uttar Pradesh - 2024,16-Jan 1am,12494.14,
Uttar Pradesh - 2024,16-Jan 2am,12034.48,
Uttar Pradesh - 2024,16-Jan 3am,11856,
Uttar Pradesh - 2024,16-Jan 4am,12311.86,
Uttar Pradesh - 2024,16-Jan 5am,13000.38,
Uttar Pradesh - 2024,16-Jan 6am,12647.15,
Uttar Pradesh - 2024,16-Jan 7am,13232.42,
Uttar Pradesh - 2024,16-Jan 8am,14918.48,
Uttar Pradesh - 2024,16-Jan 9am,15574.67,
Uttar Pradesh - 2024,16-Jan 10am,16928.07,
Uttar Pradesh - 2024,16-Jan 11am,17099.45,
Uttar Pradesh - 2024,16-Jan 12pm,17298.49,
Uttar Pradesh - 2024,16-Jan 1pm,17863.03,
Uttar Pradesh - 2024,16-Jan 2pm,17613.06,
Uttar Pradesh - 2024,16-Jan 3pm,17256.49,
Uttar Pradesh - 2024,16-Jan 4pm,15803.38,
Uttar Pradesh - 2024,16-Jan 5pm,16689.33,
Uttar Pradesh - 2024,16-Jan 6pm,19523.11,
Uttar Pradesh - 2024,16-Jan 7pm,20111.53,
Uttar Pradesh - 2024,16-Jan 8pm,21006.05,
Uttar Pradesh - 2024,16-Jan 9pm,19559.3,
Uttar Pradesh - 2024,16-Jan 10pm,17456.79,
Uttar Pradesh - 2024,16-Jan 11pm,15115.06,
Uttar Pradesh - 2024,17-Jan 12am,13559.53,
Uttar Pradesh - 2024,17-Jan 1am,12613.44,
Uttar Pradesh - 2024,17-Jan 2am,12132.01,
Uttar Pradesh - 2024,17-Jan 3am,11976.52,
Uttar Pradesh - 2024,17-Jan 4am,12452.42,
Uttar Pradesh - 2024,17-Jan 5am,13672.49,
Uttar Pradesh - 2024,17-Jan 6am,14675.38,
Uttar Pradesh - 2024,17-Jan 7am,14971.89,
Uttar Pradesh - 2024,17-Jan 8am,15287.45,
Uttar Pradesh - 2024,17-Jan 9am,15848.06,
Uttar Pradesh - 2024,17-Jan 10am,16772.56,
Uttar Pradesh - 2024,17-Jan 11am,16869.1,
Uttar Pradesh - 2024,17-Jan 12pm,17015.99,
Uttar Pradesh - 2024,17-Jan 1pm,17634.94,
Uttar Pradesh - 2024,17-Jan 2pm,17805.23,
Uttar Pradesh - 2024,17-Jan 3pm,17118.76,
Uttar Pradesh - 2024,17-Jan 4pm,15839.13,
Uttar Pradesh - 2024,17-Jan 5pm,16634.27,
Uttar Pradesh - 2024,17-Jan 6pm,19042.14,
Uttar Pradesh - 2024,17-Jan 7pm,19773.18,
Uttar Pradesh - 2024,17-Jan 8pm,21021.27,
Uttar Pradesh - 2024,17-Jan 9pm,20134.19,
Uttar Pradesh - 2024,17-Jan 10pm,18001.34,
Uttar Pradesh - 2024,17-Jan 11pm,15763.89,
Uttar Pradesh - 2024,18-Jan 12am,14121.86,
Uttar Pradesh - 2024,18-Jan 1am,13183.85,
Uttar Pradesh - 2024,18-Jan 2am,12532.3,
Uttar Pradesh - 2024,18-Jan 3am,12339.85,
Uttar Pradesh - 2024,18-Jan 4am,12799.34,
Uttar Pradesh - 2024,18-Jan 5am,14127.41,
Uttar Pradesh - 2024,18-Jan 6am,15592.6,
Uttar Pradesh - 2024,18-Jan 7am,15642.61,
Uttar Pradesh - 2024,18-Jan 8am,16106.78,
Uttar Pradesh - 2024,18-Jan 9am,16530.69,
Uttar Pradesh - 2024,18-Jan 10am,17357.41,
Uttar Pradesh - 2024,18-Jan 11am,17493.71,
Uttar Pradesh - 2024,18-Jan 12pm,18400.36,
Uttar Pradesh - 2024,18-Jan 1pm,18837.48,
Uttar Pradesh - 2024,18-Jan 2pm,18596.76,
Uttar Pradesh - 2024,18-Jan 3pm,17488.08,
Uttar Pradesh - 2024,18-Jan 4pm,16540.73,
Uttar Pradesh - 2024,18-Jan 5pm,17414.21,
Uttar Pradesh - 2024,18-Jan 6pm,19405,
Uttar Pradesh - 2024,18-Jan 7pm,20218.42,
Uttar Pradesh - 2024,18-Jan 8pm,21056.71,
Uttar Pradesh - 2024,18-Jan 9pm,19628.17,
Uttar Pradesh - 2024,18-Jan 10pm,17356.64,
Uttar Pradesh - 2024,18-Jan 11pm,15150.09,
Uttar Pradesh - 2024,19-Jan 12am,13545.26,
Uttar Pradesh - 2024,19-Jan 1am,12582.32,
Uttar Pradesh - 2024,19-Jan 2am,12113.84,
Uttar Pradesh - 2024,19-Jan 3am,11871.86,
Uttar Pradesh - 2024,19-Jan 4am,12619.8,
Uttar Pradesh - 2024,19-Jan 5am,13889.43,
Uttar Pradesh - 2024,19-Jan 6am,15298.68,
Uttar Pradesh - 2024,19-Jan 7am,16722.82,
Uttar Pradesh - 2024,19-Jan 8am,17469.27,
Uttar Pradesh - 2024,19-Jan 9am,17355.58,
Uttar Pradesh - 2024,19-Jan 10am,18554.34,
Uttar Pradesh - 2024,19-Jan 11am,18763.87,
Uttar Pradesh - 2024,19-Jan 12pm,19176.43,
Uttar Pradesh - 2024,19-Jan 1pm,19489.08,
Uttar Pradesh - 2024,19-Jan 2pm,18894.09,
Uttar Pradesh - 2024,19-Jan 3pm,17934.16,
Uttar Pradesh - 2024,19-Jan 4pm,16527.8,
Uttar Pradesh - 2024,19-Jan 5pm,17753.79,
Uttar Pradesh - 2024,19-Jan 6pm,19429.16,
Uttar Pradesh - 2024,19-Jan 7pm,20176,
Uttar Pradesh - 2024,19-Jan 8pm,21140.69,
Uttar Pradesh - 2024,19-Jan 9pm,20037.24,
Uttar Pradesh - 2024,19-Jan 10pm,17912.92,
Uttar Pradesh - 2024,19-Jan 11pm,15784.64,
Uttar Pradesh - 2024,20-Jan 12am,14187.28,
Uttar Pradesh - 2024,20-Jan 1am,13165.53,
Uttar Pradesh - 2024,20-Jan 2am,12756.65,
Uttar Pradesh - 2024,20-Jan 3am,12623.26,
Uttar Pradesh - 2024,20-Jan 4am,13086.47,
Uttar Pradesh - 2024,20-Jan 5am,14437.91,
Uttar Pradesh - 2024,20-Jan 6am,15835.1,
Uttar Pradesh - 2024,20-Jan 7am,17259.46,
Uttar Pradesh - 2024,20-Jan 8am,18226.53,
Uttar Pradesh - 2024,20-Jan 9am,18031.05,
Uttar Pradesh - 2024,20-Jan 10am,19017.18,
Uttar Pradesh - 2024,20-Jan 11am,19227.87,
Uttar Pradesh - 2024,20-Jan 12pm,18990.82,
Uttar Pradesh - 2024,20-Jan 1pm,19183.95,
Uttar Pradesh - 2024,20-Jan 2pm,18371.85,
Uttar Pradesh - 2024,20-Jan 3pm,16734.96,
Uttar Pradesh - 2024,20-Jan 4pm,15531.62,
Uttar Pradesh - 2024,20-Jan 5pm,17497.66,
Uttar Pradesh - 2024,20-Jan 6pm,19412.44,
Uttar Pradesh - 2024,20-Jan 7pm,20583.89,
Uttar Pradesh - 2024,20-Jan 8pm,21447.63,
Uttar Pradesh - 2024,20-Jan 9pm,20140.39,
Uttar Pradesh - 2024,20-Jan 10pm,17894.46,
Uttar Pradesh - 2024,20-Jan 11pm,15738.75,
Uttar Pradesh - 2024,21-Jan 12am,14151.65,
Uttar Pradesh - 2024,21-Jan 1am,13080.23,
Uttar Pradesh - 2024,21-Jan 2am,12552.73,
Uttar Pradesh - 2024,21-Jan 3am,12458.63,
Uttar Pradesh - 2024,21-Jan 4am,12787.81,
Uttar Pradesh - 2024,21-Jan 5am,13785.98,
Uttar Pradesh - 2024,21-Jan 6am,14851.95,
Uttar Pradesh - 2024,21-Jan 7am,16038.97,
Uttar Pradesh - 2024,21-Jan 8am,16853.9,
Uttar Pradesh - 2024,21-Jan 9am,16975.64,
Uttar Pradesh - 2024,21-Jan 10am,18006.26,
Uttar Pradesh - 2024,21-Jan 11am,18663.99,
Uttar Pradesh - 2024,21-Jan 12pm,18826.95,
Uttar Pradesh - 2024,21-Jan 1pm,17795.62,
Uttar Pradesh - 2024,21-Jan 2pm,16499.6,
Uttar Pradesh - 2024,21-Jan 3pm,14722.56,
Uttar Pradesh - 2024,21-Jan 4pm,13752.14,
Uttar Pradesh - 2024,21-Jan 5pm,17394.1,
Uttar Pradesh - 2024,21-Jan 6pm,20666.26,
Uttar Pradesh - 2024,21-Jan 7pm,21698.9,
Uttar Pradesh - 2024,21-Jan 8pm,21156.95,
Uttar Pradesh - 2024,21-Jan 9pm,19718.04,
Uttar Pradesh - 2024,21-Jan 10pm,17507.15,
Uttar Pradesh - 2024,21-Jan 11pm,15421.98,
Uttar Pradesh - 2024,22-Jan 12am,13797.35,
Uttar Pradesh - 2024,22-Jan 1am,12849.58,
Uttar Pradesh - 2024,22-Jan 2am,12328.4,
Uttar Pradesh - 2024,22-Jan 3am,12154.53,
Uttar Pradesh - 2024,22-Jan 4am,12613.02,
Uttar Pradesh - 2024,22-Jan 5am,14224.8,
Uttar Pradesh - 2024,22-Jan 6am,16464.76,
Uttar Pradesh - 2024,22-Jan 7am,18200.2,
Uttar Pradesh - 2024,22-Jan 8am,18720.63,
Uttar Pradesh - 2024,22-Jan 9am,18942.04,
Uttar Pradesh - 2024,22-Jan 10am,19772.4,
Uttar Pradesh - 2024,22-Jan 11am,20659.34,
Uttar Pradesh - 2024,22-Jan 12pm,21606.04,
Uttar Pradesh - 2024,22-Jan 1pm,21234.03,
Uttar Pradesh - 2024,22-Jan 2pm,19651.35,
Uttar Pradesh - 2024,22-Jan 3pm,18582.79,
Uttar Pradesh - 2024,22-Jan 4pm,18218.51,
Uttar Pradesh - 2024,22-Jan 5pm,18459.81,
Uttar Pradesh - 2024,22-Jan 6pm,20177.89,
Uttar Pradesh - 2024,22-Jan 7pm,21275.79,
Uttar Pradesh - 2024,22-Jan 8pm,21153.61,
Uttar Pradesh - 2024,22-Jan 9pm,19623.04,
Uttar Pradesh - 2024,22-Jan 10pm,17140.4,
Uttar Pradesh - 2024,22-Jan 11pm,14963.46,
Uttar Pradesh - 2024,23-Jan 12am,13426.76,
Uttar Pradesh - 2024,23-Jan 1am,12521.84,
Uttar Pradesh - 2024,23-Jan 2am,12048.19,
Uttar Pradesh - 2024,23-Jan 3am,11816.35,
Uttar Pradesh - 2024,23-Jan 4am,12162.25,
Uttar Pradesh - 2024,23-Jan 5am,12726.25,
Uttar Pradesh - 2024,23-Jan 6am,13568.87,
Uttar Pradesh - 2024,23-Jan 7am,14918.01,
Uttar Pradesh - 2024,23-Jan 8am,16626.11,
Uttar Pradesh - 2024,23-Jan 9am,17477.54,
Uttar Pradesh - 2024,23-Jan 10am,18571.37,
Uttar Pradesh - 2024,23-Jan 11am,18476.65,
Uttar Pradesh - 2024,23-Jan 12pm,18760.96,
Uttar Pradesh - 2024,23-Jan 1pm,18400.74,
Uttar Pradesh - 2024,23-Jan 2pm,16660.07,
Uttar Pradesh - 2024,23-Jan 3pm,14768.43,
Uttar Pradesh - 2024,23-Jan 4pm,14107.7,
Uttar Pradesh - 2024,23-Jan 5pm,17542,
Uttar Pradesh - 2024,23-Jan 6pm,19713.16,
Uttar Pradesh - 2024,23-Jan 7pm,20579.15,
Uttar Pradesh - 2024,23-Jan 8pm,21513.67,
Uttar Pradesh - 2024,23-Jan 9pm,20237.2,
Uttar Pradesh - 2024,23-Jan 10pm,18029.76,
Uttar Pradesh - 2024,23-Jan 11pm,15687.28,
Uttar Pradesh - 2024,24-Jan 12am,13915.52,
Uttar Pradesh - 2024,24-Jan 1am,12910.97,
Uttar Pradesh - 2024,24-Jan 2am,12357.1,
Uttar Pradesh - 2024,24-Jan 3am,12048.41,
Uttar Pradesh - 2024,24-Jan 4am,12437.2,
Uttar Pradesh - 2024,24-Jan 5am,13641.14,
Uttar Pradesh - 2024,24-Jan 6am,15352.57,
Uttar Pradesh - 2024,24-Jan 7am,16260.39,
Uttar Pradesh - 2024,24-Jan 8am,16754.65,
Uttar Pradesh - 2024,24-Jan 9am,16909.22,
Uttar Pradesh - 2024,24-Jan 10am,18004.35,
Uttar Pradesh - 2024,24-Jan 11am,18288.64,
Uttar Pradesh - 2024,24-Jan 12pm,18567.42,
Uttar Pradesh - 2024,24-Jan 1pm,19107.48,
Uttar Pradesh - 2024,24-Jan 2pm,18258.2,
Uttar Pradesh - 2024,24-Jan 3pm,15742.41,
Uttar Pradesh - 2024,24-Jan 4pm,14159.66,
Uttar Pradesh - 2024,24-Jan 5pm,17292.82,
Uttar Pradesh - 2024,24-Jan 6pm,19055.23,
Uttar Pradesh - 2024,24-Jan 7pm,19706.68,
Uttar Pradesh - 2024,24-Jan 8pm,20904.53,
Uttar Pradesh - 2024,24-Jan 9pm,20414.34,
Uttar Pradesh - 2024,24-Jan 10pm,18214.62,
Uttar Pradesh - 2024,24-Jan 11pm,15986.67,
Uttar Pradesh - 2024,25-Jan 12am,14265.21,
Uttar Pradesh - 2024,25-Jan 1am,13212.4,
Uttar Pradesh - 2024,25-Jan 2am,12711.66,
Uttar Pradesh - 2024,25-Jan 3am,12462.98,
Uttar Pradesh - 2024,25-Jan 4am,12854.43,
Uttar Pradesh - 2024,25-Jan 5am,14148.28,
Uttar Pradesh - 2024,25-Jan 6am,15112.34,
Uttar Pradesh - 2024,25-Jan 7am,15857.45,
Uttar Pradesh - 2024,25-Jan 8am,16396.77,
Uttar Pradesh - 2024,25-Jan 9am,17134.87,
Uttar Pradesh - 2024,25-Jan 10am,18365.49,
Uttar Pradesh - 2024,25-Jan 11am,18977.35,
Uttar Pradesh - 2024,25-Jan 12pm,18960.07,
Uttar Pradesh - 2024,25-Jan 1pm,18588.97,
Uttar Pradesh - 2024,25-Jan 2pm,17400.71,
Uttar Pradesh - 2024,25-Jan 3pm,15264.76,
Uttar Pradesh - 2024,25-Jan 4pm,14541.17,
Uttar Pradesh - 2024,25-Jan 5pm,17570.79,
Uttar Pradesh - 2024,25-Jan 6pm,18880.41,
Uttar Pradesh - 2024,25-Jan 7pm,19407.64,
Uttar Pradesh - 2024,25-Jan 8pm,20744.76,
Uttar Pradesh - 2024,25-Jan 9pm,20246.69,
Uttar Pradesh - 2024,25-Jan 10pm,18258.21,
Uttar Pradesh - 2024,25-Jan 11pm,16027.06,
Uttar Pradesh - 2024,26-Jan 12am,14318.26,
Uttar Pradesh - 2024,26-Jan 1am,13262.09,
Uttar Pradesh - 2024,26-Jan 2am,12688.19,
Uttar Pradesh - 2024,26-Jan 3am,12507.78,
Uttar Pradesh - 2024,26-Jan 4am,12978.84,
Uttar Pradesh - 2024,26-Jan 5am,14279.49,
Uttar Pradesh - 2024,26-Jan 6am,16126.21,
Uttar Pradesh - 2024,26-Jan 7am,18110.17,
Uttar Pradesh - 2024,26-Jan 8am,18955.63,
Uttar Pradesh - 2024,26-Jan 9am,19515.56,
Uttar Pradesh - 2024,26-Jan 10am,21529.81,
Uttar Pradesh - 2024,26-Jan 11am,22289.01,
Uttar Pradesh - 2024,26-Jan 12pm,20928.31,
Uttar Pradesh - 2024,26-Jan 1pm,18657.05,
Uttar Pradesh - 2024,26-Jan 2pm,16354.11,
Uttar Pradesh - 2024,26-Jan 3pm,14972.75,
Uttar Pradesh - 2024,26-Jan 4pm,14730.85,
Uttar Pradesh - 2024,26-Jan 5pm,16425.38,
Uttar Pradesh - 2024,26-Jan 6pm,20026.26,
Uttar Pradesh - 2024,26-Jan 7pm,21079.18,
Uttar Pradesh - 2024,26-Jan 8pm,20487.46,
Uttar Pradesh - 2024,26-Jan 9pm,19040.78,
Uttar Pradesh - 2024,26-Jan 10pm,16733.87,
Uttar Pradesh - 2024,26-Jan 11pm,14632.34,
Uttar Pradesh - 2024,27-Jan 12am,13163.6,
Uttar Pradesh - 2024,27-Jan 1am,12217.45,
Uttar Pradesh - 2024,27-Jan 2am,11733.26,
Uttar Pradesh - 2024,27-Jan 3am,11565.98,
Uttar Pradesh - 2024,27-Jan 4am,11999.56,
Uttar Pradesh - 2024,27-Jan 5am,12917.38,
Uttar Pradesh - 2024,27-Jan 6am,14328.93,
Uttar Pradesh - 2024,27-Jan 7am,15988.94,
Uttar Pradesh - 2024,27-Jan 8am,16603.88,
Uttar Pradesh - 2024,27-Jan 9am,16949.4,
Uttar Pradesh - 2024,27-Jan 10am,18233.68,
Uttar Pradesh - 2024,27-Jan 11am,18714.98,
Uttar Pradesh - 2024,27-Jan 12pm,18004.38,
Uttar Pradesh - 2024,27-Jan 1pm,16121.99,
Uttar Pradesh - 2024,27-Jan 2pm,14260.71,
Uttar Pradesh - 2024,27-Jan 3pm,12522.1,
Uttar Pradesh - 2024,27-Jan 4pm,12023.87,
Uttar Pradesh - 2024,27-Jan 5pm,16191.6,
Uttar Pradesh - 2024,27-Jan 6pm,20241.78,
Uttar Pradesh - 2024,27-Jan 7pm,21160.95,
Uttar Pradesh - 2024,27-Jan 8pm,20801.9,
Uttar Pradesh - 2024,27-Jan 9pm,19318.55,
Uttar Pradesh - 2024,27-Jan 10pm,17107.14,
Uttar Pradesh - 2024,27-Jan 11pm,15017.52,
Uttar Pradesh - 2024,28-Jan 12am,13510.49,
Uttar Pradesh - 2024,28-Jan 1am,12628.23,
Uttar Pradesh - 2024,28-Jan 2am,12152.73,
Uttar Pradesh - 2024,28-Jan 3am,11967.44,
Uttar Pradesh - 2024,28-Jan 4am,12337.84,
Uttar Pradesh - 2024,28-Jan 5am,13384.53,
Uttar Pradesh - 2024,28-Jan 6am,14359.25,
Uttar Pradesh - 2024,28-Jan 7am,15788.32,
Uttar Pradesh - 2024,28-Jan 8am,16872.27,
Uttar Pradesh - 2024,28-Jan 9am,17646.97,
Uttar Pradesh - 2024,28-Jan 10am,18416.68,
Uttar Pradesh - 2024,28-Jan 11am,18126.64,
Uttar Pradesh - 2024,28-Jan 12pm,17385.95,
Uttar Pradesh - 2024,28-Jan 1pm,16091.07,
Uttar Pradesh - 2024,28-Jan 2pm,13783.01,
Uttar Pradesh - 2024,28-Jan 3pm,12385.67,
Uttar Pradesh - 2024,28-Jan 4pm,13067.28,
Uttar Pradesh - 2024,28-Jan 5pm,17270.72,
Uttar Pradesh - 2024,28-Jan 6pm,20734.71,
Uttar Pradesh - 2024,28-Jan 7pm,21460.36,
Uttar Pradesh - 2024,28-Jan 8pm,20634.11,
Uttar Pradesh - 2024,28-Jan 9pm,19129.1,
Uttar Pradesh - 2024,28-Jan 10pm,16848.55,
Uttar Pradesh - 2024,28-Jan 11pm,14777.39,
Uttar Pradesh - 2024,29-Jan 12am,13293.77,
Uttar Pradesh - 2024,29-Jan 1am,12355.14,
Uttar Pradesh - 2024,29-Jan 2am,11952.95,
Uttar Pradesh - 2024,29-Jan 3am,11873.13,
Uttar Pradesh - 2024,29-Jan 4am,12414.07,
Uttar Pradesh - 2024,29-Jan 5am,13581.66,
Uttar Pradesh - 2024,29-Jan 6am,14461.13,
Uttar Pradesh - 2024,29-Jan 7am,15544.58,
Uttar Pradesh - 2024,29-Jan 8am,16949.08,
Uttar Pradesh - 2024,29-Jan 9am,17795.22,
Uttar Pradesh - 2024,29-Jan 10am,18816.84,
Uttar Pradesh - 2024,29-Jan 11am,19024.02,
Uttar Pradesh - 2024,29-Jan 12pm,17932.87,
Uttar Pradesh - 2024,29-Jan 1pm,15866.71,
Uttar Pradesh - 2024,29-Jan 2pm,13612.62,
Uttar Pradesh - 2024,29-Jan 3pm,11844.87,
Uttar Pradesh - 2024,29-Jan 4pm,13080.69,
Uttar Pradesh - 2024,29-Jan 5pm,16306.13,
Uttar Pradesh - 2024,29-Jan 6pm,19190.33,
Uttar Pradesh - 2024,29-Jan 7pm,19728.17,
Uttar Pradesh - 2024,29-Jan 8pm,20305.27,
Uttar Pradesh - 2024,29-Jan 9pm,19199.52,
Uttar Pradesh - 2024,29-Jan 10pm,17107.3,
Uttar Pradesh - 2024,29-Jan 11pm,14890.5,
Uttar Pradesh - 2024,30-Jan 12am,13426.89,
Uttar Pradesh - 2024,30-Jan 1am,12575.76,
Uttar Pradesh - 2024,30-Jan 2am,12120.39,
Uttar Pradesh - 2024,30-Jan 3am,11978.23,
Uttar Pradesh - 2024,30-Jan 4am,12506.79,
Uttar Pradesh - 2024,30-Jan 5am,13933.46,
Uttar Pradesh - 2024,30-Jan 6am,14671.95,
Uttar Pradesh - 2024,30-Jan 7am,14713.17,
Uttar Pradesh - 2024,30-Jan 8am,16337.06,
Uttar Pradesh - 2024,30-Jan 9am,16913.03,
Uttar Pradesh - 2024,30-Jan 10am,18108.88,
Uttar Pradesh - 2024,30-Jan 11am,18392.89,
Uttar Pradesh - 2024,30-Jan 12pm,17654.22,
Uttar Pradesh - 2024,30-Jan 1pm,15765.93,
Uttar Pradesh - 2024,30-Jan 2pm,14021.27,
Uttar Pradesh - 2024,30-Jan 3pm,12431.41,
Uttar Pradesh - 2024,30-Jan 4pm,12726.76,
Uttar Pradesh - 2024,30-Jan 5pm,16181.01,
Uttar Pradesh - 2024,30-Jan 6pm,18354.3,
Uttar Pradesh - 2024,30-Jan 7pm,17993.56,
Uttar Pradesh - 2024,30-Jan 8pm,18995.33,
Uttar Pradesh - 2024,30-Jan 9pm,18357.03,
Uttar Pradesh - 2024,30-Jan 10pm,16273.25,
Uttar Pradesh - 2024,30-Jan 11pm,14414.59,
Uttar Pradesh - 2024,31-Jan 12am,13077.55,
Uttar Pradesh - 2024,31-Jan 1am,12289.36,
Uttar Pradesh - 2024,31-Jan 2am,11870.76,
Uttar Pradesh - 2024,31-Jan 3am,11781.59,
Uttar Pradesh - 2024,31-Jan 4am,12249.96,
Uttar Pradesh - 2024,31-Jan 5am,13719.11,
Uttar Pradesh - 2024,31-Jan 6am,13930.72,
Uttar Pradesh - 2024,31-Jan 7am,14528.99,
Uttar Pradesh - 2024,31-Jan 8am,16287.34,
Uttar Pradesh - 2024,31-Jan 9am,17122.59,
Uttar Pradesh - 2024,31-Jan 10am,18099.29,
Uttar Pradesh - 2024,31-Jan 11am,17711.34,
Uttar Pradesh - 2024,31-Jan 12pm,16797.66,
Uttar Pradesh - 2024,31-Jan 1pm,15289.71,
Uttar Pradesh - 2024,31-Jan 2pm,13051.8,
Uttar Pradesh - 2024,31-Jan 3pm,11881.46,
Uttar Pradesh - 2024,31-Jan 4pm,12239.42,
Uttar Pradesh - 2024,31-Jan 5pm,15167.87,
Uttar Pradesh - 2024,31-Jan 6pm,17827.11,
Uttar Pradesh - 2024,31-Jan 7pm,18242.41,
Uttar Pradesh - 2024,31-Jan 8pm,18189.12,
Uttar Pradesh - 2024,31-Jan 9pm,16520.07,
Uttar Pradesh - 2024,31-Jan 10pm,14577.65,
Uttar Pradesh - 2024,31-Jan 11pm,12613.75,
Uttar Pradesh - 2024,01-Feb 12am,11147.12,
Uttar Pradesh - 2024,01-Feb 1am,10198.56,
Uttar Pradesh - 2024,01-Feb 2am,9570.57,
Uttar Pradesh - 2024,01-Feb 3am,9193.87,
Uttar Pradesh - 2024,01-Feb 4am,9370.26,
Uttar Pradesh - 2024,01-Feb 5am,10449.31,
Uttar Pradesh - 2024,01-Feb 6am,10947.13,
Uttar Pradesh - 2024,01-Feb 7am,11988.09,
Uttar Pradesh - 2024,01-Feb 8am,12886.36,
Uttar Pradesh - 2024,01-Feb 9am,14056.89,
Uttar Pradesh - 2024,01-Feb 10am,14224.46,
Uttar Pradesh - 2024,01-Feb 11am,13841.34,
Uttar Pradesh - 2024,01-Feb 12pm,12633.97,
Uttar Pradesh - 2024,01-Feb 1pm,12309.25,
Uttar Pradesh - 2024,01-Feb 2pm,11657.27,
Uttar Pradesh - 2024,01-Feb 3pm,11490.95,
Uttar Pradesh - 2024,01-Feb 4pm,11310.43,
Uttar Pradesh - 2024,01-Feb 5pm,15029.28,
Uttar Pradesh - 2024,01-Feb 6pm,18355.16,
Uttar Pradesh - 2024,01-Feb 7pm,18716.21,
Uttar Pradesh - 2024,01-Feb 8pm,18553.07,
Uttar Pradesh - 2024,01-Feb 9pm,17068.97,
Uttar Pradesh - 2024,01-Feb 10pm,15091.14,
Uttar Pradesh - 2024,01-Feb 11pm,13300.67,
Uttar Pradesh - 2024,02-Feb 12am,12037.44,
Uttar Pradesh - 2024,02-Feb 1am,11376.58,
Uttar Pradesh - 2024,02-Feb 2am,10934.76,
Uttar Pradesh - 2024,02-Feb 3am,10858.41,
Uttar Pradesh - 2024,02-Feb 4am,11354.04,
Uttar Pradesh - 2024,02-Feb 5am,12909.54,
Uttar Pradesh - 2024,02-Feb 6am,13221.13,
Uttar Pradesh - 2024,02-Feb 7am,13971,
Uttar Pradesh - 2024,02-Feb 8am,14062.46,
Uttar Pradesh - 2024,02-Feb 9am,15100.78,
Uttar Pradesh - 2024,02-Feb 10am,16300.9,
Uttar Pradesh - 2024,02-Feb 11am,16342.07,
Uttar Pradesh - 2024,02-Feb 12pm,14598.01,
Uttar Pradesh - 2024,02-Feb 1pm,12853.6,
Uttar Pradesh - 2024,02-Feb 2pm,11436.08,
Uttar Pradesh - 2024,02-Feb 3pm,10447.01,
Uttar Pradesh - 2024,02-Feb 4pm,10084.2,
Uttar Pradesh - 2024,02-Feb 5pm,13720.7,
Uttar Pradesh - 2024,02-Feb 6pm,17355.65,
Uttar Pradesh - 2024,02-Feb 7pm,18526.47,
Uttar Pradesh - 2024,02-Feb 8pm,18281.76,
Uttar Pradesh - 2024,02-Feb 9pm,16850.59,
Uttar Pradesh - 2024,02-Feb 10pm,14828.35,
Uttar Pradesh - 2024,02-Feb 11pm,12975.61,
Uttar Pradesh - 2024,03-Feb 12am,11808.76,
Uttar Pradesh - 2024,03-Feb 1am,11049.56,
Uttar Pradesh - 2024,03-Feb 2am,10684.81,
Uttar Pradesh - 2024,03-Feb 3am,10650.1,
Uttar Pradesh - 2024,03-Feb 4am,11158.53,
Uttar Pradesh - 2024,03-Feb 5am,12663.42,
Uttar Pradesh - 2024,03-Feb 6am,13881.57,
Uttar Pradesh - 2024,03-Feb 7am,14421.63,
Uttar Pradesh - 2024,03-Feb 8am,14273.05,
Uttar Pradesh - 2024,03-Feb 9am,14474.98,
Uttar Pradesh - 2024,03-Feb 10am,15030.61,
Uttar Pradesh - 2024,03-Feb 11am,14714.2,
Uttar Pradesh - 2024,03-Feb 12pm,13548.41,
Uttar Pradesh - 2024,03-Feb 1pm,12041.97,
Uttar Pradesh - 2024,03-Feb 2pm,11196.61,
Uttar Pradesh - 2024,03-Feb 3pm,10701.77,
Uttar Pradesh - 2024,03-Feb 4pm,11263.99,
Uttar Pradesh - 2024,03-Feb 5pm,14584.69,
Uttar Pradesh - 2024,03-Feb 6pm,18278.53,
Uttar Pradesh - 2024,03-Feb 7pm,19189.66,
Uttar Pradesh - 2024,03-Feb 8pm,18480.63,
Uttar Pradesh - 2024,03-Feb 9pm,16890.83,
Uttar Pradesh - 2024,03-Feb 10pm,14957.49,
Uttar Pradesh - 2024,03-Feb 11pm,13328.65,
Uttar Pradesh - 2024,04-Feb 12am,12208.73,
Uttar Pradesh - 2024,04-Feb 1am,11444.91,
Uttar Pradesh - 2024,04-Feb 2am,11045.84,
Uttar Pradesh - 2024,04-Feb 3am,10907.54,
Uttar Pradesh - 2024,04-Feb 4am,11167.58,
Uttar Pradesh - 2024,04-Feb 5am,12333.33,
Uttar Pradesh - 2024,04-Feb 6am,12848.78,
Uttar Pradesh - 2024,04-Feb 7am,13104.98,
Uttar Pradesh - 2024,04-Feb 8am,13301.35,
Uttar Pradesh - 2024,04-Feb 9am,13783.83,
Uttar Pradesh - 2024,04-Feb 10am,14531.17,
Uttar Pradesh - 2024,04-Feb 11am,15259.9,
Uttar Pradesh - 2024,04-Feb 12pm,15063.36,
Uttar Pradesh - 2024,04-Feb 1pm,13620.21,
Uttar Pradesh - 2024,04-Feb 2pm,12407.46,
Uttar Pradesh - 2024,04-Feb 3pm,10782.67,
Uttar Pradesh - 2024,04-Feb 4pm,9836.96,
Uttar Pradesh - 2024,04-Feb 5pm,13506.58,
Uttar Pradesh - 2024,04-Feb 6pm,16968.77,
Uttar Pradesh - 2024,04-Feb 7pm,17388.49,
Uttar Pradesh - 2024,04-Feb 8pm,16010.74,
Uttar Pradesh - 2024,04-Feb 9pm,14072.12,
Uttar Pradesh - 2024,04-Feb 10pm,11987.02,
Uttar Pradesh - 2024,04-Feb 11pm,10463.86,
Uttar Pradesh - 2024,05-Feb 12am,9228.17,
Uttar Pradesh - 2024,05-Feb 1am,8375.8,
Uttar Pradesh - 2024,05-Feb 2am,7929.98,
Uttar Pradesh - 2024,05-Feb 3am,7809.07,
Uttar Pradesh - 2024,05-Feb 4am,8077.78,
Uttar Pradesh - 2024,05-Feb 5am,8908.03,
Uttar Pradesh - 2024,05-Feb 6am,9218.77,
Uttar Pradesh - 2024,05-Feb 7am,9869.19,
Uttar Pradesh - 2024,05-Feb 8am,11671.69,
Uttar Pradesh - 2024,05-Feb 9am,13541.46,
Uttar Pradesh - 2024,05-Feb 10am,15070.37,
Uttar Pradesh - 2024,05-Feb 11am,14762.67,
Uttar Pradesh - 2024,05-Feb 12pm,13855.02,
Uttar Pradesh - 2024,05-Feb 1pm,12460.11,
Uttar Pradesh - 2024,05-Feb 2pm,11804.04,
Uttar Pradesh - 2024,05-Feb 3pm,10570.81,
Uttar Pradesh - 2024,05-Feb 4pm,10782.72,
Uttar Pradesh - 2024,05-Feb 5pm,13956.36,
Uttar Pradesh - 2024,05-Feb 6pm,17283.37,
Uttar Pradesh - 2024,05-Feb 7pm,17927.87,
Uttar Pradesh - 2024,05-Feb 8pm,17455.76,
Uttar Pradesh - 2024,05-Feb 9pm,15870.31,
Uttar Pradesh - 2024,05-Feb 10pm,13967.72,
Uttar Pradesh - 2024,05-Feb 11pm,12337,
Uttar Pradesh - 2024,06-Feb 12am,11020.59,
Uttar Pradesh - 2024,06-Feb 1am,10347.3,
Uttar Pradesh - 2024,06-Feb 2am,10020.99,
Uttar Pradesh - 2024,06-Feb 3am,9913.36,
Uttar Pradesh - 2024,06-Feb 4am,10329.07,
Uttar Pradesh - 2024,06-Feb 5am,11212.37,
Uttar Pradesh - 2024,06-Feb 6am,11310.87,
Uttar Pradesh - 2024,06-Feb 7am,12681.69,
Uttar Pradesh - 2024,06-Feb 8am,13726.26,
Uttar Pradesh - 2024,06-Feb 9am,14366.74,
Uttar Pradesh - 2024,06-Feb 10am,15523.63,
Uttar Pradesh - 2024,06-Feb 11am,15152.17,
Uttar Pradesh - 2024,06-Feb 12pm,13929.06,
Uttar Pradesh - 2024,06-Feb 1pm,12219.01,
Uttar Pradesh - 2024,06-Feb 2pm,10913.69,
Uttar Pradesh - 2024,06-Feb 3pm,9441.93,
Uttar Pradesh - 2024,06-Feb 4pm,9091.46,
Uttar Pradesh - 2024,06-Feb 5pm,12564.59,
Uttar Pradesh - 2024,06-Feb 6pm,16681.91,
Uttar Pradesh - 2024,06-Feb 7pm,17965.9,
Uttar Pradesh - 2024,06-Feb 8pm,17290.9,
Uttar Pradesh - 2024,06-Feb 9pm,15744.68,
Uttar Pradesh - 2024,06-Feb 10pm,13808.68,
Uttar Pradesh - 2024,06-Feb 11pm,12180.12,
Uttar Pradesh - 2024,07-Feb 12am,11018.61,
Uttar Pradesh - 2024,07-Feb 1am,10395.55,
Uttar Pradesh - 2024,07-Feb 2am,10096.12,
Uttar Pradesh - 2024,07-Feb 3am,10064.29,
Uttar Pradesh - 2024,07-Feb 4am,10640.18,
Uttar Pradesh - 2024,07-Feb 5am,11864.65,
Uttar Pradesh - 2024,07-Feb 6am,12109.23,
Uttar Pradesh - 2024,07-Feb 7am,13221.9,
Uttar Pradesh - 2024,07-Feb 8am,14224.01,
Uttar Pradesh - 2024,07-Feb 9am,14833.45,
Uttar Pradesh - 2024,07-Feb 10am,14861.33,
Uttar Pradesh - 2024,07-Feb 11am,13570.91,
Uttar Pradesh - 2024,07-Feb 12pm,11973.26,
Uttar Pradesh - 2024,07-Feb 1pm,10679.81,
Uttar Pradesh - 2024,07-Feb 2pm,10647.84,
Uttar Pradesh - 2024,07-Feb 3pm,9428.62,
Uttar Pradesh - 2024,07-Feb 4pm,8750.92,
Uttar Pradesh - 2024,07-Feb 5pm,12502.86,
Uttar Pradesh - 2024,07-Feb 6pm,16953.77,
Uttar Pradesh - 2024,07-Feb 7pm,18554.84,
Uttar Pradesh - 2024,07-Feb 8pm,17742.25,
Uttar Pradesh - 2024,07-Feb 9pm,16126.86,
Uttar Pradesh - 2024,07-Feb 10pm,14026.84,
Uttar Pradesh - 2024,07-Feb 11pm,12310.03,
Uttar Pradesh - 2024,08-Feb 12am,11162.5,
Uttar Pradesh - 2024,08-Feb 1am,10486.82,
Uttar Pradesh - 2024,08-Feb 2am,10096.08,
Uttar Pradesh - 2024,08-Feb 3am,10056.09,
Uttar Pradesh - 2024,08-Feb 4am,10669.83,
Uttar Pradesh - 2024,08-Feb 5am,11287.98,
Uttar Pradesh - 2024,08-Feb 6am,11481.29,
Uttar Pradesh - 2024,08-Feb 7am,13106.65,
Uttar Pradesh - 2024,08-Feb 8am,14448.04,
Uttar Pradesh - 2024,08-Feb 9am,15194.54,
Uttar Pradesh - 2024,08-Feb 10am,14511.92,
Uttar Pradesh - 2024,08-Feb 11am,13237.91,
Uttar Pradesh - 2024,08-Feb 12pm,11396.91,
Uttar Pradesh - 2024,08-Feb 1pm,10805.69,
Uttar Pradesh - 2024,08-Feb 2pm,10676.64,
Uttar Pradesh - 2024,08-Feb 3pm,9533.69,
Uttar Pradesh - 2024,08-Feb 4pm,9285.12,
Uttar Pradesh - 2024,08-Feb 5pm,13521.74,
Uttar Pradesh - 2024,08-Feb 6pm,17424.88,
Uttar Pradesh - 2024,08-Feb 7pm,19011.33,
Uttar Pradesh - 2024,08-Feb 8pm,18590.62,
Uttar Pradesh - 2024,08-Feb 9pm,17005.42,
Uttar Pradesh - 2024,08-Feb 10pm,14848.28,
Uttar Pradesh - 2024,08-Feb 11pm,13109.3,
Uttar Pradesh - 2024,09-Feb 12am,11917.99,
Uttar Pradesh - 2024,09-Feb 1am,11203.44,
Uttar Pradesh - 2024,09-Feb 2am,10906.94,
Uttar Pradesh - 2024,09-Feb 3am,10889.62,
Uttar Pradesh - 2024,09-Feb 4am,11551.95,
Uttar Pradesh - 2024,09-Feb 5am,12728.93,
Uttar Pradesh - 2024,09-Feb 6am,12314.1,
Uttar Pradesh - 2024,09-Feb 7am,12323.75,
Uttar Pradesh - 2024,09-Feb 8am,14461.31,
Uttar Pradesh - 2024,09-Feb 9am,16394.7,
Uttar Pradesh - 2024,09-Feb 10am,17168.91,
Uttar Pradesh - 2024,09-Feb 11am,16512.88,
Uttar Pradesh - 2024,09-Feb 12pm,14860.76,
Uttar Pradesh - 2024,09-Feb 1pm,13286.86,
Uttar Pradesh - 2024,09-Feb 2pm,12334.49,
Uttar Pradesh - 2024,09-Feb 3pm,11457.07,
Uttar Pradesh - 2024,09-Feb 4pm,11170.04,
Uttar Pradesh - 2024,09-Feb 5pm,13367.06,
Uttar Pradesh - 2024,09-Feb 6pm,17107.71,
Uttar Pradesh - 2024,09-Feb 7pm,17925.94,
Uttar Pradesh - 2024,09-Feb 8pm,17857.46,
Uttar Pradesh - 2024,09-Feb 9pm,16711.1,
Uttar Pradesh - 2024,09-Feb 10pm,14736.01,
Uttar Pradesh - 2024,09-Feb 11pm,13053.54,
Uttar Pradesh - 2024,10-Feb 12am,11927.37,
Uttar Pradesh - 2024,10-Feb 1am,11279.4,
Uttar Pradesh - 2024,10-Feb 2am,10951.74,
Uttar Pradesh - 2024,10-Feb 3am,10878.19,
Uttar Pradesh - 2024,10-Feb 4am,11502.16,
Uttar Pradesh - 2024,10-Feb 5am,12531.92,
Uttar Pradesh - 2024,10-Feb 6am,11974.26,
Uttar Pradesh - 2024,10-Feb 7am,13038.9,
Uttar Pradesh - 2024,10-Feb 8am,14239.82,
Uttar Pradesh - 2024,10-Feb 9am,15807.24,
Uttar Pradesh - 2024,10-Feb 10am,16781.65,
Uttar Pradesh - 2024,10-Feb 11am,15794.85,
Uttar Pradesh - 2024,10-Feb 12pm,14580.05,
Uttar Pradesh - 2024,10-Feb 1pm,13276.57,
Uttar Pradesh - 2024,10-Feb 2pm,12693.2,
Uttar Pradesh - 2024,10-Feb 3pm,11528.42,
Uttar Pradesh - 2024,10-Feb 4pm,11106.66,
Uttar Pradesh - 2024,10-Feb 5pm,13556.76,
Uttar Pradesh - 2024,10-Feb 6pm,17430.7,
Uttar Pradesh - 2024,10-Feb 7pm,18741.51,
Uttar Pradesh - 2024,10-Feb 8pm,18306.41,
Uttar Pradesh - 2024,10-Feb 9pm,16761.72,
Uttar Pradesh - 2024,10-Feb 10pm,14743.42,
Uttar Pradesh - 2024,10-Feb 11pm,13087.84,
Uttar Pradesh - 2024,11-Feb 12am,11954.38,
Uttar Pradesh - 2024,11-Feb 1am,11224.38,
Uttar Pradesh - 2024,11-Feb 2am,10962.77,
Uttar Pradesh - 2024,11-Feb 3am,10912.17,
Uttar Pradesh - 2024,11-Feb 4am,11462.83,
Uttar Pradesh - 2024,11-Feb 5am,13012.62,
Uttar Pradesh - 2024,11-Feb 6am,13438.24,
Uttar Pradesh - 2024,11-Feb 7am,13696.96,
Uttar Pradesh - 2024,11-Feb 8am,14964.65,
Uttar Pradesh - 2024,11-Feb 9am,15066.38,
Uttar Pradesh - 2024,11-Feb 10am,15775.45,
Uttar Pradesh - 2024,11-Feb 11am,14883.17,
Uttar Pradesh - 2024,11-Feb 12pm,14657.23,
Uttar Pradesh - 2024,11-Feb 1pm,13394.66,
Uttar Pradesh - 2024,11-Feb 2pm,12856.74,
Uttar Pradesh - 2024,11-Feb 3pm,11296.04,
Uttar Pradesh - 2024,11-Feb 4pm,10349.14,
Uttar Pradesh - 2024,11-Feb 5pm,13368.01,
Uttar Pradesh - 2024,11-Feb 6pm,16989.34,
Uttar Pradesh - 2024,11-Feb 7pm,18438.63,
Uttar Pradesh - 2024,11-Feb 8pm,17573.79,
Uttar Pradesh - 2024,11-Feb 9pm,15979.65,
Uttar Pradesh - 2024,11-Feb 10pm,14082.25,
Uttar Pradesh - 2024,11-Feb 11pm,12515.41,
Uttar Pradesh - 2024,12-Feb 12am,11413.51,
Uttar Pradesh - 2024,12-Feb 1am,10812.01,
Uttar Pradesh - 2024,12-Feb 2am,10547.51,
Uttar Pradesh - 2024,12-Feb 3am,10468.76,
Uttar Pradesh - 2024,12-Feb 4am,11158.71,
Uttar Pradesh - 2024,12-Feb 5am,12970.67,
Uttar Pradesh - 2024,12-Feb 6am,13222.86,
Uttar Pradesh - 2024,12-Feb 7am,13274.05,
Uttar Pradesh - 2024,12-Feb 8am,15048.41,
Uttar Pradesh - 2024,12-Feb 9am,16080.39,
Uttar Pradesh - 2024,12-Feb 10am,17115.31,
Uttar Pradesh - 2024,12-Feb 11am,16355.17,
Uttar Pradesh - 2024,12-Feb 12pm,14784.5,
Uttar Pradesh - 2024,12-Feb 1pm,13348.64,
Uttar Pradesh - 2024,12-Feb 2pm,12517.32,
Uttar Pradesh - 2024,12-Feb 3pm,11356.35,
Uttar Pradesh - 2024,12-Feb 4pm,11472.02,
Uttar Pradesh - 2024,12-Feb 5pm,13949.44,
Uttar Pradesh - 2024,12-Feb 6pm,17768.39,
Uttar Pradesh - 2024,12-Feb 7pm,18553.66,
Uttar Pradesh - 2024,12-Feb 8pm,17654.41,
Uttar Pradesh - 2024,12-Feb 9pm,15989.12,
Uttar Pradesh - 2024,12-Feb 10pm,14124.03,
Uttar Pradesh - 2024,12-Feb 11pm,12665.14,
Uttar Pradesh - 2024,13-Feb 12am,11594.14,
Uttar Pradesh - 2024,13-Feb 1am,10875.38,
Uttar Pradesh - 2024,13-Feb 2am,10504.22,
Uttar Pradesh - 2024,13-Feb 3am,10366.38,
Uttar Pradesh - 2024,13-Feb 4am,10723.21,
Uttar Pradesh - 2024,13-Feb 5am,11928.37,
Uttar Pradesh - 2024,13-Feb 6am,12106.88,
Uttar Pradesh - 2024,13-Feb 7am,12171.04,
Uttar Pradesh - 2024,13-Feb 8am,13422.53,
Uttar Pradesh - 2024,13-Feb 9am,15084.28,
Uttar Pradesh - 2024,13-Feb 10am,16421.01,
Uttar Pradesh - 2024,13-Feb 11am,15612.16,
Uttar Pradesh - 2024,13-Feb 12pm,14359.8,
Uttar Pradesh - 2024,13-Feb 1pm,12749.1,
Uttar Pradesh - 2024,13-Feb 2pm,12197.36,
Uttar Pradesh - 2024,13-Feb 3pm,11387.86,
Uttar Pradesh - 2024,13-Feb 4pm,11704.44,
Uttar Pradesh - 2024,13-Feb 5pm,13490.74,
Uttar Pradesh - 2024,13-Feb 6pm,17010.63,
Uttar Pradesh - 2024,13-Feb 7pm,18174.68,
Uttar Pradesh - 2024,13-Feb 8pm,17123,
Uttar Pradesh - 2024,13-Feb 9pm,15446.06,
Uttar Pradesh - 2024,13-Feb 10pm,13648.34,
Uttar Pradesh - 2024,13-Feb 11pm,12224.76,
Uttar Pradesh - 2024,14-Feb 12am,11211.39,
Uttar Pradesh - 2024,14-Feb 1am,10572.19,
Uttar Pradesh - 2024,14-Feb 2am,10210.71,
Uttar Pradesh - 2024,14-Feb 3am,10136.99,
Uttar Pradesh - 2024,14-Feb 4am,10587.52,
Uttar Pradesh - 2024,14-Feb 5am,11994.33,
Uttar Pradesh - 2024,14-Feb 6am,11911.31,
Uttar Pradesh - 2024,14-Feb 7am,12278.76,
Uttar Pradesh - 2024,14-Feb 8am,13598.05,
Uttar Pradesh - 2024,14-Feb 9am,15791.85,
Uttar Pradesh - 2024,14-Feb 10am,16611.58,
Uttar Pradesh - 2024,14-Feb 11am,16507.52,
Uttar Pradesh - 2024,14-Feb 12pm,15261.97,
Uttar Pradesh - 2024,14-Feb 1pm,13062.27,
Uttar Pradesh - 2024,14-Feb 2pm,12203.77,
Uttar Pradesh - 2024,14-Feb 3pm,11364.61,
Uttar Pradesh - 2024,14-Feb 4pm,11198.99,
Uttar Pradesh - 2024,14-Feb 5pm,13569.82,
Uttar Pradesh - 2024,14-Feb 6pm,16882.47,
Uttar Pradesh - 2024,14-Feb 7pm,18000.74,
Uttar Pradesh - 2024,14-Feb 8pm,16766.94,
Uttar Pradesh - 2024,14-Feb 9pm,15167.34,
Uttar Pradesh - 2024,14-Feb 10pm,13524.79,
Uttar Pradesh - 2024,14-Feb 11pm,12316.26,
Uttar Pradesh - 2024,15-Feb 12am,11423.13,
Uttar Pradesh - 2024,15-Feb 1am,10825.51,
Uttar Pradesh - 2024,15-Feb 2am,10506.72,
Uttar Pradesh - 2024,15-Feb 3am,10382.9,
Uttar Pradesh - 2024,15-Feb 4am,10902.34,
Uttar Pradesh - 2024,15-Feb 5am,11914.13,
Uttar Pradesh - 2024,15-Feb 6am,12068.16,
Uttar Pradesh - 2024,15-Feb 7am,12119.98,
Uttar Pradesh - 2024,15-Feb 8am,13915.32,
Uttar Pradesh - 2024,15-Feb 9am,15859.44,
Uttar Pradesh - 2024,15-Feb 10am,17098.42,
Uttar Pradesh - 2024,15-Feb 11am,16306.85,
Uttar Pradesh - 2024,15-Feb 12pm,15122.21,
Uttar Pradesh - 2024,15-Feb 1pm,13168.72,
Uttar Pradesh - 2024,15-Feb 2pm,12267.27,
Uttar Pradesh - 2024,15-Feb 3pm,11500.84,
Uttar Pradesh - 2024,15-Feb 4pm,11099.3,
Uttar Pradesh - 2024,15-Feb 5pm,13539.11,
Uttar Pradesh - 2024,15-Feb 6pm,16859.93,
Uttar Pradesh - 2024,15-Feb 7pm,18351.81,
Uttar Pradesh - 2024,15-Feb 8pm,17200.91,
Uttar Pradesh - 2024,15-Feb 9pm,15651.05,
Uttar Pradesh - 2024,15-Feb 10pm,13883.46,
Uttar Pradesh - 2024,15-Feb 11pm,12493.03,
Uttar Pradesh - 2024,16-Feb 12am,11526.69,
Uttar Pradesh - 2024,16-Feb 1am,10971.22,
Uttar Pradesh - 2024,16-Feb 2am,10622.54,
Uttar Pradesh - 2024,16-Feb 3am,10566.68,
Uttar Pradesh - 2024,16-Feb 4am,11178.83,
Uttar Pradesh - 2024,16-Feb 5am,12423.42,
Uttar Pradesh - 2024,16-Feb 6am,12583.42,
Uttar Pradesh - 2024,16-Feb 7am,12846.42,
Uttar Pradesh - 2024,16-Feb 8am,14493.73,
Uttar Pradesh - 2024,16-Feb 9am,16531.82,
Uttar Pradesh - 2024,16-Feb 10am,17948.46,
Uttar Pradesh - 2024,16-Feb 11am,17864.89,
Uttar Pradesh - 2024,16-Feb 12pm,16135.59,
Uttar Pradesh - 2024,16-Feb 1pm,14446.98,
Uttar Pradesh - 2024,16-Feb 2pm,12661.95,
Uttar Pradesh - 2024,16-Feb 3pm,11409.98,
Uttar Pradesh - 2024,16-Feb 4pm,10092.27,
Uttar Pradesh - 2024,16-Feb 5pm,13117.61,
Uttar Pradesh - 2024,16-Feb 6pm,16896.5,
Uttar Pradesh - 2024,16-Feb 7pm,18307.04,
Uttar Pradesh - 2024,16-Feb 8pm,17238.95,
Uttar Pradesh - 2024,16-Feb 9pm,15675.81,
Uttar Pradesh - 2024,16-Feb 10pm,13851,
Uttar Pradesh - 2024,16-Feb 11pm,12444.85,
Uttar Pradesh - 2024,17-Feb 12am,11637.21,
Uttar Pradesh - 2024,17-Feb 1am,11077.63,
Uttar Pradesh - 2024,17-Feb 2am,10742.17,
Uttar Pradesh - 2024,17-Feb 3am,10710.86,
Uttar Pradesh - 2024,17-Feb 4am,11325.54,
Uttar Pradesh - 2024,17-Feb 5am,12254.99,
Uttar Pradesh - 2024,17-Feb 6am,12184.94,
Uttar Pradesh - 2024,17-Feb 7am,12630.76,
Uttar Pradesh - 2024,17-Feb 8am,14762.75,
Uttar Pradesh - 2024,17-Feb 9am,16448.9,
Uttar Pradesh - 2024,17-Feb 10am,17668.97,
Uttar Pradesh - 2024,17-Feb 11am,17023.66,
Uttar Pradesh - 2024,17-Feb 12pm,15125.51,
Uttar Pradesh - 2024,17-Feb 1pm,13329.76,
Uttar Pradesh - 2024,17-Feb 2pm,12062.92,
Uttar Pradesh - 2024,17-Feb 3pm,11864.7,
Uttar Pradesh - 2024,17-Feb 4pm,11740.9,
Uttar Pradesh - 2024,17-Feb 5pm,13189.12,
Uttar Pradesh - 2024,17-Feb 6pm,16384.29,
Uttar Pradesh - 2024,17-Feb 7pm,18196.95,
Uttar Pradesh - 2024,17-Feb 8pm,17046.71,
Uttar Pradesh - 2024,17-Feb 9pm,15473.72,
Uttar Pradesh - 2024,17-Feb 10pm,13769.66,
Uttar Pradesh - 2024,17-Feb 11pm,12539.15,
Uttar Pradesh - 2024,18-Feb 12am,11583.91,
Uttar Pradesh - 2024,18-Feb 1am,11006.43,
Uttar Pradesh - 2024,18-Feb 2am,10695.09,
Uttar Pradesh - 2024,18-Feb 3am,10683.99,
Uttar Pradesh - 2024,18-Feb 4am,11133.92,
Uttar Pradesh - 2024,18-Feb 5am,12131.06,
Uttar Pradesh - 2024,18-Feb 6am,11587.29,
Uttar Pradesh - 2024,18-Feb 7am,11858.09,
Uttar Pradesh - 2024,18-Feb 8am,14082.84,
Uttar Pradesh - 2024,18-Feb 9am,16289.92,
Uttar Pradesh - 2024,18-Feb 10am,17625.45,
Uttar Pradesh - 2024,18-Feb 11am,17083.86,
Uttar Pradesh - 2024,18-Feb 12pm,15239.33,
Uttar Pradesh - 2024,18-Feb 1pm,13864.17,
Uttar Pradesh - 2024,18-Feb 2pm,12121.08,
Uttar Pradesh - 2024,18-Feb 3pm,11434.32,
Uttar Pradesh - 2024,18-Feb 4pm,10994.5,
Uttar Pradesh - 2024,18-Feb 5pm,12926.22,
Uttar Pradesh - 2024,18-Feb 6pm,15829.09,
Uttar Pradesh - 2024,18-Feb 7pm,17066.57,
Uttar Pradesh - 2024,18-Feb 8pm,16017.52,
Uttar Pradesh - 2024,18-Feb 9pm,14563.74,
Uttar Pradesh - 2024,18-Feb 10pm,12992.75,
Uttar Pradesh - 2024,18-Feb 11pm,11850.01,
Uttar Pradesh - 2024,19-Feb 12am,11146.68,
Uttar Pradesh - 2024,19-Feb 1am,10615.75,
Uttar Pradesh - 2024,19-Feb 2am,10333.1,
Uttar Pradesh - 2024,19-Feb 3am,10285.19,
Uttar Pradesh - 2024,19-Feb 4am,10818.13,
Uttar Pradesh - 2024,19-Feb 5am,11700.73,
Uttar Pradesh - 2024,19-Feb 6am,11772.95,
Uttar Pradesh - 2024,19-Feb 7am,12228.71,
Uttar Pradesh - 2024,19-Feb 8am,13990,
Uttar Pradesh - 2024,19-Feb 9am,15949.44,
Uttar Pradesh - 2024,19-Feb 10am,16256.92,
Uttar Pradesh - 2024,19-Feb 11am,14663.68,
Uttar Pradesh - 2024,19-Feb 12pm,12923.37,
Uttar Pradesh - 2024,19-Feb 1pm,11711.97,
Uttar Pradesh - 2024,19-Feb 2pm,10907.63,
Uttar Pradesh - 2024,19-Feb 3pm,9318.42,
Uttar Pradesh - 2024,19-Feb 4pm,9306.59,
Uttar Pradesh - 2024,19-Feb 5pm,12851.36,
Uttar Pradesh - 2024,19-Feb 6pm,16801.04,
Uttar Pradesh - 2024,19-Feb 7pm,17954.02,
Uttar Pradesh - 2024,19-Feb 8pm,16735.55,
Uttar Pradesh - 2024,19-Feb 9pm,15068.28,
Uttar Pradesh - 2024,19-Feb 10pm,13427.43,
Uttar Pradesh - 2024,19-Feb 11pm,12082.64,
Uttar Pradesh - 2024,20-Feb 12am,11334.17,
Uttar Pradesh - 2024,20-Feb 1am,10724.36,
Uttar Pradesh - 2024,20-Feb 2am,10202.25,
Uttar Pradesh - 2024,20-Feb 3am,9883.24,
Uttar Pradesh - 2024,20-Feb 4am,10412.59,
Uttar Pradesh - 2024,20-Feb 5am,11497.74,
Uttar Pradesh - 2024,20-Feb 6am,11066.9,
Uttar Pradesh - 2024,20-Feb 7am,12063.14,
Uttar Pradesh - 2024,20-Feb 8am,14261.22,
Uttar Pradesh - 2024,20-Feb 9am,16002.51,
Uttar Pradesh - 2024,20-Feb 10am,16478.16,
Uttar Pradesh - 2024,20-Feb 11am,14913.43,
Uttar Pradesh - 2024,20-Feb 12pm,12973.99,
Uttar Pradesh - 2024,20-Feb 1pm,11562.01,
Uttar Pradesh - 2024,20-Feb 2pm,11001.61,
Uttar Pradesh - 2024,20-Feb 3pm,10369.64,
Uttar Pradesh - 2024,20-Feb 4pm,10676.71,
Uttar Pradesh - 2024,20-Feb 5pm,13257.28,
Uttar Pradesh - 2024,20-Feb 6pm,16393.36,
Uttar Pradesh - 2024,20-Feb 7pm,17550.47,
Uttar Pradesh - 2024,20-Feb 8pm,16232.1,
Uttar Pradesh - 2024,20-Feb 9pm,14452.86,
Uttar Pradesh - 2024,20-Feb 10pm,12758.62,
Uttar Pradesh - 2024,20-Feb 11pm,11471.84,
Uttar Pradesh - 2024,21-Feb 12am,10346.61,
Uttar Pradesh - 2024,21-Feb 1am,9712.47,
Uttar Pradesh - 2024,21-Feb 2am,9372.35,
Uttar Pradesh - 2024,21-Feb 3am,8858.39,
Uttar Pradesh - 2024,21-Feb 4am,9128.12,
Uttar Pradesh - 2024,21-Feb 5am,10149.65,
Uttar Pradesh - 2024,21-Feb 6am,10812.46,
Uttar Pradesh - 2024,21-Feb 7am,11173.97,
Uttar Pradesh - 2024,21-Feb 8am,12366.43,
Uttar Pradesh - 2024,21-Feb 9am,13540.48,
Uttar Pradesh - 2024,21-Feb 10am,14901.6,
Uttar Pradesh - 2024,21-Feb 11am,14555.39,
Uttar Pradesh - 2024,21-Feb 12pm,13618.45,
Uttar Pradesh - 2024,21-Feb 1pm,12608.69,
Uttar Pradesh - 2024,21-Feb 2pm,11776.64,
Uttar Pradesh - 2024,21-Feb 3pm,10859.22,
Uttar Pradesh - 2024,21-Feb 4pm,10123,
Uttar Pradesh - 2024,21-Feb 5pm,12807.07,
Uttar Pradesh - 2024,21-Feb 6pm,15878.97,
Uttar Pradesh - 2024,21-Feb 7pm,17506.64,
Uttar Pradesh - 2024,21-Feb 8pm,16374.81,
Uttar Pradesh - 2024,21-Feb 9pm,14989.67,
Uttar Pradesh - 2024,21-Feb 10pm,13419.79,
Uttar Pradesh - 2024,21-Feb 11pm,12285.79,
Uttar Pradesh - 2024,22-Feb 12am,11486.92,
Uttar Pradesh - 2024,22-Feb 1am,10902.56,
Uttar Pradesh - 2024,22-Feb 2am,10565.32,
Uttar Pradesh - 2024,22-Feb 3am,10314.06,
Uttar Pradesh - 2024,22-Feb 4am,10810.12,
Uttar Pradesh - 2024,22-Feb 5am,11646.25,
Uttar Pradesh - 2024,22-Feb 6am,11380.25,
Uttar Pradesh - 2024,22-Feb 7am,11958.69,
Uttar Pradesh - 2024,22-Feb 8am,13970.99,
Uttar Pradesh - 2024,22-Feb 9am,15641.31,
Uttar Pradesh - 2024,22-Feb 10am,16183,
Uttar Pradesh - 2024,22-Feb 11am,15122.4,
Uttar Pradesh - 2024,22-Feb 12pm,13839.9,
Uttar Pradesh - 2024,22-Feb 1pm,12441.2,
Uttar Pradesh - 2024,22-Feb 2pm,11487.85,
Uttar Pradesh - 2024,22-Feb 3pm,10834.08,
Uttar Pradesh - 2024,22-Feb 4pm,10504.38,
Uttar Pradesh - 2024,22-Feb 5pm,12806.36,
Uttar Pradesh - 2024,22-Feb 6pm,15547.32,
Uttar Pradesh - 2024,22-Feb 7pm,17358.75,
Uttar Pradesh - 2024,22-Feb 8pm,16386.08,
Uttar Pradesh - 2024,22-Feb 9pm,15013.92,
Uttar Pradesh - 2024,22-Feb 10pm,13489.31,
Uttar Pradesh - 2024,22-Feb 11pm,12296.53,
Uttar Pradesh - 2024,23-Feb 12am,11574.55,
Uttar Pradesh - 2024,23-Feb 1am,11086.43,
Uttar Pradesh - 2024,23-Feb 2am,10705.21,
Uttar Pradesh - 2024,23-Feb 3am,10640.59,
Uttar Pradesh - 2024,23-Feb 4am,11109.56,
Uttar Pradesh - 2024,23-Feb 5am,11776.37,
Uttar Pradesh - 2024,23-Feb 6am,11687.61,
Uttar Pradesh - 2024,23-Feb 7am,12880.55,
Uttar Pradesh - 2024,23-Feb 8am,16000.97,
Uttar Pradesh - 2024,23-Feb 9am,16984.46,
Uttar Pradesh - 2024,23-Feb 10am,18115.35,
Uttar Pradesh - 2024,23-Feb 11am,17566.05,
Uttar Pradesh - 2024,23-Feb 12pm,15716.12,
Uttar Pradesh - 2024,23-Feb 1pm,13869.28,
Uttar Pradesh - 2024,23-Feb 2pm,13679.4,
Uttar Pradesh - 2024,23-Feb 3pm,12880.77,
Uttar Pradesh - 2024,23-Feb 4pm,12036.56,
Uttar Pradesh - 2024,23-Feb 5pm,12568.45,
Uttar Pradesh - 2024,23-Feb 6pm,15160,
Uttar Pradesh - 2024,23-Feb 7pm,17476.88,
Uttar Pradesh - 2024,23-Feb 8pm,16919.33,
Uttar Pradesh - 2024,23-Feb 9pm,15435.2,
Uttar Pradesh - 2024,23-Feb 10pm,13801.43,
Uttar Pradesh - 2024,23-Feb 11pm,12533.77,
Uttar Pradesh - 2024,24-Feb 12am,11742.71,
Uttar Pradesh - 2024,24-Feb 1am,11135.9,
Uttar Pradesh - 2024,24-Feb 2am,10849.43,
Uttar Pradesh - 2024,24-Feb 3am,10745.64,
Uttar Pradesh - 2024,24-Feb 4am,11258.85,
Uttar Pradesh - 2024,24-Feb 5am,11943.75,
Uttar Pradesh - 2024,24-Feb 6am,11652.45,
Uttar Pradesh - 2024,24-Feb 7am,12368.92,
Uttar Pradesh - 2024,24-Feb 8am,14498.89,
Uttar Pradesh - 2024,24-Feb 9am,16349.3,
Uttar Pradesh - 2024,24-Feb 10am,16916.75,
Uttar Pradesh - 2024,24-Feb 11am,16448.2,
Uttar Pradesh - 2024,24-Feb 12pm,15352.05,
Uttar Pradesh - 2024,24-Feb 1pm,13779.27,
Uttar Pradesh - 2024,24-Feb 2pm,13103.48,
Uttar Pradesh - 2024,24-Feb 3pm,11906.95,
Uttar Pradesh - 2024,24-Feb 4pm,11042.62,
Uttar Pradesh - 2024,24-Feb 5pm,12777.28,
Uttar Pradesh - 2024,24-Feb 6pm,16476.04,
Uttar Pradesh - 2024,24-Feb 7pm,18001.54,
Uttar Pradesh - 2024,24-Feb 8pm,17135.17,
Uttar Pradesh - 2024,24-Feb 9pm,15451.73,
Uttar Pradesh - 2024,24-Feb 10pm,13835.18,
Uttar Pradesh - 2024,24-Feb 11pm,12575.92,
Uttar Pradesh - 2024,25-Feb 12am,11748.33,
Uttar Pradesh - 2024,25-Feb 1am,11129.31,
Uttar Pradesh - 2024,25-Feb 2am,10843.95,
Uttar Pradesh - 2024,25-Feb 3am,10759.94,
Uttar Pradesh - 2024,25-Feb 4am,11209.56,
Uttar Pradesh - 2024,25-Feb 5am,11997.88,
Uttar Pradesh - 2024,25-Feb 6am,11911.28,
Uttar Pradesh - 2024,25-Feb 7am,11890.28,
Uttar Pradesh - 2024,25-Feb 8am,13881.25,
Uttar Pradesh - 2024,25-Feb 9am,16104.29,
Uttar Pradesh - 2024,25-Feb 10am,17116.63,
Uttar Pradesh - 2024,25-Feb 11am,16458.5,
Uttar Pradesh - 2024,25-Feb 12pm,14953.55,
Uttar Pradesh - 2024,25-Feb 1pm,13514.36,
Uttar Pradesh - 2024,25-Feb 2pm,12408.26,
Uttar Pradesh - 2024,25-Feb 3pm,11199.69,
Uttar Pradesh - 2024,25-Feb 4pm,10957.59,
Uttar Pradesh - 2024,25-Feb 5pm,13233.91,
Uttar Pradesh - 2024,25-Feb 6pm,16399.07,
Uttar Pradesh - 2024,25-Feb 7pm,17731.48,
Uttar Pradesh - 2024,25-Feb 8pm,16518.01,
Uttar Pradesh - 2024,25-Feb 9pm,14942.48,
Uttar Pradesh - 2024,25-Feb 10pm,13340.34,
Uttar Pradesh - 2024,25-Feb 11pm,12193.66,
Uttar Pradesh - 2024,26-Feb 12am,11402.52,
Uttar Pradesh - 2024,26-Feb 1am,10819.27,
Uttar Pradesh - 2024,26-Feb 2am,10551.93,
Uttar Pradesh - 2024,26-Feb 3am,10674.54,
Uttar Pradesh - 2024,26-Feb 4am,11401.91,
Uttar Pradesh - 2024,26-Feb 5am,12070.85,
Uttar Pradesh - 2024,26-Feb 6am,11904.8,
Uttar Pradesh - 2024,26-Feb 7am,12434.18,
Uttar Pradesh - 2024,26-Feb 8am,14922.91,
Uttar Pradesh - 2024,26-Feb 9am,16756.85,
Uttar Pradesh - 2024,26-Feb 10am,16282.55,
Uttar Pradesh - 2024,26-Feb 11am,15498.11,
Uttar Pradesh - 2024,26-Feb 12pm,14442.81,
Uttar Pradesh - 2024,26-Feb 1pm,13436.19,
Uttar Pradesh - 2024,26-Feb 2pm,13265.24,
Uttar Pradesh - 2024,26-Feb 3pm,11880.12,
Uttar Pradesh - 2024,26-Feb 4pm,11098.39,
Uttar Pradesh - 2024,26-Feb 5pm,13763.79,
Uttar Pradesh - 2024,26-Feb 6pm,16714.66,
Uttar Pradesh - 2024,26-Feb 7pm,17910.14,
Uttar Pradesh - 2024,26-Feb 8pm,16649.78,
Uttar Pradesh - 2024,26-Feb 9pm,15014.55,
Uttar Pradesh - 2024,26-Feb 10pm,13438.16,
Uttar Pradesh - 2024,26-Feb 11pm,12357.24,
Uttar Pradesh - 2024,27-Feb 12am,11583.4,
Uttar Pradesh - 2024,27-Feb 1am,10980.75,
Uttar Pradesh - 2024,27-Feb 2am,10831.45,
Uttar Pradesh - 2024,27-Feb 3am,10862.15,
Uttar Pradesh - 2024,27-Feb 4am,11337.88,
Uttar Pradesh - 2024,27-Feb 5am,12153.97,
Uttar Pradesh - 2024,27-Feb 6am,11920.38,
Uttar Pradesh - 2024,27-Feb 7am,13314.35,
Uttar Pradesh - 2024,27-Feb 8am,16655.4,
Uttar Pradesh - 2024,27-Feb 9am,17121.39,
Uttar Pradesh - 2024,27-Feb 10am,16819.67,
Uttar Pradesh - 2024,27-Feb 11am,15537.62,
Uttar Pradesh - 2024,27-Feb 12pm,13512,
Uttar Pradesh - 2024,27-Feb 1pm,12211.15,
Uttar Pradesh - 2024,27-Feb 2pm,12396.18,
Uttar Pradesh - 2024,27-Feb 3pm,12097.33,
Uttar Pradesh - 2024,27-Feb 4pm,11841.8,
Uttar Pradesh - 2024,27-Feb 5pm,12612.88,
Uttar Pradesh - 2024,27-Feb 6pm,14817.49,
Uttar Pradesh - 2024,27-Feb 7pm,17083.42,
Uttar Pradesh - 2024,27-Feb 8pm,16307.07,
Uttar Pradesh - 2024,27-Feb 9pm,14762.1,
Uttar Pradesh - 2024,27-Feb 10pm,13190.66,
Uttar Pradesh - 2024,27-Feb 11pm,12021.2,
Uttar Pradesh - 2024,28-Feb 12am,11281.33,
Uttar Pradesh - 2024,28-Feb 1am,10755.51,
Uttar Pradesh - 2024,28-Feb 2am,10434.24,
Uttar Pradesh - 2024,28-Feb 3am,10455.39,
Uttar Pradesh - 2024,28-Feb 4am,10922.94,
Uttar Pradesh - 2024,28-Feb 5am,11721.52,
Uttar Pradesh - 2024,28-Feb 6am,11240.2,
Uttar Pradesh - 2024,28-Feb 7am,12724.45,
Uttar Pradesh - 2024,28-Feb 8am,16429.72,
Uttar Pradesh - 2024,28-Feb 9am,17487.78,
Uttar Pradesh - 2024,28-Feb 10am,17651.31,
Uttar Pradesh - 2024,28-Feb 11am,16485.56,
Uttar Pradesh - 2024,28-Feb 12pm,14145.56,
Uttar Pradesh - 2024,28-Feb 1pm,12473.29,
Uttar Pradesh - 2024,28-Feb 2pm,11990.56,
Uttar Pradesh - 2024,28-Feb 3pm,11568.9,
Uttar Pradesh - 2024,28-Feb 4pm,11573.8,
Uttar Pradesh - 2024,28-Feb 5pm,12495.81,
Uttar Pradesh - 2024,28-Feb 6pm,14729.72,
Uttar Pradesh - 2024,28-Feb 7pm,17468.57,
Uttar Pradesh - 2024,28-Feb 8pm,16747.38,
Uttar Pradesh - 2024,28-Feb 9pm,15213.51,
Uttar Pradesh - 2024,28-Feb 10pm,13551.24,
Uttar Pradesh - 2024,28-Feb 11pm,12365.58,
Uttar Pradesh - 2024,29-Feb 12am,11629.42,
Uttar Pradesh - 2024,29-Feb 1am,11077.67,
Uttar Pradesh - 2024,29-Feb 2am,10718.67,
Uttar Pradesh - 2024,29-Feb 3am,10601.07,
Uttar Pradesh - 2024,29-Feb 4am,11056.94,
Uttar Pradesh - 2024,29-Feb 5am,11672.64,
Uttar Pradesh - 2024,29-Feb 6am,11562.27,
Uttar Pradesh - 2024,29-Feb 7am,12981.18,
Uttar Pradesh - 2024,29-Feb 8am,16934.48,
Uttar Pradesh - 2024,29-Feb 9am,17611.34,
Uttar Pradesh - 2024,29-Feb 10am,17258.61,
Uttar Pradesh - 2024,29-Feb 11am,16216.86,
Uttar Pradesh - 2024,29-Feb 12pm,14115.01,
Uttar Pradesh - 2024,29-Feb 1pm,12856.22,
Uttar Pradesh - 2024,29-Feb 2pm,13333.44,
Uttar Pradesh - 2024,29-Feb 3pm,12851.24,
Uttar Pradesh - 2024,29-Feb 4pm,12434.3,
Uttar Pradesh - 2024,29-Feb 5pm,12812.36,
Uttar Pradesh - 2024,29-Feb 6pm,14659.37,
Uttar Pradesh - 2024,29-Feb 7pm,17563.9,
Uttar Pradesh - 2024,29-Feb 8pm,16815.78,
Uttar Pradesh - 2024,29-Feb 9pm,15260.24,
Uttar Pradesh - 2024,29-Feb 10pm,13723.15,
Uttar Pradesh - 2024,29-Feb 11pm,12579.01,
Uttar Pradesh - 2024,01-Mar 12am,11775.16,
Uttar Pradesh - 2024,01-Mar 1am,11219.44,
Uttar Pradesh - 2024,01-Mar 2am,10916.9,
Uttar Pradesh - 2024,01-Mar 3am,10847.63,
Uttar Pradesh - 2024,01-Mar 4am,11347.39,
Uttar Pradesh - 2024,01-Mar 5am,12104.68,
Uttar Pradesh - 2024,01-Mar 6am,11449.59,
Uttar Pradesh - 2024,01-Mar 7am,12583.99,
Uttar Pradesh - 2024,01-Mar 8am,16961.38,
Uttar Pradesh - 2024,01-Mar 9am,18026.09,
Uttar Pradesh - 2024,01-Mar 10am,18196.07,
Uttar Pradesh - 2024,01-Mar 11am,17151.59,
Uttar Pradesh - 2024,01-Mar 12pm,15201.03,
Uttar Pradesh - 2024,01-Mar 1pm,13793.81,
Uttar Pradesh - 2024,01-Mar 2pm,13812.73,
Uttar Pradesh - 2024,01-Mar 3pm,13098.96,
Uttar Pradesh - 2024,01-Mar 4pm,12215,
Uttar Pradesh - 2024,01-Mar 5pm,12136.85,
Uttar Pradesh - 2024,01-Mar 6pm,14610.83,
Uttar Pradesh - 2024,01-Mar 7pm,16644.43,
Uttar Pradesh - 2024,01-Mar 8pm,15279.75,
Uttar Pradesh - 2024,01-Mar 9pm,13493.43,
Uttar Pradesh - 2024,01-Mar 10pm,11764.1,
Uttar Pradesh - 2024,01-Mar 11pm,10698.52,
Uttar Pradesh - 2024,02-Mar 12am,10280.2,
Uttar Pradesh - 2024,02-Mar 1am,9916.94,
Uttar Pradesh - 2024,02-Mar 2am,9646.55,
Uttar Pradesh - 2024,02-Mar 3am,9488.47,
Uttar Pradesh - 2024,02-Mar 4am,9870.34,
Uttar Pradesh - 2024,02-Mar 5am,10323.35,
Uttar Pradesh - 2024,02-Mar 6am,10088.19,
Uttar Pradesh - 2024,02-Mar 7am,11486.92,
Uttar Pradesh - 2024,02-Mar 8am,14048.78,
Uttar Pradesh - 2024,02-Mar 9am,13761.55,
Uttar Pradesh - 2024,02-Mar 10am,13158.73,
Uttar Pradesh - 2024,02-Mar 11am,12116.62,
Uttar Pradesh - 2024,02-Mar 12pm,10808.22,
Uttar Pradesh - 2024,02-Mar 1pm,10049.48,
Uttar Pradesh - 2024,02-Mar 2pm,10424.14,
Uttar Pradesh - 2024,02-Mar 3pm,10523.69,
Uttar Pradesh - 2024,02-Mar 4pm,10597.38,
Uttar Pradesh - 2024,02-Mar 5pm,10821.08,
Uttar Pradesh - 2024,02-Mar 6pm,12779.79,
Uttar Pradesh - 2024,02-Mar 7pm,14641.97,
Uttar Pradesh - 2024,02-Mar 8pm,13460.75,
Uttar Pradesh - 2024,02-Mar 9pm,11934.7,
Uttar Pradesh - 2024,02-Mar 10pm,10700.28,
Uttar Pradesh - 2024,02-Mar 11pm,10027.24,
Uttar Pradesh - 2024,03-Mar 12am,9378.28,
Uttar Pradesh - 2024,03-Mar 1am,8645.69,
Uttar Pradesh - 2024,03-Mar 2am,8092.26,
Uttar Pradesh - 2024,03-Mar 3am,7656.9,
Uttar Pradesh - 2024,03-Mar 4am,7737.59,
Uttar Pradesh - 2024,03-Mar 5am,8298.61,
Uttar Pradesh - 2024,03-Mar 6am,8392.72,
Uttar Pradesh - 2024,03-Mar 7am,9135.77,
Uttar Pradesh - 2024,03-Mar 8am,10641.49,
Uttar Pradesh - 2024,03-Mar 9am,12106.69,
Uttar Pradesh - 2024,03-Mar 10am,12470.54,
Uttar Pradesh - 2024,03-Mar 11am,11891.54,
Uttar Pradesh - 2024,03-Mar 12pm,11391.24,
Uttar Pradesh - 2024,03-Mar 1pm,11093.61,
Uttar Pradesh - 2024,03-Mar 2pm,10596.07,
Uttar Pradesh - 2024,03-Mar 3pm,10056.67,
Uttar Pradesh - 2024,03-Mar 4pm,9037.59,
Uttar Pradesh - 2024,03-Mar 5pm,9026.97,
Uttar Pradesh - 2024,03-Mar 6pm,13006.57,
Uttar Pradesh - 2024,03-Mar 7pm,14702.33,
Uttar Pradesh - 2024,03-Mar 8pm,13910.86,
Uttar Pradesh - 2024,03-Mar 9pm,12627.65,
Uttar Pradesh - 2024,03-Mar 10pm,11395.23,
Uttar Pradesh - 2024,03-Mar 11pm,10503.04,
Uttar Pradesh - 2024,04-Mar 12am,9828.06,
Uttar Pradesh - 2024,04-Mar 1am,9398.17,
Uttar Pradesh - 2024,04-Mar 2am,9340.38,
Uttar Pradesh - 2024,04-Mar 3am,9331.29,
Uttar Pradesh - 2024,04-Mar 4am,9697.38,
Uttar Pradesh - 2024,04-Mar 5am,10228.17,
Uttar Pradesh - 2024,04-Mar 6am,10072.55,
Uttar Pradesh - 2024,04-Mar 7am,11331.62,
Uttar Pradesh - 2024,04-Mar 8am,14073.71,
Uttar Pradesh - 2024,04-Mar 9am,14576.45,
Uttar Pradesh - 2024,04-Mar 10am,14551.31,
Uttar Pradesh - 2024,04-Mar 11am,13582.06,
Uttar Pradesh - 2024,04-Mar 12pm,11765.47,
Uttar Pradesh - 2024,04-Mar 1pm,10550.22,
Uttar Pradesh - 2024,04-Mar 2pm,10913.82,
Uttar Pradesh - 2024,04-Mar 3pm,10425.18,
Uttar Pradesh - 2024,04-Mar 4pm,10135.26,
Uttar Pradesh - 2024,04-Mar 5pm,10299.67,
Uttar Pradesh - 2024,04-Mar 6pm,12688.81,
Uttar Pradesh - 2024,04-Mar 7pm,15792.63,
Uttar Pradesh - 2024,04-Mar 8pm,15104.93,
Uttar Pradesh - 2024,04-Mar 9pm,13766.97,
Uttar Pradesh - 2024,04-Mar 10pm,12452.26,
Uttar Pradesh - 2024,04-Mar 11pm,11497.61,
Uttar Pradesh - 2024,05-Mar 12am,10815.02,
Uttar Pradesh - 2024,05-Mar 1am,10306.76,
Uttar Pradesh - 2024,05-Mar 2am,10134.92,
Uttar Pradesh - 2024,05-Mar 3am,9971.69,
Uttar Pradesh - 2024,05-Mar 4am,10430.37,
Uttar Pradesh - 2024,05-Mar 5am,10885.49,
Uttar Pradesh - 2024,05-Mar 6am,10726.27,
Uttar Pradesh - 2024,05-Mar 7am,11538.39,
Uttar Pradesh - 2024,05-Mar 8am,14660.16,
Uttar Pradesh - 2024,05-Mar 9am,14805.25,
Uttar Pradesh - 2024,05-Mar 10am,14437.03,
Uttar Pradesh - 2024,05-Mar 11am,13232.84,
Uttar Pradesh - 2024,05-Mar 12pm,11271,
Uttar Pradesh - 2024,05-Mar 1pm,10306.4,
Uttar Pradesh - 2024,05-Mar 2pm,10744.86,
Uttar Pradesh - 2024,05-Mar 3pm,10383.49,
Uttar Pradesh - 2024,05-Mar 4pm,10037.95,
Uttar Pradesh - 2024,05-Mar 5pm,10241.14,
Uttar Pradesh - 2024,05-Mar 6pm,12996.48,
Uttar Pradesh - 2024,05-Mar 7pm,16143.13,
Uttar Pradesh - 2024,05-Mar 8pm,15478.34,
Uttar Pradesh - 2024,05-Mar 9pm,13925.8,
Uttar Pradesh - 2024,05-Mar 10pm,12495.16,
Uttar Pradesh - 2024,05-Mar 11pm,11423.32,
Uttar Pradesh - 2024,06-Mar 12am,10752.7,
Uttar Pradesh - 2024,06-Mar 1am,10298.04,
Uttar Pradesh - 2024,06-Mar 2am,10021.54,
Uttar Pradesh - 2024,06-Mar 3am,9921.53,
Uttar Pradesh - 2024,06-Mar 4am,10388.56,
Uttar Pradesh - 2024,06-Mar 5am,10959.47,
Uttar Pradesh - 2024,06-Mar 6am,10767.66,
Uttar Pradesh - 2024,06-Mar 7am,11518.62,
Uttar Pradesh - 2024,06-Mar 8am,14975.59,
Uttar Pradesh - 2024,06-Mar 9am,15310.68,
Uttar Pradesh - 2024,06-Mar 10am,14905.64,
Uttar Pradesh - 2024,06-Mar 11am,13780.22,
Uttar Pradesh - 2024,06-Mar 12pm,11725.17,
Uttar Pradesh - 2024,06-Mar 1pm,10457.26,
Uttar Pradesh - 2024,06-Mar 2pm,11097.1,
Uttar Pradesh - 2024,06-Mar 3pm,10823.41,
Uttar Pradesh - 2024,06-Mar 4pm,10546.26,
Uttar Pradesh - 2024,06-Mar 5pm,10694.5,
Uttar Pradesh - 2024,06-Mar 6pm,13143.04,
Uttar Pradesh - 2024,06-Mar 7pm,16074.07,
Uttar Pradesh - 2024,06-Mar 8pm,15248.51,
Uttar Pradesh - 2024,06-Mar 9pm,13787.99,
Uttar Pradesh - 2024,06-Mar 10pm,12421.17,
Uttar Pradesh - 2024,06-Mar 11pm,11445.11,
Uttar Pradesh - 2024,07-Mar 12am,10756.81,
Uttar Pradesh - 2024,07-Mar 1am,10266.91,
Uttar Pradesh - 2024,07-Mar 2am,10013.55,
Uttar Pradesh - 2024,07-Mar 3am,9952.31,
Uttar Pradesh - 2024,07-Mar 4am,10448.64,
Uttar Pradesh - 2024,07-Mar 5am,11038.29,
Uttar Pradesh - 2024,07-Mar 6am,10722.37,
Uttar Pradesh - 2024,07-Mar 7am,11559.59,
Uttar Pradesh - 2024,07-Mar 8am,14961.18,
Uttar Pradesh - 2024,07-Mar 9am,15333.22,
Uttar Pradesh - 2024,07-Mar 10am,15142.12,
Uttar Pradesh - 2024,07-Mar 11am,13944.61,
Uttar Pradesh - 2024,07-Mar 12pm,11994.2,
Uttar Pradesh - 2024,07-Mar 1pm,10632.37,
Uttar Pradesh - 2024,07-Mar 2pm,11335.66,
Uttar Pradesh - 2024,07-Mar 3pm,11169.27,
Uttar Pradesh - 2024,07-Mar 4pm,10861.76,
Uttar Pradesh - 2024,07-Mar 5pm,10903.56,
Uttar Pradesh - 2024,07-Mar 6pm,12968.88,
Uttar Pradesh - 2024,07-Mar 7pm,16096.97,
Uttar Pradesh - 2024,07-Mar 8pm,15502.97,
Uttar Pradesh - 2024,07-Mar 9pm,14135,
Uttar Pradesh - 2024,07-Mar 10pm,12740.66,
Uttar Pradesh - 2024,07-Mar 11pm,11743.84,
Uttar Pradesh - 2024,08-Mar 12am,11093.98,
Uttar Pradesh - 2024,08-Mar 1am,10571.29,
Uttar Pradesh - 2024,08-Mar 2am,10390.71,
Uttar Pradesh - 2024,08-Mar 3am,10441.05,
Uttar Pradesh - 2024,08-Mar 4am,11176.41,
Uttar Pradesh - 2024,08-Mar 5am,12171.32,
Uttar Pradesh - 2024,08-Mar 6am,12115.05,
Uttar Pradesh - 2024,08-Mar 7am,11763.23,
Uttar Pradesh - 2024,08-Mar 8am,13247.35,
Uttar Pradesh - 2024,08-Mar 9am,15118.59,
Uttar Pradesh - 2024,08-Mar 10am,16208.68,
Uttar Pradesh - 2024,08-Mar 11am,15355.77,
Uttar Pradesh - 2024,08-Mar 12pm,13170.82,
Uttar Pradesh - 2024,08-Mar 1pm,11038.47,
Uttar Pradesh - 2024,08-Mar 2pm,10337.22,
Uttar Pradesh - 2024,08-Mar 3pm,9875.09,
Uttar Pradesh - 2024,08-Mar 4pm,9481.67,
Uttar Pradesh - 2024,08-Mar 5pm,10639.86,
Uttar Pradesh - 2024,08-Mar 6pm,14050.51,
Uttar Pradesh - 2024,08-Mar 7pm,16643.25,
Uttar Pradesh - 2024,08-Mar 8pm,15565.28,
Uttar Pradesh - 2024,08-Mar 9pm,14102.94,
Uttar Pradesh - 2024,08-Mar 10pm,12695.9,
Uttar Pradesh - 2024,08-Mar 11pm,11708.81,
Uttar Pradesh - 2024,09-Mar 12am,11017.06,
Uttar Pradesh - 2024,09-Mar 1am,10595.93,
Uttar Pradesh - 2024,09-Mar 2am,10308.51,
Uttar Pradesh - 2024,09-Mar 3am,10206.8,
Uttar Pradesh - 2024,09-Mar 4am,10702.52,
Uttar Pradesh - 2024,09-Mar 5am,11340.11,
Uttar Pradesh - 2024,09-Mar 6am,10956.7,
Uttar Pradesh - 2024,09-Mar 7am,11607.27,
Uttar Pradesh - 2024,09-Mar 8am,15040.39,
Uttar Pradesh - 2024,09-Mar 9am,15882.32,
Uttar Pradesh - 2024,09-Mar 10am,15790.08,
Uttar Pradesh - 2024,09-Mar 11am,14621.96,
Uttar Pradesh - 2024,09-Mar 12pm,12715.17,
Uttar Pradesh - 2024,09-Mar 1pm,11556.49,
Uttar Pradesh - 2024,09-Mar 2pm,12074.59,
Uttar Pradesh - 2024,09-Mar 3pm,11687.96,
Uttar Pradesh - 2024,09-Mar 4pm,11044.24,
Uttar Pradesh - 2024,09-Mar 5pm,11040.1,
Uttar Pradesh - 2024,09-Mar 6pm,13865.27,
Uttar Pradesh - 2024,09-Mar 7pm,17059.57,
Uttar Pradesh - 2024,09-Mar 8pm,16297.52,
Uttar Pradesh - 2024,09-Mar 9pm,14750.59,
Uttar Pradesh - 2024,09-Mar 10pm,13281.81,
Uttar Pradesh - 2024,09-Mar 11pm,12302.81,
Uttar Pradesh - 2024,10-Mar 12am,11592.35,
Uttar Pradesh - 2024,10-Mar 1am,11089.94,
Uttar Pradesh - 2024,10-Mar 2am,10780.76,
Uttar Pradesh - 2024,10-Mar 3am,10639.97,
Uttar Pradesh - 2024,10-Mar 4am,11064.46,
Uttar Pradesh - 2024,10-Mar 5am,11510.59,
Uttar Pradesh - 2024,10-Mar 6am,11164.66,
Uttar Pradesh - 2024,10-Mar 7am,11440.95,
Uttar Pradesh - 2024,10-Mar 8am,13489.95,
Uttar Pradesh - 2024,10-Mar 9am,15386.9,
Uttar Pradesh - 2024,10-Mar 10am,15769.81,
Uttar Pradesh - 2024,10-Mar 11am,14732.77,
Uttar Pradesh - 2024,10-Mar 12pm,13069.02,
Uttar Pradesh - 2024,10-Mar 1pm,12269.69,
Uttar Pradesh - 2024,10-Mar 2pm,12086.63,
Uttar Pradesh - 2024,10-Mar 3pm,11201.99,
Uttar Pradesh - 2024,10-Mar 4pm,10257.25,
Uttar Pradesh - 2024,10-Mar 5pm,10060.86,
Uttar Pradesh - 2024,10-Mar 6pm,14328.05,
Uttar Pradesh - 2024,10-Mar 7pm,17136.9,
Uttar Pradesh - 2024,10-Mar 8pm,16043.31,
Uttar Pradesh - 2024,10-Mar 9pm,14656.27,
Uttar Pradesh - 2024,10-Mar 10pm,13208.28,
Uttar Pradesh - 2024,10-Mar 11pm,12191.81,
Uttar Pradesh - 2024,11-Mar 12am,11542.55,
Uttar Pradesh - 2024,11-Mar 1am,11015.87,
Uttar Pradesh - 2024,11-Mar 2am,10710.56,
Uttar Pradesh - 2024,11-Mar 3am,10620.89,
Uttar Pradesh - 2024,11-Mar 4am,11186.09,
Uttar Pradesh - 2024,11-Mar 5am,12128.37,
Uttar Pradesh - 2024,11-Mar 6am,11532.71,
Uttar Pradesh - 2024,11-Mar 7am,11609.84,
Uttar Pradesh - 2024,11-Mar 8am,13895.24,
Uttar Pradesh - 2024,11-Mar 9am,15959.61,
Uttar Pradesh - 2024,11-Mar 10am,16524.71,
Uttar Pradesh - 2024,11-Mar 11am,16197.15,
Uttar Pradesh - 2024,11-Mar 12pm,14980.22,
Uttar Pradesh - 2024,11-Mar 1pm,13492.21,
Uttar Pradesh - 2024,11-Mar 2pm,11344.36,
Uttar Pradesh - 2024,11-Mar 3pm,9938.24,
Uttar Pradesh - 2024,11-Mar 4pm,11572.45,
Uttar Pradesh - 2024,11-Mar 5pm,11893.96,
Uttar Pradesh - 2024,11-Mar 6pm,15823.15,
Uttar Pradesh - 2024,11-Mar 7pm,18158.55,
Uttar Pradesh - 2024,11-Mar 8pm,16900.71,
Uttar Pradesh - 2024,11-Mar 9pm,15321.65,
Uttar Pradesh - 2024,11-Mar 10pm,13978.59,
Uttar Pradesh - 2024,11-Mar 11pm,13157.81,
Uttar Pradesh - 2024,12-Mar 12am,12492.37,
Uttar Pradesh - 2024,12-Mar 1am,12078.74,
Uttar Pradesh - 2024,12-Mar 2am,11907.89,
Uttar Pradesh - 2024,12-Mar 3am,12382.26,
Uttar Pradesh - 2024,12-Mar 4am,12872.67,
Uttar Pradesh - 2024,12-Mar 5am,12991.05,
Uttar Pradesh - 2024,12-Mar 6am,12010.47,
Uttar Pradesh - 2024,12-Mar 7am,11805.16,
Uttar Pradesh - 2024,12-Mar 8am,13387.34,
Uttar Pradesh - 2024,12-Mar 9am,15504.07,
Uttar Pradesh - 2024,12-Mar 10am,16815.26,
Uttar Pradesh - 2024,12-Mar 11am,16988.28,
Uttar Pradesh - 2024,12-Mar 12pm,15309.97,
Uttar Pradesh - 2024,12-Mar 1pm,13834.41,
Uttar Pradesh - 2024,12-Mar 2pm,12891.59,
Uttar Pradesh - 2024,12-Mar 3pm,12406,
Uttar Pradesh - 2024,12-Mar 4pm,11885.24,
Uttar Pradesh - 2024,12-Mar 5pm,12298.26,
Uttar Pradesh - 2024,12-Mar 6pm,16384.94,
Uttar Pradesh - 2024,12-Mar 7pm,18506.82,
Uttar Pradesh - 2024,12-Mar 8pm,17513,
Uttar Pradesh - 2024,12-Mar 9pm,16169.79,
Uttar Pradesh - 2024,12-Mar 10pm,14906.84,
Uttar Pradesh - 2024,12-Mar 11pm,14055.36,
Uttar Pradesh - 2024,13-Mar 12am,13295.44,
Uttar Pradesh - 2024,13-Mar 1am,12806.3,
Uttar Pradesh - 2024,13-Mar 2am,12516.08,
Uttar Pradesh - 2024,13-Mar 3am,12773.52,
Uttar Pradesh - 2024,13-Mar 4am,13446.52,
Uttar Pradesh - 2024,13-Mar 5am,13357.27,
Uttar Pradesh - 2024,13-Mar 6am,12289.63,
Uttar Pradesh - 2024,13-Mar 7am,12069.81,
Uttar Pradesh - 2024,13-Mar 8am,14038.7,
Uttar Pradesh - 2024,13-Mar 9am,15847.67,
Uttar Pradesh - 2024,13-Mar 10am,17323.37,
Uttar Pradesh - 2024,13-Mar 11am,17094.64,
Uttar Pradesh - 2024,13-Mar 12pm,16223.87,
Uttar Pradesh - 2024,13-Mar 1pm,14131.51,
Uttar Pradesh - 2024,13-Mar 2pm,13318,
Uttar Pradesh - 2024,13-Mar 3pm,12489.82,
Uttar Pradesh - 2024,13-Mar 4pm,12474.53,
Uttar Pradesh - 2024,13-Mar 5pm,13141.36,
Uttar Pradesh - 2024,13-Mar 6pm,16255.08,
Uttar Pradesh - 2024,13-Mar 7pm,18024.33,
Uttar Pradesh - 2024,13-Mar 8pm,17079.55,
Uttar Pradesh - 2024,13-Mar 9pm,16084.97,
Uttar Pradesh - 2024,13-Mar 10pm,14987.57,
Uttar Pradesh - 2024,13-Mar 11pm,14153.39,
Uttar Pradesh - 2024,14-Mar 12am,13446.72,
Uttar Pradesh - 2024,14-Mar 1am,12949.85,
Uttar Pradesh - 2024,14-Mar 2am,12629.62,
Uttar Pradesh - 2024,14-Mar 3am,12832.42,
Uttar Pradesh - 2024,14-Mar 4am,13464.09,
Uttar Pradesh - 2024,14-Mar 5am,13471.55,
Uttar Pradesh - 2024,14-Mar 6am,12381.31,
Uttar Pradesh - 2024,14-Mar 7am,11903.77,
Uttar Pradesh - 2024,14-Mar 8am,13765.6,
Uttar Pradesh - 2024,14-Mar 9am,15971.65,
Uttar Pradesh - 2024,14-Mar 10am,16908.29,
Uttar Pradesh - 2024,14-Mar 11am,16292.97,
Uttar Pradesh - 2024,14-Mar 12pm,15263.32,
Uttar Pradesh - 2024,14-Mar 1pm,13988.55,
Uttar Pradesh - 2024,14-Mar 2pm,13798.83,
Uttar Pradesh - 2024,14-Mar 3pm,13885.01,
Uttar Pradesh - 2024,14-Mar 4pm,12894,
Uttar Pradesh - 2024,14-Mar 5pm,12891.41,
Uttar Pradesh - 2024,14-Mar 6pm,16732.16,
Uttar Pradesh - 2024,14-Mar 7pm,18768.14,
Uttar Pradesh - 2024,14-Mar 8pm,18458.15,
Uttar Pradesh - 2024,14-Mar 9pm,17352.16,
Uttar Pradesh - 2024,14-Mar 10pm,16211.08,
Uttar Pradesh - 2024,14-Mar 11pm,15288.05,
Uttar Pradesh - 2024,15-Mar 12am,14507.31,
Uttar Pradesh - 2024,15-Mar 1am,13926.13,
Uttar Pradesh - 2024,15-Mar 2am,13637.51,
Uttar Pradesh - 2024,15-Mar 3am,13843.13,
Uttar Pradesh - 2024,15-Mar 4am,14518.67,
Uttar Pradesh - 2024,15-Mar 5am,13781.37,
Uttar Pradesh - 2024,15-Mar 6am,12668.54,
Uttar Pradesh - 2024,15-Mar 7am,12340.51,
Uttar Pradesh - 2024,15-Mar 8am,14071.32,
Uttar Pradesh - 2024,15-Mar 9am,16536.97,
Uttar Pradesh - 2024,15-Mar 10am,18089.83,
Uttar Pradesh - 2024,15-Mar 11am,18050.78,
Uttar Pradesh - 2024,15-Mar 12pm,15281.21,
Uttar Pradesh - 2024,15-Mar 1pm,14847.64,
Uttar Pradesh - 2024,15-Mar 2pm,13680.09,
Uttar Pradesh - 2024,15-Mar 3pm,12330.94,
Uttar Pradesh - 2024,15-Mar 4pm,10868.29,
Uttar Pradesh - 2024,15-Mar 5pm,12847.03,
Uttar Pradesh - 2024,15-Mar 6pm,16452.36,
Uttar Pradesh - 2024,15-Mar 7pm,18108.28,
Uttar Pradesh - 2024,15-Mar 8pm,18141.31,
Uttar Pradesh - 2024,15-Mar 9pm,16799.11,
Uttar Pradesh - 2024,15-Mar 10pm,15988.05,
Uttar Pradesh - 2024,15-Mar 11pm,14960.54,
Uttar Pradesh - 2024,16-Mar 12am,14416.96,
Uttar Pradesh - 2024,16-Mar 1am,13944.82,
Uttar Pradesh - 2024,16-Mar 2am,13587.28,
Uttar Pradesh - 2024,16-Mar 3am,13626.55,
Uttar Pradesh - 2024,16-Mar 4am,14294.77,
Uttar Pradesh - 2024,16-Mar 5am,13643.25,
Uttar Pradesh - 2024,16-Mar 6am,12303.92,
Uttar Pradesh - 2024,16-Mar 7am,12482.89,
Uttar Pradesh - 2024,16-Mar 8am,14546.87,
Uttar Pradesh - 2024,16-Mar 9am,16807.41,
Uttar Pradesh - 2024,16-Mar 10am,17762.46,
Uttar Pradesh - 2024,16-Mar 11am,17210.92,
Uttar Pradesh - 2024,16-Mar 12pm,16014.18,
Uttar Pradesh - 2024,16-Mar 1pm,14959.69,
Uttar Pradesh - 2024,16-Mar 2pm,14145.93,
Uttar Pradesh - 2024,16-Mar 3pm,13933.09,
Uttar Pradesh - 2024,16-Mar 4pm,12963.35,
Uttar Pradesh - 2024,16-Mar 5pm,13410.14,
Uttar Pradesh - 2024,16-Mar 6pm,16578.26,
Uttar Pradesh - 2024,16-Mar 7pm,19089.24,
Uttar Pradesh - 2024,16-Mar 8pm,18334.01,
Uttar Pradesh - 2024,16-Mar 9pm,17179.52,
Uttar Pradesh - 2024,16-Mar 10pm,15939.5,
Uttar Pradesh - 2024,16-Mar 11pm,15135.6,
Uttar Pradesh - 2024,17-Mar 12am,14487.96,
Uttar Pradesh - 2024,17-Mar 1am,13889.12,
Uttar Pradesh - 2024,17-Mar 2am,13476.68,
Uttar Pradesh - 2024,17-Mar 3am,13572.31,
Uttar Pradesh - 2024,17-Mar 4am,14209.72,
Uttar Pradesh - 2024,17-Mar 5am,14486.63,
Uttar Pradesh - 2024,17-Mar 6am,14589.59,
Uttar Pradesh - 2024,17-Mar 7am,15073.95,
Uttar Pradesh - 2024,17-Mar 8am,16217.99,
Uttar Pradesh - 2024,17-Mar 9am,17219.27,
Uttar Pradesh - 2024,17-Mar 10am,17620.15,
Uttar Pradesh - 2024,17-Mar 11am,17207.33,
Uttar Pradesh - 2024,17-Mar 12pm,16238.5,
Uttar Pradesh - 2024,17-Mar 1pm,15227.81,
Uttar Pradesh - 2024,17-Mar 2pm,14882.08,
Uttar Pradesh - 2024,17-Mar 3pm,14210.94,
Uttar Pradesh - 2024,17-Mar 4pm,13333.45,
Uttar Pradesh - 2024,17-Mar 5pm,13159.29,
Uttar Pradesh - 2024,17-Mar 6pm,15564.26,
Uttar Pradesh - 2024,17-Mar 7pm,18017.65,
Uttar Pradesh - 2024,17-Mar 8pm,17357.48,
Uttar Pradesh - 2024,17-Mar 9pm,16424.77,
Uttar Pradesh - 2024,17-Mar 10pm,15379.73,
Uttar Pradesh - 2024,17-Mar 11pm,14603.2,
Uttar Pradesh - 2024,18-Mar 12am,13967.78,
Uttar Pradesh - 2024,18-Mar 1am,13446.76,
Uttar Pradesh - 2024,18-Mar 2am,13153.96,
Uttar Pradesh - 2024,18-Mar 3am,13307.89,
Uttar Pradesh - 2024,18-Mar 4am,13953.51,
Uttar Pradesh - 2024,18-Mar 5am,14527.1,
Uttar Pradesh - 2024,18-Mar 6am,14820.36,
Uttar Pradesh - 2024,18-Mar 7am,15238.2,
Uttar Pradesh - 2024,18-Mar 8am,16287.64,
Uttar Pradesh - 2024,18-Mar 9am,17355.1,
Uttar Pradesh - 2024,18-Mar 10am,17810.4,
Uttar Pradesh - 2024,18-Mar 11am,17488.85,
Uttar Pradesh - 2024,18-Mar 12pm,16675.2,
Uttar Pradesh - 2024,18-Mar 1pm,15612.81,
Uttar Pradesh - 2024,18-Mar 2pm,15196.41,
Uttar Pradesh - 2024,18-Mar 3pm,14706.3,
Uttar Pradesh - 2024,18-Mar 4pm,13869.76,
Uttar Pradesh - 2024,18-Mar 5pm,13791.13,
Uttar Pradesh - 2024,18-Mar 6pm,16102.24,
Uttar Pradesh - 2024,18-Mar 7pm,18668.82,
Uttar Pradesh - 2024,18-Mar 8pm,18006.56,
Uttar Pradesh - 2024,18-Mar 9pm,16974.5,
Uttar Pradesh - 2024,18-Mar 10pm,15795.65,
Uttar Pradesh - 2024,18-Mar 11pm,14993.82,
Uttar Pradesh - 2024,19-Mar 12am,14427.28,
Uttar Pradesh - 2024,19-Mar 1am,13845.45,
Uttar Pradesh - 2024,19-Mar 2am,13548.49,
Uttar Pradesh - 2024,19-Mar 3am,13678.5,
Uttar Pradesh - 2024,19-Mar 4am,14191.51,
Uttar Pradesh - 2024,19-Mar 5am,14694.97,
Uttar Pradesh - 2024,19-Mar 6am,14872.53,
Uttar Pradesh - 2024,19-Mar 7am,15111.12,
Uttar Pradesh - 2024,19-Mar 8am,16025.47,
Uttar Pradesh - 2024,19-Mar 9am,17102.49,
Uttar Pradesh - 2024,19-Mar 10am,17885.79,
Uttar Pradesh - 2024,19-Mar 11am,17595.53,
Uttar Pradesh - 2024,19-Mar 12pm,16703.6,
Uttar Pradesh - 2024,19-Mar 1pm,15555.81,
Uttar Pradesh - 2024,19-Mar 2pm,15242.33,
Uttar Pradesh - 2024,19-Mar 3pm,14872.29,
Uttar Pradesh - 2024,19-Mar 4pm,14109.49,
Uttar Pradesh - 2024,19-Mar 5pm,14109.51,
Uttar Pradesh - 2024,19-Mar 6pm,16221.15,
Uttar Pradesh - 2024,19-Mar 7pm,18670.35,
Uttar Pradesh - 2024,19-Mar 8pm,17909.39,
Uttar Pradesh - 2024,19-Mar 9pm,16870.38,
Uttar Pradesh - 2024,19-Mar 10pm,15795.36,
Uttar Pradesh - 2024,19-Mar 11pm,14999.34,
Uttar Pradesh - 2024,20-Mar 12am,14383.61,
Uttar Pradesh - 2024,20-Mar 1am,13866.42,
Uttar Pradesh - 2024,20-Mar 2am,13587.41,
Uttar Pradesh - 2024,20-Mar 3am,13713.68,
Uttar Pradesh - 2024,20-Mar 4am,14185.21,
Uttar Pradesh - 2024,20-Mar 5am,14699.07,
Uttar Pradesh - 2024,20-Mar 6am,14985.39,
Uttar Pradesh - 2024,20-Mar 7am,15160.36,
Uttar Pradesh - 2024,20-Mar 8am,15850.23,
Uttar Pradesh - 2024,20-Mar 9am,16755.73,
Uttar Pradesh - 2024,20-Mar 10am,17053.89,
Uttar Pradesh - 2024,20-Mar 11am,16258.84,
Uttar Pradesh - 2024,20-Mar 12pm,15366.8,
Uttar Pradesh - 2024,20-Mar 1pm,13989.76,
Uttar Pradesh - 2024,20-Mar 2pm,13549.28,
Uttar Pradesh - 2024,20-Mar 3pm,13095,
Uttar Pradesh - 2024,20-Mar 4pm,12880.52,
Uttar Pradesh - 2024,20-Mar 5pm,13139.7,
Uttar Pradesh - 2024,20-Mar 6pm,15155.9,
Uttar Pradesh - 2024,20-Mar 7pm,17487.86,
Uttar Pradesh - 2024,20-Mar 8pm,16794.9,
Uttar Pradesh - 2024,20-Mar 9pm,15693.8,
Uttar Pradesh - 2024,20-Mar 10pm,14587.05,
Uttar Pradesh - 2024,20-Mar 11pm,13802.42,
Uttar Pradesh - 2024,21-Mar 12am,13307.69,
Uttar Pradesh - 2024,21-Mar 1am,12949.58,
Uttar Pradesh - 2024,21-Mar 2am,12595.46,
Uttar Pradesh - 2024,21-Mar 3am,12769.51,
Uttar Pradesh - 2024,21-Mar 4am,13222.95,
Uttar Pradesh - 2024,21-Mar 5am,13634.51,
Uttar Pradesh - 2024,21-Mar 6am,14084.06,
Uttar Pradesh - 2024,21-Mar 7am,14371.89,
Uttar Pradesh - 2024,21-Mar 8am,14967.2,
Uttar Pradesh - 2024,21-Mar 9am,15637.66,
Uttar Pradesh - 2024,21-Mar 10am,15964.84,
Uttar Pradesh - 2024,21-Mar 11am,15387.1,
Uttar Pradesh - 2024,21-Mar 12pm,14693.82,
Uttar Pradesh - 2024,21-Mar 1pm,13726.74,
Uttar Pradesh - 2024,21-Mar 2pm,13684.01,
Uttar Pradesh - 2024,21-Mar 3pm,13392.17,
Uttar Pradesh - 2024,21-Mar 4pm,13045.43,
Uttar Pradesh - 2024,21-Mar 5pm,13294.22,
Uttar Pradesh - 2024,21-Mar 6pm,15462.25,
Uttar Pradesh - 2024,21-Mar 7pm,17856.32,
Uttar Pradesh - 2024,21-Mar 8pm,17265.39,
Uttar Pradesh - 2024,21-Mar 9pm,16279.98,
Uttar Pradesh - 2024,21-Mar 10pm,15225.1,
Uttar Pradesh - 2024,21-Mar 11pm,14498.24,
Uttar Pradesh - 2024,22-Mar 12am,13835.9,
Uttar Pradesh - 2024,22-Mar 1am,13443.82,
Uttar Pradesh - 2024,22-Mar 2am,13167.09,
Uttar Pradesh - 2024,22-Mar 3am,13361.19,
Uttar Pradesh - 2024,22-Mar 4am,13920.96,
Uttar Pradesh - 2024,22-Mar 5am,14426.23,
Uttar Pradesh - 2024,22-Mar 6am,14791,
Uttar Pradesh - 2024,22-Mar 7am,14867.51,
Uttar Pradesh - 2024,22-Mar 8am,15728.73,
Uttar Pradesh - 2024,22-Mar 9am,16877.55,
Uttar Pradesh - 2024,22-Mar 10am,17438.08,
Uttar Pradesh - 2024,22-Mar 11am,17214.46,
Uttar Pradesh - 2024,22-Mar 12pm,16343.91,
Uttar Pradesh - 2024,22-Mar 1pm,14937.28,
Uttar Pradesh - 2024,22-Mar 2pm,14536.42,
Uttar Pradesh - 2024,22-Mar 3pm,14038.31,
Uttar Pradesh - 2024,22-Mar 4pm,13547.92,
Uttar Pradesh - 2024,22-Mar 5pm,13651.36,
Uttar Pradesh - 2024,22-Mar 6pm,15676.02,
Uttar Pradesh - 2024,22-Mar 7pm,18174.87,
Uttar Pradesh - 2024,22-Mar 8pm,17711.74,
Uttar Pradesh - 2024,22-Mar 9pm,16791.13,
Uttar Pradesh - 2024,22-Mar 10pm,15716.13,
Uttar Pradesh - 2024,22-Mar 11pm,14908.89,
Uttar Pradesh - 2024,23-Mar 12am,14259.41,
Uttar Pradesh - 2024,23-Mar 1am,13789.69,
Uttar Pradesh - 2024,23-Mar 2am,13454.02,
Uttar Pradesh - 2024,23-Mar 3am,13519.47,
Uttar Pradesh - 2024,23-Mar 4am,13993.36,
Uttar Pradesh - 2024,23-Mar 5am,14479.56,
Uttar Pradesh - 2024,23-Mar 6am,14532.5,
Uttar Pradesh - 2024,23-Mar 7am,14542.19,
Uttar Pradesh - 2024,23-Mar 8am,15255.22,
Uttar Pradesh - 2024,23-Mar 9am,16440.03,
Uttar Pradesh - 2024,23-Mar 10am,17205.53,
Uttar Pradesh - 2024,23-Mar 11am,17086.64,
Uttar Pradesh - 2024,23-Mar 12pm,16190.44,
Uttar Pradesh - 2024,23-Mar 1pm,14944.49,
Uttar Pradesh - 2024,23-Mar 2pm,14380.63,
Uttar Pradesh - 2024,23-Mar 3pm,13991.51,
Uttar Pradesh - 2024,23-Mar 4pm,13596.62,
Uttar Pradesh - 2024,23-Mar 5pm,13750.66,
Uttar Pradesh - 2024,23-Mar 6pm,15771.67,
Uttar Pradesh - 2024,23-Mar 7pm,18306.32,
Uttar Pradesh - 2024,23-Mar 8pm,17921.77,
Uttar Pradesh - 2024,23-Mar 9pm,17093.5,
Uttar Pradesh - 2024,23-Mar 10pm,16181.96,
Uttar Pradesh - 2024,23-Mar 11pm,15387.38,
Uttar Pradesh - 2024,24-Mar 12am,14727.28,
Uttar Pradesh - 2024,24-Mar 1am,14230.05,
Uttar Pradesh - 2024,24-Mar 2am,13931.52,
Uttar Pradesh - 2024,24-Mar 3am,14067.22,
Uttar Pradesh - 2024,24-Mar 4am,14507.13,
Uttar Pradesh - 2024,24-Mar 5am,15009.48,
Uttar Pradesh - 2024,24-Mar 6am,15151.68,
Uttar Pradesh - 2024,24-Mar 7am,15440.84,
Uttar Pradesh - 2024,24-Mar 8am,16002.61,
Uttar Pradesh - 2024,24-Mar 9am,16570.04,
Uttar Pradesh - 2024,24-Mar 10am,16685.85,
Uttar Pradesh - 2024,24-Mar 11am,16169.41,
Uttar Pradesh - 2024,24-Mar 12pm,15378.39,
Uttar Pradesh - 2024,24-Mar 1pm,14454.21,
Uttar Pradesh - 2024,24-Mar 2pm,13797.87,
Uttar Pradesh - 2024,24-Mar 3pm,13442.16,
Uttar Pradesh - 2024,24-Mar 4pm,13344.89,
Uttar Pradesh - 2024,24-Mar 5pm,13493.3,
Uttar Pradesh - 2024,24-Mar 6pm,14522.6,
Uttar Pradesh - 2024,24-Mar 7pm,16037.63,
Uttar Pradesh - 2024,24-Mar 8pm,15864.3,
Uttar Pradesh - 2024,24-Mar 9pm,15335.15,
Uttar Pradesh - 2024,24-Mar 10pm,14583.1,
Uttar Pradesh - 2024,24-Mar 11pm,13838.69,
Uttar Pradesh - 2024,25-Mar 12am,13320.2,
Uttar Pradesh - 2024,25-Mar 1am,13020.86,
Uttar Pradesh - 2024,25-Mar 2am,12785.63,
Uttar Pradesh - 2024,25-Mar 3am,12915.83,
Uttar Pradesh - 2024,25-Mar 4am,13163.46,
Uttar Pradesh - 2024,25-Mar 5am,13525.05,
Uttar Pradesh - 2024,25-Mar 6am,13761.55,
Uttar Pradesh - 2024,25-Mar 7am,13920.02,
Uttar Pradesh - 2024,25-Mar 8am,14434.74,
Uttar Pradesh - 2024,25-Mar 9am,14655.42,
Uttar Pradesh - 2024,25-Mar 10am,14695.24,
Uttar Pradesh - 2024,25-Mar 11am,14507.68,
Uttar Pradesh - 2024,25-Mar 12pm,14289.54,
Uttar Pradesh - 2024,25-Mar 1pm,14144.43,
Uttar Pradesh - 2024,25-Mar 2pm,13712.95,
Uttar Pradesh - 2024,25-Mar 3pm,13436.64,
Uttar Pradesh - 2024,25-Mar 4pm,13066.72,
Uttar Pradesh - 2024,25-Mar 5pm,12595.36,
Uttar Pradesh - 2024,25-Mar 6pm,13241.34,
Uttar Pradesh - 2024,25-Mar 7pm,14943.57,
Uttar Pradesh - 2024,25-Mar 8pm,15052.08,
Uttar Pradesh - 2024,25-Mar 9pm,14698.41,
Uttar Pradesh - 2024,25-Mar 10pm,14129.01,
Uttar Pradesh - 2024,25-Mar 11pm,13516.91,
Uttar Pradesh - 2024,26-Mar 12am,12953.65,
Uttar Pradesh - 2024,26-Mar 1am,12669.61,
Uttar Pradesh - 2024,26-Mar 2am,12464.8,
Uttar Pradesh - 2024,26-Mar 3am,12644.96,
Uttar Pradesh - 2024,26-Mar 4am,12959.98,
Uttar Pradesh - 2024,26-Mar 5am,13099.4,
Uttar Pradesh - 2024,26-Mar 6am,12907.37,
Uttar Pradesh - 2024,26-Mar 7am,12608.58,
Uttar Pradesh - 2024,26-Mar 8am,13324.99,
Uttar Pradesh - 2024,26-Mar 9am,14380.12,
Uttar Pradesh - 2024,26-Mar 10am,15363.02,
Uttar Pradesh - 2024,26-Mar 11am,15432.54,
Uttar Pradesh - 2024,26-Mar 12pm,15054.77,
Uttar Pradesh - 2024,26-Mar 1pm,14194.04,
Uttar Pradesh - 2024,26-Mar 2pm,13715.78,
Uttar Pradesh - 2024,26-Mar 3pm,13278.07,
Uttar Pradesh - 2024,26-Mar 4pm,12783.25,
Uttar Pradesh - 2024,26-Mar 5pm,12836.5,
Uttar Pradesh - 2024,26-Mar 6pm,14739.64,
Uttar Pradesh - 2024,26-Mar 7pm,17318.93,
Uttar Pradesh - 2024,26-Mar 8pm,17050.13,
Uttar Pradesh - 2024,26-Mar 9pm,16452.11,
Uttar Pradesh - 2024,26-Mar 10pm,15627.13,
Uttar Pradesh - 2024,26-Mar 11pm,14953.7,
Uttar Pradesh - 2024,27-Mar 12am,14381.71,
Uttar Pradesh - 2024,27-Mar 1am,13990.25,
Uttar Pradesh - 2024,27-Mar 2am,13660.06,
Uttar Pradesh - 2024,27-Mar 3am,13794.89,
Uttar Pradesh - 2024,27-Mar 4am,14078.58,
Uttar Pradesh - 2024,27-Mar 5am,14230.34,
Uttar Pradesh - 2024,27-Mar 6am,13686.51,
Uttar Pradesh - 2024,27-Mar 7am,13350.45,
Uttar Pradesh - 2024,27-Mar 8am,13877.2,
Uttar Pradesh - 2024,27-Mar 9am,15002.07,
Uttar Pradesh - 2024,27-Mar 10am,16139.88,
Uttar Pradesh - 2024,27-Mar 11am,16214.58,
Uttar Pradesh - 2024,27-Mar 12pm,15763.05,
Uttar Pradesh - 2024,27-Mar 1pm,14939.47,
Uttar Pradesh - 2024,27-Mar 2pm,14722.78,
Uttar Pradesh - 2024,27-Mar 3pm,14366.07,
Uttar Pradesh - 2024,27-Mar 4pm,13721.61,
Uttar Pradesh - 2024,27-Mar 5pm,13908.16,
Uttar Pradesh - 2024,27-Mar 6pm,16002.01,
Uttar Pradesh - 2024,27-Mar 7pm,18860.55,
Uttar Pradesh - 2024,27-Mar 8pm,18670.56,
Uttar Pradesh - 2024,27-Mar 9pm,18028.83,
Uttar Pradesh - 2024,27-Mar 10pm,17175.95,
Uttar Pradesh - 2024,27-Mar 11pm,16467.75,
Uttar Pradesh - 2024,28-Mar 12am,15841.05,
Uttar Pradesh - 2024,28-Mar 1am,15380.48,
Uttar Pradesh - 2024,28-Mar 2am,15049.93,
Uttar Pradesh - 2024,28-Mar 3am,15086.05,
Uttar Pradesh - 2024,28-Mar 4am,15276.96,
Uttar Pradesh - 2024,28-Mar 5am,15418.44,
Uttar Pradesh - 2024,28-Mar 6am,14596.36,
Uttar Pradesh - 2024,28-Mar 7am,14051.62,
Uttar Pradesh - 2024,28-Mar 8am,14696.83,
Uttar Pradesh - 2024,28-Mar 9am,15914.43,
Uttar Pradesh - 2024,28-Mar 10am,17035.82,
Uttar Pradesh - 2024,28-Mar 11am,17087.43,
Uttar Pradesh - 2024,28-Mar 12pm,16758.29,
Uttar Pradesh - 2024,28-Mar 1pm,16128.65,
Uttar Pradesh - 2024,28-Mar 2pm,16169.15,
Uttar Pradesh - 2024,28-Mar 3pm,15795.69,
Uttar Pradesh - 2024,28-Mar 4pm,15019.07,
Uttar Pradesh - 2024,28-Mar 5pm,15003.37,
Uttar Pradesh - 2024,28-Mar 6pm,17055.72,
Uttar Pradesh - 2024,28-Mar 7pm,19800.71,
Uttar Pradesh - 2024,28-Mar 8pm,19764.87,
Uttar Pradesh - 2024,28-Mar 9pm,19193.57,
Uttar Pradesh - 2024,28-Mar 10pm,18278.51,
Uttar Pradesh - 2024,28-Mar 11pm,17512.45,
Uttar Pradesh - 2024,29-Mar 12am,16989.62,
Uttar Pradesh - 2024,29-Mar 1am,16571.17,
Uttar Pradesh - 2024,29-Mar 2am,16225.22,
Uttar Pradesh - 2024,29-Mar 3am,16352.26,
Uttar Pradesh - 2024,29-Mar 4am,16472.81,
Uttar Pradesh - 2024,29-Mar 5am,16515.3,
Uttar Pradesh - 2024,29-Mar 6am,15371.76,
Uttar Pradesh - 2024,29-Mar 7am,14660.92,
Uttar Pradesh - 2024,29-Mar 8am,15225.75,
Uttar Pradesh - 2024,29-Mar 9am,16361.76,
Uttar Pradesh - 2024,29-Mar 10am,17679.15,
Uttar Pradesh - 2024,29-Mar 11am,18072.63,
Uttar Pradesh - 2024,29-Mar 12pm,17627.02,
Uttar Pradesh - 2024,29-Mar 1pm,16845.27,
Uttar Pradesh - 2024,29-Mar 2pm,16778.14,
Uttar Pradesh - 2024,29-Mar 3pm,16254.17,
Uttar Pradesh - 2024,29-Mar 4pm,15550.05,
Uttar Pradesh - 2024,29-Mar 5pm,15253.19,
Uttar Pradesh - 2024,29-Mar 6pm,16975.39,
Uttar Pradesh - 2024,29-Mar 7pm,19576.05,
Uttar Pradesh - 2024,29-Mar 8pm,19233.37,
Uttar Pradesh - 2024,29-Mar 9pm,18943.55,
Uttar Pradesh - 2024,29-Mar 10pm,18346.16,
Uttar Pradesh - 2024,29-Mar 11pm,17880.97,
Uttar Pradesh - 2024,30-Mar 12am,17369.82,
Uttar Pradesh - 2024,30-Mar 1am,16795.37,
Uttar Pradesh - 2024,30-Mar 2am,16460.86,
Uttar Pradesh - 2024,30-Mar 3am,16490.43,
Uttar Pradesh - 2024,30-Mar 4am,16630.71,
Uttar Pradesh - 2024,30-Mar 5am,16665.43,
Uttar Pradesh - 2024,30-Mar 6am,15300.11,
Uttar Pradesh - 2024,30-Mar 7am,14310.95,
Uttar Pradesh - 2024,30-Mar 8am,14718.81,
Uttar Pradesh - 2024,30-Mar 9am,15827.21,
Uttar Pradesh - 2024,30-Mar 10am,16977.47,
Uttar Pradesh - 2024,30-Mar 11am,17329.21,
Uttar Pradesh - 2024,30-Mar 12pm,16897.6,
Uttar Pradesh - 2024,30-Mar 1pm,16435.6,
Uttar Pradesh - 2024,30-Mar 2pm,16508.69,
Uttar Pradesh - 2024,30-Mar 3pm,16193.84,
Uttar Pradesh - 2024,30-Mar 4pm,15648.26,
Uttar Pradesh - 2024,30-Mar 5pm,15445.09,
Uttar Pradesh - 2024,30-Mar 6pm,17561.31,
Uttar Pradesh - 2024,30-Mar 7pm,20762.38,
Uttar Pradesh - 2024,30-Mar 8pm,20745.94,
Uttar Pradesh - 2024,30-Mar 9pm,20363.44,
Uttar Pradesh - 2024,30-Mar 10pm,19623.1,
Uttar Pradesh - 2024,30-Mar 11pm,19079.4,
Uttar Pradesh - 2024,31-Mar 12am,18454.83,
Uttar Pradesh - 2024,31-Mar 1am,17882.81,
Uttar Pradesh - 2024,31-Mar 2am,17493.45,
Uttar Pradesh - 2024,31-Mar 3am,17439.16,
Uttar Pradesh - 2024,31-Mar 4am,17399.76,
Uttar Pradesh - 2024,31-Mar 5am,17232.58,
Uttar Pradesh - 2024,31-Mar 6am,15645.93,
Uttar Pradesh - 2024,31-Mar 7am,14488.06,
Uttar Pradesh - 2024,31-Mar 8am,14830.79,
Uttar Pradesh - 2024,31-Mar 9am,16210.71,
Uttar Pradesh - 2024,31-Mar 10am,17477.55,
Uttar Pradesh - 2024,31-Mar 11am,17643.64,
Uttar Pradesh - 2024,31-Mar 12pm,16979.11,
Uttar Pradesh - 2024,31-Mar 1pm,15992.73,
Uttar Pradesh - 2024,31-Mar 2pm,15413.12,
Uttar Pradesh - 2024,31-Mar 3pm,14724.81,
Uttar Pradesh - 2024,31-Mar 4pm,14132.21,
Uttar Pradesh - 2024,31-Mar 5pm,14417.14,
Uttar Pradesh - 2024,31-Mar 6pm,16643.9,
Uttar Pradesh - 2024,31-Mar 7pm,20019.06,
Uttar Pradesh - 2024,31-Mar 8pm,20361.62,
Uttar Pradesh - 2024,31-Mar 9pm,19964.08,
Uttar Pradesh - 2024,31-Mar 10pm,19436.46,
Uttar Pradesh - 2024,31-Mar 11pm,18774.37,
Uttar Pradesh - 2024,01-Apr 12am,11775.16,
Uttar Pradesh - 2024,01-Apr 1am,11219.44,
Uttar Pradesh - 2024,01-Apr 2am,10916.9,
Uttar Pradesh - 2024,01-Apr 3am,10847.63,
Uttar Pradesh - 2024,01-Apr 4am,11347.39,
Uttar Pradesh - 2024,01-Apr 5am,12104.68,
Uttar Pradesh - 2024,01-Apr 6am,11449.59,
Uttar Pradesh - 2024,01-Apr 7am,12583.99,
Uttar Pradesh - 2024,01-Apr 8am,16961.38,
Uttar Pradesh - 2024,01-Apr 9am,18026.09,
Uttar Pradesh - 2024,01-Apr 10am,18196.07,
Uttar Pradesh - 2024,01-Apr 11am,17151.59,
Uttar Pradesh - 2024,01-Apr 12pm,15201.03,
Uttar Pradesh - 2024,01-Apr 1pm,13793.81,
Uttar Pradesh - 2024,01-Apr 2pm,13812.73,
Uttar Pradesh - 2024,01-Apr 3pm,13098.96,
Uttar Pradesh - 2024,01-Apr 4pm,12215,
Uttar Pradesh - 2024,01-Apr 5pm,12136.85,
Uttar Pradesh - 2024,01-Apr 6pm,14610.83,
Uttar Pradesh - 2024,01-Apr 7pm,16644.43,
Uttar Pradesh - 2024,01-Apr 8pm,15279.75,
Uttar Pradesh - 2024,01-Apr 9pm,13493.43,
Uttar Pradesh - 2024,01-Apr 10pm,11764.1,
Uttar Pradesh - 2024,01-Apr 11pm,10698.52,
Uttar Pradesh - 2024,02-Apr 12am,10280.2,
Uttar Pradesh - 2024,02-Apr 1am,9916.94,
Uttar Pradesh - 2024,02-Apr 2am,9646.55,
Uttar Pradesh - 2024,02-Apr 3am,9488.47,
Uttar Pradesh - 2024,02-Apr 4am,9870.34,
Uttar Pradesh - 2024,02-Apr 5am,10323.35,
Uttar Pradesh - 2024,02-Apr 6am,10088.19,
Uttar Pradesh - 2024,02-Apr 7am,11486.92,
Uttar Pradesh - 2024,02-Apr 8am,14048.78,
Uttar Pradesh - 2024,02-Apr 9am,13761.55,
Uttar Pradesh - 2024,02-Apr 10am,13158.73,
Uttar Pradesh - 2024,02-Apr 11am,12116.62,
Uttar Pradesh - 2024,02-Apr 12pm,10808.22,
Uttar Pradesh - 2024,02-Apr 1pm,10049.48,
Uttar Pradesh - 2024,02-Apr 2pm,10424.14,
Uttar Pradesh - 2024,02-Apr 3pm,10523.69,
Uttar Pradesh - 2024,02-Apr 4pm,10597.38,
Uttar Pradesh - 2024,02-Apr 5pm,10821.08,
Uttar Pradesh - 2024,02-Apr 6pm,12779.79,
Uttar Pradesh - 2024,02-Apr 7pm,14641.97,
Uttar Pradesh - 2024,02-Apr 8pm,13460.75,
Uttar Pradesh - 2024,02-Apr 9pm,11934.7,
Uttar Pradesh - 2024,02-Apr 10pm,10700.28,
Uttar Pradesh - 2024,02-Apr 11pm,10027.24,
Uttar Pradesh - 2024,03-Apr 12am,9378.28,
Uttar Pradesh - 2024,03-Apr 1am,8645.69,
Uttar Pradesh - 2024,03-Apr 2am,8092.26,
Uttar Pradesh - 2024,03-Apr 3am,7656.9,
Uttar Pradesh - 2024,03-Apr 4am,7737.59,
Uttar Pradesh - 2024,03-Apr 5am,8298.61,
Uttar Pradesh - 2024,03-Apr 6am,8392.72,
Uttar Pradesh - 2024,03-Apr 7am,9135.77,
Uttar Pradesh - 2024,03-Apr 8am,10641.49,
Uttar Pradesh - 2024,03-Apr 9am,12106.69,
Uttar Pradesh - 2024,03-Apr 10am,12470.54,
Uttar Pradesh - 2024,03-Apr 11am,11891.54,
Uttar Pradesh - 2024,03-Apr 12pm,11391.24,
Uttar Pradesh - 2024,03-Apr 1pm,11093.61,
Uttar Pradesh - 2024,03-Apr 2pm,10596.07,
Uttar Pradesh - 2024,03-Apr 3pm,10056.67,
Uttar Pradesh - 2024,03-Apr 4pm,9037.59,
Uttar Pradesh - 2024,03-Apr 5pm,9026.97,
Uttar Pradesh - 2024,03-Apr 6pm,13006.57,
Uttar Pradesh - 2024,03-Apr 7pm,14702.33,
Uttar Pradesh - 2024,03-Apr 8pm,13910.86,
Uttar Pradesh - 2024,03-Apr 9pm,12627.65,
Uttar Pradesh - 2024,03-Apr 10pm,11395.23,
Uttar Pradesh - 2024,03-Apr 11pm,10503.04,
Uttar Pradesh - 2024,04-Apr 12am,9828.06,
Uttar Pradesh - 2024,04-Apr 1am,9398.17,
Uttar Pradesh - 2024,04-Apr 2am,9340.38,
Uttar Pradesh - 2024,04-Apr 3am,9331.29,
Uttar Pradesh - 2024,04-Apr 4am,9697.38,
Uttar Pradesh - 2024,04-Apr 5am,10228.17,
Uttar Pradesh - 2024,04-Apr 6am,10072.55,
Uttar Pradesh - 2024,04-Apr 7am,11331.62,
Uttar Pradesh - 2024,04-Apr 8am,14073.71,
Uttar Pradesh - 2024,04-Apr 9am,14576.45,
Uttar Pradesh - 2024,04-Apr 10am,14551.31,
Uttar Pradesh - 2024,04-Apr 11am,13582.06,
Uttar Pradesh - 2024,04-Apr 12pm,11765.47,
Uttar Pradesh - 2024,04-Apr 1pm,10550.22,
Uttar Pradesh - 2024,04-Apr 2pm,10913.82,
Uttar Pradesh - 2024,04-Apr 3pm,10425.18,
Uttar Pradesh - 2024,04-Apr 4pm,10135.26,
Uttar Pradesh - 2024,04-Apr 5pm,10299.67,
Uttar Pradesh - 2024,04-Apr 6pm,12688.81,
Uttar Pradesh - 2024,04-Apr 7pm,15792.63,
Uttar Pradesh - 2024,04-Apr 8pm,15104.93,
Uttar Pradesh - 2024,04-Apr 9pm,13766.97,
Uttar Pradesh - 2024,04-Apr 10pm,12452.26,
Uttar Pradesh - 2024,04-Apr 11pm,11497.61,
Uttar Pradesh - 2024,05-Apr 12am,10815.02,
Uttar Pradesh - 2024,05-Apr 1am,10306.76,
Uttar Pradesh - 2024,05-Apr 2am,10134.92,
Uttar Pradesh - 2024,05-Apr 3am,9971.69,
Uttar Pradesh - 2024,05-Apr 4am,10430.37,
Uttar Pradesh - 2024,05-Apr 5am,10885.49,
Uttar Pradesh - 2024,05-Apr 6am,10726.27,
Uttar Pradesh - 2024,05-Apr 7am,11538.39,
Uttar Pradesh - 2024,05-Apr 8am,14660.16,
Uttar Pradesh - 2024,05-Apr 9am,14805.25,
Uttar Pradesh - 2024,05-Apr 10am,14437.03,
Uttar Pradesh - 2024,05-Apr 11am,13232.84,
Uttar Pradesh - 2024,05-Apr 12pm,11271,
Uttar Pradesh - 2024,05-Apr 1pm,10306.4,
Uttar Pradesh - 2024,05-Apr 2pm,10744.86,
Uttar Pradesh - 2024,05-Apr 3pm,10383.49,
Uttar Pradesh - 2024,05-Apr 4pm,10037.95,
Uttar Pradesh - 2024,05-Apr 5pm,10241.14,
Uttar Pradesh - 2024,05-Apr 6pm,12996.48,
Uttar Pradesh - 2024,05-Apr 7pm,16143.13,
Uttar Pradesh - 2024,05-Apr 8pm,15478.34,
Uttar Pradesh - 2024,05-Apr 9pm,13925.8,
Uttar Pradesh - 2024,05-Apr 10pm,12495.16,
Uttar Pradesh - 2024,05-Apr 11pm,11423.32,
Uttar Pradesh - 2024,06-Apr 12am,10752.7,
Uttar Pradesh - 2024,06-Apr 1am,10298.04,
Uttar Pradesh - 2024,06-Apr 2am,10021.54,
Uttar Pradesh - 2024,06-Apr 3am,9921.53,
Uttar Pradesh - 2024,06-Apr 4am,10388.56,
Uttar Pradesh - 2024,06-Apr 5am,10959.47,
Uttar Pradesh - 2024,06-Apr 6am,10767.66,
Uttar Pradesh - 2024,06-Apr 7am,11518.62,
Uttar Pradesh - 2024,06-Apr 8am,14975.59,
Uttar Pradesh - 2024,06-Apr 9am,15310.68,
Uttar Pradesh - 2024,06-Apr 10am,14905.64,
Uttar Pradesh - 2024,06-Apr 11am,13780.22,
Uttar Pradesh - 2024,06-Apr 12pm,11725.17,
Uttar Pradesh - 2024,06-Apr 1pm,10457.26,
Uttar Pradesh - 2024,06-Apr 2pm,11097.1,
Uttar Pradesh - 2024,06-Apr 3pm,10823.41,
Uttar Pradesh - 2024,06-Apr 4pm,10546.26,
Uttar Pradesh - 2024,06-Apr 5pm,10694.5,
Uttar Pradesh - 2024,06-Apr 6pm,13143.04,
Uttar Pradesh - 2024,06-Apr 7pm,16074.07,
Uttar Pradesh - 2024,06-Apr 8pm,15248.51,
Uttar Pradesh - 2024,06-Apr 9pm,13787.99,
Uttar Pradesh - 2024,06-Apr 10pm,12421.17,
Uttar Pradesh - 2024,06-Apr 11pm,11445.11,
Uttar Pradesh - 2024,07-Apr 12am,10756.81,
Uttar Pradesh - 2024,07-Apr 1am,10266.91,
Uttar Pradesh - 2024,07-Apr 2am,10013.55,
Uttar Pradesh - 2024,07-Apr 3am,9952.31,
Uttar Pradesh - 2024,07-Apr 4am,10448.64,
Uttar Pradesh - 2024,07-Apr 5am,11038.29,
Uttar Pradesh - 2024,07-Apr 6am,10722.37,
Uttar Pradesh - 2024,07-Apr 7am,11559.59,
Uttar Pradesh - 2024,07-Apr 8am,14961.18,
Uttar Pradesh - 2024,07-Apr 9am,15333.22,
Uttar Pradesh - 2024,07-Apr 10am,15142.12,
Uttar Pradesh - 2024,07-Apr 11am,13944.61,
Uttar Pradesh - 2024,07-Apr 12pm,11994.2,
Uttar Pradesh - 2024,07-Apr 1pm,10632.37,
Uttar Pradesh - 2024,07-Apr 2pm,11335.66,
Uttar Pradesh - 2024,07-Apr 3pm,11169.27,
Uttar Pradesh - 2024,07-Apr 4pm,10861.76,
Uttar Pradesh - 2024,07-Apr 5pm,10903.56,
Uttar Pradesh - 2024,07-Apr 6pm,12968.88,
Uttar Pradesh - 2024,07-Apr 7pm,16096.97,
Uttar Pradesh - 2024,07-Apr 8pm,15502.97,
Uttar Pradesh - 2024,07-Apr 9pm,14135,
Uttar Pradesh - 2024,07-Apr 10pm,12740.66,
Uttar Pradesh - 2024,07-Apr 11pm,11743.84,
Uttar Pradesh - 2024,08-Apr 12am,11093.98,
Uttar Pradesh - 2024,08-Apr 1am,10571.29,
Uttar Pradesh - 2024,08-Apr 2am,10390.71,
Uttar Pradesh - 2024,08-Apr 3am,10441.05,
Uttar Pradesh - 2024,08-Apr 4am,11176.41,
Uttar Pradesh - 2024,08-Apr 5am,12171.32,
Uttar Pradesh - 2024,08-Apr 6am,12115.05,
Uttar Pradesh - 2024,08-Apr 7am,11763.23,
Uttar Pradesh - 2024,08-Apr 8am,13247.35,
Uttar Pradesh - 2024,08-Apr 9am,15118.59,
Uttar Pradesh - 2024,08-Apr 10am,16208.68,
Uttar Pradesh - 2024,08-Apr 11am,15355.77,
Uttar Pradesh - 2024,08-Apr 12pm,13170.82,
Uttar Pradesh - 2024,08-Apr 1pm,11038.47,
Uttar Pradesh - 2024,08-Apr 2pm,10337.22,
Uttar Pradesh - 2024,08-Apr 3pm,9875.09,
Uttar Pradesh - 2024,08-Apr 4pm,9481.67,
Uttar Pradesh - 2024,08-Apr 5pm,10639.86,
Uttar Pradesh - 2024,08-Apr 6pm,14050.51,
Uttar Pradesh - 2024,08-Apr 7pm,16643.25,
Uttar Pradesh - 2024,08-Apr 8pm,15565.28,
Uttar Pradesh - 2024,08-Apr 9pm,14102.94,
Uttar Pradesh - 2024,08-Apr 10pm,12695.9,
Uttar Pradesh - 2024,08-Apr 11pm,11708.81,
Uttar Pradesh - 2024,09-Apr 12am,11017.06,
Uttar Pradesh - 2024,09-Apr 1am,10595.93,
Uttar Pradesh - 2024,09-Apr 2am,10308.51,
Uttar Pradesh - 2024,09-Apr 3am,10206.8,
Uttar Pradesh - 2024,09-Apr 4am,10702.52,
Uttar Pradesh - 2024,09-Apr 5am,11340.11,
Uttar Pradesh - 2024,09-Apr 6am,10956.7,
Uttar Pradesh - 2024,09-Apr 7am,11607.27,
Uttar Pradesh - 2024,09-Apr 8am,15040.39,
Uttar Pradesh - 2024,09-Apr 9am,15882.32,
Uttar Pradesh - 2024,09-Apr 10am,15790.08,
Uttar Pradesh - 2024,09-Apr 11am,14621.96,
Uttar Pradesh - 2024,09-Apr 12pm,12715.17,
Uttar Pradesh - 2024,09-Apr 1pm,11556.49,
Uttar Pradesh - 2024,09-Apr 2pm,12074.59,
Uttar Pradesh - 2024,09-Apr 3pm,11687.96,
Uttar Pradesh - 2024,09-Apr 4pm,11044.24,
Uttar Pradesh - 2024,09-Apr 5pm,11040.1,
Uttar Pradesh - 2024,09-Apr 6pm,13865.27,
Uttar Pradesh - 2024,09-Apr 7pm,17059.57,
Uttar Pradesh - 2024,09-Apr 8pm,16297.52,
Uttar Pradesh - 2024,09-Apr 9pm,14750.59,
Uttar Pradesh - 2024,09-Apr 10pm,13281.81,
Uttar Pradesh - 2024,09-Apr 11pm,12302.81,
Uttar Pradesh - 2024,10-Apr 12am,11592.35,
Uttar Pradesh - 2024,10-Apr 1am,11089.94,
Uttar Pradesh - 2024,10-Apr 2am,10780.76,
Uttar Pradesh - 2024,10-Apr 3am,10639.97,
Uttar Pradesh - 2024,10-Apr 4am,11064.46,
Uttar Pradesh - 2024,10-Apr 5am,11510.59,
Uttar Pradesh - 2024,10-Apr 6am,11164.66,
Uttar Pradesh - 2024,10-Apr 7am,11440.95,
Uttar Pradesh - 2024,10-Apr 8am,13489.95,
Uttar Pradesh - 2024,10-Apr 9am,15386.9,
Uttar Pradesh - 2024,10-Apr 10am,15769.81,
Uttar Pradesh - 2024,10-Apr 11am,14732.77,
Uttar Pradesh - 2024,10-Apr 12pm,13069.02,
Uttar Pradesh - 2024,10-Apr 1pm,12269.69,
Uttar Pradesh - 2024,10-Apr 2pm,12086.63,
Uttar Pradesh - 2024,10-Apr 3pm,11201.99,
Uttar Pradesh - 2024,10-Apr 4pm,10257.25,
Uttar Pradesh - 2024,10-Apr 5pm,10060.86,
Uttar Pradesh - 2024,10-Apr 6pm,14328.05,
Uttar Pradesh - 2024,10-Apr 7pm,17136.9,
Uttar Pradesh - 2024,10-Apr 8pm,16043.31,
Uttar Pradesh - 2024,10-Apr 9pm,14656.27,
Uttar Pradesh - 2024,10-Apr 10pm,13208.28,
Uttar Pradesh - 2024,10-Apr 11pm,12191.81,
Uttar Pradesh - 2024,11-Apr 12am,11542.55,
Uttar Pradesh - 2024,11-Apr 1am,11015.87,
Uttar Pradesh - 2024,11-Apr 2am,10710.56,
Uttar Pradesh - 2024,11-Apr 3am,10620.89,
Uttar Pradesh - 2024,11-Apr 4am,11186.09,
Uttar Pradesh - 2024,11-Apr 5am,12128.37,
Uttar Pradesh - 2024,11-Apr 6am,11532.71,
Uttar Pradesh - 2024,11-Apr 7am,11609.84,
Uttar Pradesh - 2024,11-Apr 8am,13895.24,
Uttar Pradesh - 2024,11-Apr 9am,15959.61,
Uttar Pradesh - 2024,11-Apr 10am,16524.71,
Uttar Pradesh - 2024,11-Apr 11am,16197.15,
Uttar Pradesh - 2024,11-Apr 12pm,14980.22,
Uttar Pradesh - 2024,11-Apr 1pm,13492.21,
Uttar Pradesh - 2024,11-Apr 2pm,11344.36,
Uttar Pradesh - 2024,11-Apr 3pm,9938.24,
Uttar Pradesh - 2024,11-Apr 4pm,11572.45,
Uttar Pradesh - 2024,11-Apr 5pm,11893.96,
Uttar Pradesh - 2024,11-Apr 6pm,15823.15,
Uttar Pradesh - 2024,11-Apr 7pm,18158.55,
Uttar Pradesh - 2024,11-Apr 8pm,16900.71,
Uttar Pradesh - 2024,11-Apr 9pm,15321.65,
Uttar Pradesh - 2024,11-Apr 10pm,13978.59,
Uttar Pradesh - 2024,11-Apr 11pm,13157.81,
Uttar Pradesh - 2024,12-Apr 12am,12492.37,
Uttar Pradesh - 2024,12-Apr 1am,12078.74,
Uttar Pradesh - 2024,12-Apr 2am,11907.89,
Uttar Pradesh - 2024,12-Apr 3am,12382.26,
Uttar Pradesh - 2024,12-Apr 4am,12872.67,
Uttar Pradesh - 2024,12-Apr 5am,12991.05,
Uttar Pradesh - 2024,12-Apr 6am,12010.47,
Uttar Pradesh - 2024,12-Apr 7am,11805.16,
Uttar Pradesh - 2024,12-Apr 8am,13387.34,
Uttar Pradesh - 2024,12-Apr 9am,15504.07,
Uttar Pradesh - 2024,12-Apr 10am,16815.26,
Uttar Pradesh - 2024,12-Apr 11am,16988.28,
Uttar Pradesh - 2024,12-Apr 12pm,15309.97,
Uttar Pradesh - 2024,12-Apr 1pm,13834.41,
Uttar Pradesh - 2024,12-Apr 2pm,12891.59,
Uttar Pradesh - 2024,12-Apr 3pm,12406,
Uttar Pradesh - 2024,12-Apr 4pm,11885.24,
Uttar Pradesh - 2024,12-Apr 5pm,12298.26,
Uttar Pradesh - 2024,12-Apr 6pm,16384.94,
Uttar Pradesh - 2024,12-Apr 7pm,18506.82,
Uttar Pradesh - 2024,12-Apr 8pm,17513,
Uttar Pradesh - 2024,12-Apr 9pm,16169.79,
Uttar Pradesh - 2024,12-Apr 10pm,14906.84,
Uttar Pradesh - 2024,12-Apr 11pm,14055.36,
Uttar Pradesh - 2024,13-Apr 12am,13295.44,
Uttar Pradesh - 2024,13-Apr 1am,12806.3,
Uttar Pradesh - 2024,13-Apr 2am,12516.08,
Uttar Pradesh - 2024,13-Apr 3am,12773.52,
Uttar Pradesh - 2024,13-Apr 4am,13446.52,
Uttar Pradesh - 2024,13-Apr 5am,13357.27,
Uttar Pradesh - 2024,13-Apr 6am,12289.63,
Uttar Pradesh - 2024,13-Apr 7am,12069.81,
Uttar Pradesh - 2024,13-Apr 8am,14038.7,
Uttar Pradesh - 2024,13-Apr 9am,15847.67,
Uttar Pradesh - 2024,13-Apr 10am,17323.37,
Uttar Pradesh - 2024,13-Apr 11am,17094.64,
Uttar Pradesh - 2024,13-Apr 12pm,16223.87,
Uttar Pradesh - 2024,13-Apr 1pm,14131.51,
Uttar Pradesh - 2024,13-Apr 2pm,13318,
Uttar Pradesh - 2024,13-Apr 3pm,12489.82,
Uttar Pradesh - 2024,13-Apr 4pm,12474.53,
Uttar Pradesh - 2024,13-Apr 5pm,13141.36,
Uttar Pradesh - 2024,13-Apr 6pm,16255.08,
Uttar Pradesh - 2024,13-Apr 7pm,18024.33,
Uttar Pradesh - 2024,13-Apr 8pm,17079.55,
Uttar Pradesh - 2024,13-Apr 9pm,16084.97,
Uttar Pradesh - 2024,13-Apr 10pm,14987.57,
Uttar Pradesh - 2024,13-Apr 11pm,14153.39,
Uttar Pradesh - 2024,14-Apr 12am,13446.72,
Uttar Pradesh - 2024,14-Apr 1am,12949.85,
Uttar Pradesh - 2024,14-Apr 2am,12629.62,
Uttar Pradesh - 2024,14-Apr 3am,12832.42,
Uttar Pradesh - 2024,14-Apr 4am,13464.09,
Uttar Pradesh - 2024,14-Apr 5am,13471.55,
Uttar Pradesh - 2024,14-Apr 6am,12381.31,
Uttar Pradesh - 2024,14-Apr 7am,11903.77,
Uttar Pradesh - 2024,14-Apr 8am,13765.6,
Uttar Pradesh - 2024,14-Apr 9am,15971.65,
Uttar Pradesh - 2024,14-Apr 10am,16908.29,
Uttar Pradesh - 2024,14-Apr 11am,16292.97,
Uttar Pradesh - 2024,14-Apr 12pm,15263.32,
Uttar Pradesh - 2024,14-Apr 1pm,13988.55,
Uttar Pradesh - 2024,14-Apr 2pm,13798.83,
Uttar Pradesh - 2024,14-Apr 3pm,13885.01,
Uttar Pradesh - 2024,14-Apr 4pm,12894,
Uttar Pradesh - 2024,14-Apr 5pm,12891.41,
Uttar Pradesh - 2024,14-Apr 6pm,16732.16,
Uttar Pradesh - 2024,14-Apr 7pm,18768.14,
Uttar Pradesh - 2024,14-Apr 8pm,18458.15,
Uttar Pradesh - 2024,14-Apr 9pm,17352.16,
Uttar Pradesh - 2024,14-Apr 10pm,16211.08,
Uttar Pradesh - 2024,14-Apr 11pm,15288.05,
Uttar Pradesh - 2024,15-Apr 12am,14507.31,
Uttar Pradesh - 2024,15-Apr 1am,13926.13,
Uttar Pradesh - 2024,15-Apr 2am,13637.51,
Uttar Pradesh - 2024,15-Apr 3am,13843.13,
Uttar Pradesh - 2024,15-Apr 4am,14518.67,
Uttar Pradesh - 2024,15-Apr 5am,13781.37,
Uttar Pradesh - 2024,15-Apr 6am,12668.54,
Uttar Pradesh - 2024,15-Apr 7am,12340.51,
Uttar Pradesh - 2024,15-Apr 8am,14071.32,
Uttar Pradesh - 2024,15-Apr 9am,16536.97,
Uttar Pradesh - 2024,15-Apr 10am,18089.83,
Uttar Pradesh - 2024,15-Apr 11am,18050.78,
Uttar Pradesh - 2024,15-Apr 12pm,15281.21,
Uttar Pradesh - 2024,15-Apr 1pm,14847.64,
Uttar Pradesh - 2024,15-Apr 2pm,13680.09,
Uttar Pradesh - 2024,15-Apr 3pm,12330.94,
Uttar Pradesh - 2024,15-Apr 4pm,10868.29,
Uttar Pradesh - 2024,15-Apr 5pm,12847.03,
Uttar Pradesh - 2024,15-Apr 6pm,16452.36,
Uttar Pradesh - 2024,15-Apr 7pm,18108.28,
Uttar Pradesh - 2024,15-Apr 8pm,18141.31,
Uttar Pradesh - 2024,15-Apr 9pm,16799.11,
Uttar Pradesh - 2024,15-Apr 10pm,15988.05,
Uttar Pradesh - 2024,15-Apr 11pm,14960.54,
Uttar Pradesh - 2024,16-Apr 12am,14416.96,
Uttar Pradesh - 2024,16-Apr 1am,13944.82,
Uttar Pradesh - 2024,16-Apr 2am,13587.28,
Uttar Pradesh - 2024,16-Apr 3am,13626.55,
Uttar Pradesh - 2024,16-Apr 4am,14294.77,
Uttar Pradesh - 2024,16-Apr 5am,13643.25,
Uttar Pradesh - 2024,16-Apr 6am,12303.92,
Uttar Pradesh - 2024,16-Apr 7am,12482.89,
Uttar Pradesh - 2024,16-Apr 8am,14546.87,
Uttar Pradesh - 2024,16-Apr 9am,16807.41,
Uttar Pradesh - 2024,16-Apr 10am,17762.46,
Uttar Pradesh - 2024,16-Apr 11am,17210.92,
Uttar Pradesh - 2024,16-Apr 12pm,16014.18,
Uttar Pradesh - 2024,16-Apr 1pm,14959.69,
Uttar Pradesh - 2024,16-Apr 2pm,14145.93,
Uttar Pradesh - 2024,16-Apr 3pm,13933.09,
Uttar Pradesh - 2024,16-Apr 4pm,12963.35,
Uttar Pradesh - 2024,16-Apr 5pm,13410.14,
Uttar Pradesh - 2024,16-Apr 6pm,16578.26,
Uttar Pradesh - 2024,16-Apr 7pm,19089.24,
Uttar Pradesh - 2024,16-Apr 8pm,18334.01,
Uttar Pradesh - 2024,16-Apr 9pm,17179.52,
Uttar Pradesh - 2024,16-Apr 10pm,15939.5,
Uttar Pradesh - 2024,16-Apr 11pm,15135.6,
Uttar Pradesh - 2024,17-Apr 12am,14487.96,
Uttar Pradesh - 2024,17-Apr 1am,13889.12,
Uttar Pradesh - 2024,17-Apr 2am,13476.68,
Uttar Pradesh - 2024,17-Apr 3am,13572.31,
Uttar Pradesh - 2024,17-Apr 4am,14209.72,
Uttar Pradesh - 2024,17-Apr 5am,14486.63,
Uttar Pradesh - 2024,17-Apr 6am,14589.59,
Uttar Pradesh - 2024,17-Apr 7am,15073.95,
Uttar Pradesh - 2024,17-Apr 8am,16217.99,
Uttar Pradesh - 2024,17-Apr 9am,17219.27,
Uttar Pradesh - 2024,17-Apr 10am,17620.15,
Uttar Pradesh - 2024,17-Apr 11am,17207.33,
Uttar Pradesh - 2024,17-Apr 12pm,16238.5,
Uttar Pradesh - 2024,17-Apr 1pm,15227.81,
Uttar Pradesh - 2024,17-Apr 2pm,14882.08,
Uttar Pradesh - 2024,17-Apr 3pm,14210.94,
Uttar Pradesh - 2024,17-Apr 4pm,13333.45,
Uttar Pradesh - 2024,17-Apr 5pm,13159.29,
Uttar Pradesh - 2024,17-Apr 6pm,15564.26,
Uttar Pradesh - 2024,17-Apr 7pm,18017.65,
Uttar Pradesh - 2024,17-Apr 8pm,17357.48,
Uttar Pradesh - 2024,17-Apr 9pm,16424.77,
Uttar Pradesh - 2024,17-Apr 10pm,15379.73,
Uttar Pradesh - 2024,17-Apr 11pm,14603.2,
Uttar Pradesh - 2024,18-Apr 12am,13967.78,
Uttar Pradesh - 2024,18-Apr 1am,13446.76,
Uttar Pradesh - 2024,18-Apr 2am,13153.96,
Uttar Pradesh - 2024,18-Apr 3am,13307.89,
Uttar Pradesh - 2024,18-Apr 4am,13953.51,
Uttar Pradesh - 2024,18-Apr 5am,14527.1,
Uttar Pradesh - 2024,18-Apr 6am,14820.36,
Uttar Pradesh - 2024,18-Apr 7am,15238.2,
Uttar Pradesh - 2024,18-Apr 8am,16287.64,
Uttar Pradesh - 2024,18-Apr 9am,17355.1,
Uttar Pradesh - 2024,18-Apr 10am,17810.4,
Uttar Pradesh - 2024,18-Apr 11am,17488.85,
Uttar Pradesh - 2024,18-Apr 12pm,16675.2,
Uttar Pradesh - 2024,18-Apr 1pm,15612.81,
Uttar Pradesh - 2024,18-Apr 2pm,15196.41,
Uttar Pradesh - 2024,18-Apr 3pm,14706.3,
Uttar Pradesh - 2024,18-Apr 4pm,13869.76,
Uttar Pradesh - 2024,18-Apr 5pm,13791.13,
Uttar Pradesh - 2024,18-Apr 6pm,16102.24,
Uttar Pradesh - 2024,18-Apr 7pm,18668.82,
Uttar Pradesh - 2024,18-Apr 8pm,18006.56,
Uttar Pradesh - 2024,18-Apr 9pm,16974.5,
Uttar Pradesh - 2024,18-Apr 10pm,15795.65,
Uttar Pradesh - 2024,18-Apr 11pm,14993.82,
Uttar Pradesh - 2024,19-Apr 12am,14427.28,
Uttar Pradesh - 2024,19-Apr 1am,13845.45,
Uttar Pradesh - 2024,19-Apr 2am,13548.49,
Uttar Pradesh - 2024,19-Apr 3am,13678.5,
Uttar Pradesh - 2024,19-Apr 4am,14191.51,
Uttar Pradesh - 2024,19-Apr 5am,14694.97,
Uttar Pradesh - 2024,19-Apr 6am,14872.53,
Uttar Pradesh - 2024,19-Apr 7am,15111.12,
Uttar Pradesh - 2024,19-Apr 8am,16025.47,
Uttar Pradesh - 2024,19-Apr 9am,17102.49,
Uttar Pradesh - 2024,19-Apr 10am,17885.79,
Uttar Pradesh - 2024,19-Apr 11am,17595.53,
Uttar Pradesh - 2024,19-Apr 12pm,16703.6,
Uttar Pradesh - 2024,19-Apr 1pm,15555.81,
Uttar Pradesh - 2024,19-Apr 2pm,15242.33,
Uttar Pradesh - 2024,19-Apr 3pm,14872.29,
Uttar Pradesh - 2024,19-Apr 4pm,14109.49,
Uttar Pradesh - 2024,19-Apr 5pm,14109.51,
Uttar Pradesh - 2024,19-Apr 6pm,16221.15,
Uttar Pradesh - 2024,19-Apr 7pm,18670.35,
Uttar Pradesh - 2024,19-Apr 8pm,17909.39,
Uttar Pradesh - 2024,19-Apr 9pm,16870.38,
Uttar Pradesh - 2024,19-Apr 10pm,15795.36,
Uttar Pradesh - 2024,19-Apr 11pm,14999.34,
Uttar Pradesh - 2024,20-Apr 12am,14383.61,
Uttar Pradesh - 2024,20-Apr 1am,13866.42,
Uttar Pradesh - 2024,20-Apr 2am,13587.41,
Uttar Pradesh - 2024,20-Apr 3am,13713.68,
Uttar Pradesh - 2024,20-Apr 4am,14185.21,
Uttar Pradesh - 2024,20-Apr 5am,14699.07,
Uttar Pradesh - 2024,20-Apr 6am,14985.39,
Uttar Pradesh - 2024,20-Apr 7am,15160.36,
Uttar Pradesh - 2024,20-Apr 8am,15850.23,
Uttar Pradesh - 2024,20-Apr 9am,16755.73,
Uttar Pradesh - 2024,20-Apr 10am,17053.89,
Uttar Pradesh - 2024,20-Apr 11am,16258.84,
Uttar Pradesh - 2024,20-Apr 12pm,15366.8,
Uttar Pradesh - 2024,20-Apr 1pm,13989.76,
Uttar Pradesh - 2024,20-Apr 2pm,13549.28,
Uttar Pradesh - 2024,20-Apr 3pm,13095,
Uttar Pradesh - 2024,20-Apr 4pm,12880.52,
Uttar Pradesh - 2024,20-Apr 5pm,13139.7,
Uttar Pradesh - 2024,20-Apr 6pm,15155.9,
Uttar Pradesh - 2024,20-Apr 7pm,17487.86,
Uttar Pradesh - 2024,20-Apr 8pm,16794.9,
Uttar Pradesh - 2024,20-Apr 9pm,15693.8,
Uttar Pradesh - 2024,20-Apr 10pm,14587.05,
Uttar Pradesh - 2024,20-Apr 11pm,13802.42,
Uttar Pradesh - 2024,21-Apr 12am,13307.69,
Uttar Pradesh - 2024,21-Apr 1am,12949.58,
Uttar Pradesh - 2024,21-Apr 2am,12595.46,
Uttar Pradesh - 2024,21-Apr 3am,12769.51,
Uttar Pradesh - 2024,21-Apr 4am,13222.95,
Uttar Pradesh - 2024,21-Apr 5am,13634.51,
Uttar Pradesh - 2024,21-Apr 6am,14084.06,
Uttar Pradesh - 2024,21-Apr 7am,14371.89,
Uttar Pradesh - 2024,21-Apr 8am,14967.2,
Uttar Pradesh - 2024,21-Apr 9am,15637.66,
Uttar Pradesh - 2024,21-Apr 10am,15964.84,
Uttar Pradesh - 2024,21-Apr 11am,15387.1,
Uttar Pradesh - 2024,21-Apr 12pm,14693.82,
Uttar Pradesh - 2024,21-Apr 1pm,13726.74,
Uttar Pradesh - 2024,21-Apr 2pm,13684.01,
Uttar Pradesh - 2024,21-Apr 3pm,13392.17,
Uttar Pradesh - 2024,21-Apr 4pm,13045.43,
Uttar Pradesh - 2024,21-Apr 5pm,13294.22,
Uttar Pradesh - 2024,21-Apr 6pm,15462.25,
Uttar Pradesh - 2024,21-Apr 7pm,17856.32,
Uttar Pradesh - 2024,21-Apr 8pm,17265.39,
Uttar Pradesh - 2024,21-Apr 9pm,16279.98,
Uttar Pradesh - 2024,21-Apr 10pm,15225.1,
Uttar Pradesh - 2024,21-Apr 11pm,14498.24,
Uttar Pradesh - 2024,22-Apr 12am,13835.9,
Uttar Pradesh - 2024,22-Apr 1am,13443.82,
Uttar Pradesh - 2024,22-Apr 2am,13167.09,
Uttar Pradesh - 2024,22-Apr 3am,13361.19,
Uttar Pradesh - 2024,22-Apr 4am,13920.96,
Uttar Pradesh - 2024,22-Apr 5am,14426.23,
Uttar Pradesh - 2024,22-Apr 6am,14791,
Uttar Pradesh - 2024,22-Apr 7am,14867.51,
Uttar Pradesh - 2024,22-Apr 8am,15728.73,
Uttar Pradesh - 2024,22-Apr 9am,16877.55,
Uttar Pradesh - 2024,22-Apr 10am,17438.08,
Uttar Pradesh - 2024,22-Apr 11am,17214.46,
Uttar Pradesh - 2024,22-Apr 12pm,16343.91,
Uttar Pradesh - 2024,22-Apr 1pm,14937.28,
Uttar Pradesh - 2024,22-Apr 2pm,14536.42,
Uttar Pradesh - 2024,22-Apr 3pm,14038.31,
Uttar Pradesh - 2024,22-Apr 4pm,13547.92,
Uttar Pradesh - 2024,22-Apr 5pm,13651.36,
Uttar Pradesh - 2024,22-Apr 6pm,15676.02,
Uttar Pradesh - 2024,22-Apr 7pm,18174.87,
Uttar Pradesh - 2024,22-Apr 8pm,17711.74,
Uttar Pradesh - 2024,22-Apr 9pm,16791.13,
Uttar Pradesh - 2024,22-Apr 10pm,15716.13,
Uttar Pradesh - 2024,22-Apr 11pm,14908.89,
Uttar Pradesh - 2024,23-Apr 12am,14259.41,
Uttar Pradesh - 2024,23-Apr 1am,13789.69,
Uttar Pradesh - 2024,23-Apr 2am,13454.02,
Uttar Pradesh - 2024,23-Apr 3am,13519.47,
Uttar Pradesh - 2024,23-Apr 4am,13993.36,
Uttar Pradesh - 2024,23-Apr 5am,14479.56,
Uttar Pradesh - 2024,23-Apr 6am,14532.5,
Uttar Pradesh - 2024,23-Apr 7am,14542.19,
Uttar Pradesh - 2024,23-Apr 8am,15255.22,
Uttar Pradesh - 2024,23-Apr 9am,16440.03,
Uttar Pradesh - 2024,23-Apr 10am,17205.53,
Uttar Pradesh - 2024,23-Apr 11am,17086.64,
Uttar Pradesh - 2024,23-Apr 12pm,16190.44,
Uttar Pradesh - 2024,23-Apr 1pm,14944.49,
Uttar Pradesh - 2024,23-Apr 2pm,14380.63,
Uttar Pradesh - 2024,23-Apr 3pm,13991.51,
Uttar Pradesh - 2024,23-Apr 4pm,13596.62,
Uttar Pradesh - 2024,23-Apr 5pm,13750.66,
Uttar Pradesh - 2024,23-Apr 6pm,15771.67,
Uttar Pradesh - 2024,23-Apr 7pm,18306.32,
Uttar Pradesh - 2024,23-Apr 8pm,17921.77,
Uttar Pradesh - 2024,23-Apr 9pm,17093.5,
Uttar Pradesh - 2024,23-Apr 10pm,16181.96,
Uttar Pradesh - 2024,23-Apr 11pm,15387.38,
Uttar Pradesh - 2024,24-Apr 12am,14727.28,
Uttar Pradesh - 2024,24-Apr 1am,14230.05,
Uttar Pradesh - 2024,24-Apr 2am,13931.52,
Uttar Pradesh - 2024,24-Apr 3am,14067.22,
Uttar Pradesh - 2024,24-Apr 4am,14507.13,
Uttar Pradesh - 2024,24-Apr 5am,15009.48,
Uttar Pradesh - 2024,24-Apr 6am,15151.68,
Uttar Pradesh - 2024,24-Apr 7am,15440.84,
Uttar Pradesh - 2024,24-Apr 8am,16002.61,
Uttar Pradesh - 2024,24-Apr 9am,16570.04,
Uttar Pradesh - 2024,24-Apr 10am,16685.85,
Uttar Pradesh - 2024,24-Apr 11am,16169.41,
Uttar Pradesh - 2024,24-Apr 12pm,15378.39,
Uttar Pradesh - 2024,24-Apr 1pm,14454.21,
Uttar Pradesh - 2024,24-Apr 2pm,13797.87,
Uttar Pradesh - 2024,24-Apr 3pm,13442.16,
Uttar Pradesh - 2024,24-Apr 4pm,13344.89,
Uttar Pradesh - 2024,24-Apr 5pm,13493.3,
Uttar Pradesh - 2024,24-Apr 6pm,14522.6,
Uttar Pradesh - 2024,24-Apr 7pm,16037.63,
Uttar Pradesh - 2024,24-Apr 8pm,15864.3,
Uttar Pradesh - 2024,24-Apr 9pm,15335.15,
Uttar Pradesh - 2024,24-Apr 10pm,14583.1,
Uttar Pradesh - 2024,24-Apr 11pm,13838.69,
Uttar Pradesh - 2024,25-Apr 12am,13320.2,
Uttar Pradesh - 2024,25-Apr 1am,13020.86,
Uttar Pradesh - 2024,25-Apr 2am,12785.63,
Uttar Pradesh - 2024,25-Apr 3am,12915.83,
Uttar Pradesh - 2024,25-Apr 4am,13163.46,
Uttar Pradesh - 2024,25-Apr 5am,13525.05,
Uttar Pradesh - 2024,25-Apr 6am,13761.55,
Uttar Pradesh - 2024,25-Apr 7am,13920.02,
Uttar Pradesh - 2024,25-Apr 8am,14434.74,
Uttar Pradesh - 2024,25-Apr 9am,14655.42,
Uttar Pradesh - 2024,25-Apr 10am,14695.24,
Uttar Pradesh - 2024,25-Apr 11am,14507.68,
Uttar Pradesh - 2024,25-Apr 12pm,14289.54,
Uttar Pradesh - 2024,25-Apr 1pm,14144.43,
Uttar Pradesh - 2024,25-Apr 2pm,13712.95,
Uttar Pradesh - 2024,25-Apr 3pm,13436.64,
Uttar Pradesh - 2024,25-Apr 4pm,13066.72,
Uttar Pradesh - 2024,25-Apr 5pm,12595.36,
Uttar Pradesh - 2024,25-Apr 6pm,13241.34,
Uttar Pradesh - 2024,25-Apr 7pm,14943.57,
Uttar Pradesh - 2024,25-Apr 8pm,15052.08,
Uttar Pradesh - 2024,25-Apr 9pm,14698.41,
Uttar Pradesh - 2024,25-Apr 10pm,14129.01,
Uttar Pradesh - 2024,25-Apr 11pm,13516.91,
Uttar Pradesh - 2024,26-Apr 12am,12953.65,
Uttar Pradesh - 2024,26-Apr 1am,12669.61,
Uttar Pradesh - 2024,26-Apr 2am,12464.8,
Uttar Pradesh - 2024,26-Apr 3am,12644.96,
Uttar Pradesh - 2024,26-Apr 4am,12959.98,
Uttar Pradesh - 2024,26-Apr 5am,13099.4,
Uttar Pradesh - 2024,26-Apr 6am,12907.37,
Uttar Pradesh - 2024,26-Apr 7am,12608.58,
Uttar Pradesh - 2024,26-Apr 8am,13324.99,
Uttar Pradesh - 2024,26-Apr 9am,14380.12,
Uttar Pradesh - 2024,26-Apr 10am,15363.02,
Uttar Pradesh - 2024,26-Apr 11am,15432.54,
Uttar Pradesh - 2024,26-Apr 12pm,15054.77,
Uttar Pradesh - 2024,26-Apr 1pm,14194.04,
Uttar Pradesh - 2024,26-Apr 2pm,13715.78,
Uttar Pradesh - 2024,26-Apr 3pm,13278.07,
Uttar Pradesh - 2024,26-Apr 4pm,12783.25,
Uttar Pradesh - 2024,26-Apr 5pm,12836.5,
Uttar Pradesh - 2024,26-Apr 6pm,14739.64,
Uttar Pradesh - 2024,26-Apr 7pm,17318.93,
Uttar Pradesh - 2024,26-Apr 8pm,17050.13,
Uttar Pradesh - 2024,26-Apr 9pm,16452.11,
Uttar Pradesh - 2024,26-Apr 10pm,15627.13,
Uttar Pradesh - 2024,26-Apr 11pm,14953.7,
Uttar Pradesh - 2024,27-Apr 12am,14381.71,
Uttar Pradesh - 2024,27-Apr 1am,13990.25,
Uttar Pradesh - 2024,27-Apr 2am,13660.06,
Uttar Pradesh - 2024,27-Apr 3am,13794.89,
Uttar Pradesh - 2024,27-Apr 4am,14078.58,
Uttar Pradesh - 2024,27-Apr 5am,14230.34,
Uttar Pradesh - 2024,27-Apr 6am,13686.51,
Uttar Pradesh - 2024,27-Apr 7am,13350.45,
Uttar Pradesh - 2024,27-Apr 8am,13877.2,
Uttar Pradesh - 2024,27-Apr 9am,15002.07,
Uttar Pradesh - 2024,27-Apr 10am,16139.88,
Uttar Pradesh - 2024,27-Apr 11am,16214.58,
Uttar Pradesh - 2024,27-Apr 12pm,15763.05,
Uttar Pradesh - 2024,27-Apr 1pm,14939.47,
Uttar Pradesh - 2024,27-Apr 2pm,14722.78,
Uttar Pradesh - 2024,27-Apr 3pm,14366.07,
Uttar Pradesh - 2024,27-Apr 4pm,13721.61,
Uttar Pradesh - 2024,27-Apr 5pm,13908.16,
Uttar Pradesh - 2024,27-Apr 6pm,16002.01,
Uttar Pradesh - 2024,27-Apr 7pm,18860.55,
Uttar Pradesh - 2024,27-Apr 8pm,18670.56,
Uttar Pradesh - 2024,27-Apr 9pm,18028.83,
Uttar Pradesh - 2024,27-Apr 10pm,17175.95,
Uttar Pradesh - 2024,27-Apr 11pm,16467.75,
Uttar Pradesh - 2024,28-Apr 12am,15841.05,
Uttar Pradesh - 2024,28-Apr 1am,15380.48,
Uttar Pradesh - 2024,28-Apr 2am,15049.93,
Uttar Pradesh - 2024,28-Apr 3am,15086.05,
Uttar Pradesh - 2024,28-Apr 4am,15276.96,
Uttar Pradesh - 2024,28-Apr 5am,15418.44,
Uttar Pradesh - 2024,28-Apr 6am,14596.36,
Uttar Pradesh - 2024,28-Apr 7am,14051.62,
Uttar Pradesh - 2024,28-Apr 8am,14696.83,
Uttar Pradesh - 2024,28-Apr 9am,15914.43,
Uttar Pradesh - 2024,28-Apr 10am,17035.82,
Uttar Pradesh - 2024,28-Apr 11am,17087.43,
Uttar Pradesh - 2024,28-Apr 12pm,16758.29,
Uttar Pradesh - 2024,28-Apr 1pm,16128.65,
Uttar Pradesh - 2024,28-Apr 2pm,16169.15,
Uttar Pradesh - 2024,28-Apr 3pm,15795.69,
Uttar Pradesh - 2024,28-Apr 4pm,15019.07,
Uttar Pradesh - 2024,28-Apr 5pm,15003.37,
Uttar Pradesh - 2024,28-Apr 6pm,17055.72,
Uttar Pradesh - 2024,28-Apr 7pm,19800.71,
Uttar Pradesh - 2024,28-Apr 8pm,19764.87,
Uttar Pradesh - 2024,28-Apr 9pm,19193.57,
Uttar Pradesh - 2024,28-Apr 10pm,18278.51,
Uttar Pradesh - 2024,28-Apr 11pm,17512.45,
Uttar Pradesh - 2024,29-Apr 12am,16989.62,
Uttar Pradesh - 2024,29-Apr 1am,16571.17,
Uttar Pradesh - 2024,29-Apr 2am,16225.22,
Uttar Pradesh - 2024,29-Apr 3am,16352.26,
Uttar Pradesh - 2024,29-Apr 4am,16472.81,
Uttar Pradesh - 2024,29-Apr 5am,16515.3,
Uttar Pradesh - 2024,29-Apr 6am,15371.76,
Uttar Pradesh - 2024,29-Apr 7am,14660.92,
Uttar Pradesh - 2024,29-Apr 8am,15225.75,
Uttar Pradesh - 2024,29-Apr 9am,16361.76,
Uttar Pradesh - 2024,29-Apr 10am,17679.15,
Uttar Pradesh - 2024,29-Apr 11am,18072.63,
Uttar Pradesh - 2024,29-Apr 12pm,17627.02,
Uttar Pradesh - 2024,29-Apr 1pm,16845.27,
Uttar Pradesh - 2024,29-Apr 2pm,16778.14,
Uttar Pradesh - 2024,29-Apr 3pm,16254.17,
Uttar Pradesh - 2024,29-Apr 4pm,15550.05,
Uttar Pradesh - 2024,29-Apr 5pm,15253.19,
Uttar Pradesh - 2024,29-Apr 6pm,16975.39,
Uttar Pradesh - 2024,29-Apr 7pm,19576.05,
Uttar Pradesh - 2024,29-Apr 8pm,19233.37,
Uttar Pradesh - 2024,29-Apr 9pm,18943.55,
Uttar Pradesh - 2024,29-Apr 10pm,18346.16,
Uttar Pradesh - 2024,29-Apr 11pm,17880.97,
Uttar Pradesh - 2024,30-Apr 12am,17369.82,
Uttar Pradesh - 2024,30-Apr 1am,16795.37,
Uttar Pradesh - 2024,30-Apr 2am,16460.86,
Uttar Pradesh - 2024,30-Apr 3am,16490.43,
Uttar Pradesh - 2024,30-Apr 4am,16630.71,
Uttar Pradesh - 2024,30-Apr 5am,16665.43,
Uttar Pradesh - 2024,30-Apr 6am,15300.11,
Uttar Pradesh - 2024,30-Apr 7am,14310.95,
Uttar Pradesh - 2024,30-Apr 8am,14718.81,
Uttar Pradesh - 2024,30-Apr 9am,15827.21,
Uttar Pradesh - 2024,30-Apr 10am,16977.47,
Uttar Pradesh - 2024,30-Apr 11am,17329.21,
Uttar Pradesh - 2024,30-Apr 12pm,16897.6,
Uttar Pradesh - 2024,30-Apr 1pm,16435.6,
Uttar Pradesh - 2024,30-Apr 2pm,16508.69,
Uttar Pradesh - 2024,30-Apr 3pm,16193.84,
Uttar Pradesh - 2024,30-Apr 4pm,15648.26,
Uttar Pradesh - 2024,30-Apr 5pm,15445.09,
Uttar Pradesh - 2024,30-Apr 6pm,17561.31,
Uttar Pradesh - 2024,30-Apr 7pm,20762.38,
Uttar Pradesh - 2024,30-Apr 8pm,20745.94,
Uttar Pradesh - 2024,30-Apr 9pm,20363.44,
Uttar Pradesh - 2024,30-Apr 10pm,19623.1,
Uttar Pradesh - 2024,30-Apr 11pm,19079.4,
Uttar Pradesh - 2024,01-May 12am,24578,
Uttar Pradesh - 2024,01-May 1am,23524,
Uttar Pradesh - 2024,01-May 2am,22717,
Uttar Pradesh - 2024,01-May 3am,21803,
Uttar Pradesh - 2024,01-May 4am,20983,
Uttar Pradesh - 2024,01-May 5am,20922,
Uttar Pradesh - 2024,01-May 6am,20065,
Uttar Pradesh - 2024,01-May 7am,18978,
Uttar Pradesh - 2024,01-May 8am,18948,
Uttar Pradesh - 2024,01-May 9am,19712,
Uttar Pradesh - 2024,01-May 10am,20184,
Uttar Pradesh - 2024,01-May 11am,19580,
Uttar Pradesh - 2024,01-May 12pm,18382,
Uttar Pradesh - 2024,01-May 1pm,17336,
Uttar Pradesh - 2024,01-May 2pm,17004,
Uttar Pradesh - 2024,01-May 3pm,16891,
Uttar Pradesh - 2024,01-May 4pm,16744,
Uttar Pradesh - 2024,01-May 5pm,16529,
Uttar Pradesh - 2024,01-May 6pm,17885,
Uttar Pradesh - 2024,01-May 7pm,21574,
Uttar Pradesh - 2024,01-May 8pm,24111,
Uttar Pradesh - 2024,01-May 9pm,24150,
Uttar Pradesh - 2024,01-May 10pm,23896,
Uttar Pradesh - 2024,01-May 11pm,23842,
Uttar Pradesh - 2024,02-May 12am,23125,
Uttar Pradesh - 2024,02-May 1am,22307,
Uttar Pradesh - 2024,02-May 2am,21417,
Uttar Pradesh - 2024,02-May 3am,20565,
Uttar Pradesh - 2024,02-May 4am,19871,
Uttar Pradesh - 2024,02-May 5am,19714,
Uttar Pradesh - 2024,02-May 6am,19182,
Uttar Pradesh - 2024,02-May 7am,18466,
Uttar Pradesh - 2024,02-May 8am,18760,
Uttar Pradesh - 2024,02-May 9am,19557,
Uttar Pradesh - 2024,02-May 10am,20300,
Uttar Pradesh - 2024,02-May 11am,19552,
Uttar Pradesh - 2024,02-May 12pm,18370,
Uttar Pradesh - 2024,02-May 1pm,16964,
Uttar Pradesh - 2024,02-May 2pm,16653,
Uttar Pradesh - 2024,02-May 3pm,16965,
Uttar Pradesh - 2024,02-May 4pm,17005,
Uttar Pradesh - 2024,02-May 5pm,17176,
Uttar Pradesh - 2024,02-May 6pm,18472,
Uttar Pradesh - 2024,02-May 7pm,21326,
Uttar Pradesh - 2024,02-May 8pm,23940,
Uttar Pradesh - 2024,02-May 9pm,24007,
Uttar Pradesh - 2024,02-May 10pm,24047,
Uttar Pradesh - 2024,02-May 11pm,23753,
Uttar Pradesh - 2024,03-May 12am,23153,
Uttar Pradesh - 2024,03-May 1am,22101,
Uttar Pradesh - 2024,03-May 2am,21182,
Uttar Pradesh - 2024,03-May 3am,20303,
Uttar Pradesh - 2024,03-May 4am,19617,
Uttar Pradesh - 2024,03-May 5am,19446,
Uttar Pradesh - 2024,03-May 6am,19015,
Uttar Pradesh - 2024,03-May 7am,18393,
Uttar Pradesh - 2024,03-May 8am,18858,
Uttar Pradesh - 2024,03-May 9am,19920,
Uttar Pradesh - 2024,03-May 10am,21093,
Uttar Pradesh - 2024,03-May 11am,20938,
Uttar Pradesh - 2024,03-May 12pm,19391,
Uttar Pradesh - 2024,03-May 1pm,17703,
Uttar Pradesh - 2024,03-May 2pm,17468,
Uttar Pradesh - 2024,03-May 3pm,18274,
Uttar Pradesh - 2024,03-May 4pm,18297,
Uttar Pradesh - 2024,03-May 5pm,18061,
Uttar Pradesh - 2024,03-May 6pm,18899,
Uttar Pradesh - 2024,03-May 7pm,22284,
Uttar Pradesh - 2024,03-May 8pm,24319,
Uttar Pradesh - 2024,03-May 9pm,24284,
Uttar Pradesh - 2024,03-May 10pm,24319,
Uttar Pradesh - 2024,03-May 11pm,24246,
Uttar Pradesh - 2024,04-May 12am,23646,
Uttar Pradesh - 2024,04-May 1am,22831,
Uttar Pradesh - 2024,04-May 2am,22068,
Uttar Pradesh - 2024,04-May 3am,21245,
Uttar Pradesh - 2024,04-May 4am,20632,
Uttar Pradesh - 2024,04-May 5am,20585,
Uttar Pradesh - 2024,04-May 6am,19980,
Uttar Pradesh - 2024,04-May 7am,18983,
Uttar Pradesh - 2024,04-May 8am,19183,
Uttar Pradesh - 2024,04-May 9am,20292,
Uttar Pradesh - 2024,04-May 10am,21435,
Uttar Pradesh - 2024,04-May 11am,21887,
Uttar Pradesh - 2024,04-May 12pm,21034,
Uttar Pradesh - 2024,04-May 1pm,20295,
Uttar Pradesh - 2024,04-May 2pm,19367,
Uttar Pradesh - 2024,04-May 3pm,19759,
Uttar Pradesh - 2024,04-May 4pm,19156,
Uttar Pradesh - 2024,04-May 5pm,18271,
Uttar Pradesh - 2024,04-May 6pm,18834,
Uttar Pradesh - 2024,04-May 7pm,22215,
Uttar Pradesh - 2024,04-May 8pm,24694,
Uttar Pradesh - 2024,04-May 9pm,24634,
Uttar Pradesh - 2024,04-May 10pm,24690,
Uttar Pradesh - 2024,04-May 11pm,24617,
Uttar Pradesh - 2024,05-May 12am,24064,
Uttar Pradesh - 2024,05-May 1am,23345,
Uttar Pradesh - 2024,05-May 2am,22485,
Uttar Pradesh - 2024,05-May 3am,21624,
Uttar Pradesh - 2024,05-May 4am,20986,
Uttar Pradesh - 2024,05-May 5am,20754,
Uttar Pradesh - 2024,05-May 6am,19712,
Uttar Pradesh - 2024,05-May 7am,18947,
Uttar Pradesh - 2024,05-May 8am,19537,
Uttar Pradesh - 2024,05-May 9am,20402,
Uttar Pradesh - 2024,05-May 10am,21118,
Uttar Pradesh - 2024,05-May 11am,21419,
Uttar Pradesh - 2024,05-May 12pm,21069,
Uttar Pradesh - 2024,05-May 1pm,20417,
Uttar Pradesh - 2024,05-May 2pm,19766,
Uttar Pradesh - 2024,05-May 3pm,19767,
Uttar Pradesh - 2024,05-May 4pm,19108,
Uttar Pradesh - 2024,05-May 5pm,18231,
Uttar Pradesh - 2024,05-May 6pm,18649,
Uttar Pradesh - 2024,05-May 7pm,21853,
Uttar Pradesh - 2024,05-May 8pm,24749,
Uttar Pradesh - 2024,05-May 9pm,25025,
Uttar Pradesh - 2024,05-May 10pm,25346,
Uttar Pradesh - 2024,05-May 11pm,25205,
Uttar Pradesh - 2024,06-May 12am,24918,
Uttar Pradesh - 2024,06-May 1am,24136,
Uttar Pradesh - 2024,06-May 2am,23352,
Uttar Pradesh - 2024,06-May 3am,22579,
Uttar Pradesh - 2024,06-May 4am,21978,
Uttar Pradesh - 2024,06-May 5am,21751,
Uttar Pradesh - 2024,06-May 6am,20495,
Uttar Pradesh - 2024,06-May 7am,19411,
Uttar Pradesh - 2024,06-May 8am,19600,
Uttar Pradesh - 2024,06-May 9am,20890,
Uttar Pradesh - 2024,06-May 10am,22431,
Uttar Pradesh - 2024,06-May 11am,22867,
Uttar Pradesh - 2024,06-May 12pm,22816,
Uttar Pradesh - 2024,06-May 1pm,22402,
Uttar Pradesh - 2024,06-May 2pm,22447,
Uttar Pradesh - 2024,06-May 3pm,22168,
Uttar Pradesh - 2024,06-May 4pm,21877,
Uttar Pradesh - 2024,06-May 5pm,20861,
Uttar Pradesh - 2024,06-May 6pm,20895,
Uttar Pradesh - 2024,06-May 7pm,23826,
Uttar Pradesh - 2024,06-May 8pm,26234,
Uttar Pradesh - 2024,06-May 9pm,25881,
Uttar Pradesh - 2024,06-May 10pm,25972,
Uttar Pradesh - 2024,06-May 11pm,25714,
Uttar Pradesh - 2024,07-May 12am,25016,
Uttar Pradesh - 2024,07-May 1am,24431,
Uttar Pradesh - 2024,07-May 2am,23436,
Uttar Pradesh - 2024,07-May 3am,22823,
Uttar Pradesh - 2024,07-May 4am,22356,
Uttar Pradesh - 2024,07-May 5am,22169,
Uttar Pradesh - 2024,07-May 6am,21201,
Uttar Pradesh - 2024,07-May 7am,19413,
Uttar Pradesh - 2024,07-May 8am,18370,
Uttar Pradesh - 2024,07-May 9am,18434,
Uttar Pradesh - 2024,07-May 10am,19249,
Uttar Pradesh - 2024,07-May 11am,20301,
Uttar Pradesh - 2024,07-May 12pm,20691,
Uttar Pradesh - 2024,07-May 1pm,20995,
Uttar Pradesh - 2024,07-May 2pm,21320,
Uttar Pradesh - 2024,07-May 3pm,22080,
Uttar Pradesh - 2024,07-May 4pm,21652,
Uttar Pradesh - 2024,07-May 5pm,20645,
Uttar Pradesh - 2024,07-May 6pm,20395,
Uttar Pradesh - 2024,07-May 7pm,22984,
Uttar Pradesh - 2024,07-May 8pm,25278,
Uttar Pradesh - 2024,07-May 9pm,25363,
Uttar Pradesh - 2024,07-May 10pm,25378,
Uttar Pradesh - 2024,07-May 11pm,25099,
Uttar Pradesh - 2024,08-May 12am,24655,
Uttar Pradesh - 2024,08-May 1am,23724,
Uttar Pradesh - 2024,08-May 2am,22820,
Uttar Pradesh - 2024,08-May 3am,22038,
Uttar Pradesh - 2024,08-May 4am,21389,
Uttar Pradesh - 2024,08-May 5am,20961,
Uttar Pradesh - 2024,08-May 6am,20027,
Uttar Pradesh - 2024,08-May 7am,18542,
Uttar Pradesh - 2024,08-May 8am,17674,
Uttar Pradesh - 2024,08-May 9am,17611,
Uttar Pradesh - 2024,08-May 10am,18915,
Uttar Pradesh - 2024,08-May 11am,19240,
Uttar Pradesh - 2024,08-May 12pm,19361,
Uttar Pradesh - 2024,08-May 1pm,19518,
Uttar Pradesh - 2024,08-May 2pm,19877,
Uttar Pradesh - 2024,08-May 3pm,20511,
Uttar Pradesh - 2024,08-May 4pm,20004,
Uttar Pradesh - 2024,08-May 5pm,19336,
Uttar Pradesh - 2024,08-May 6pm,19192,
Uttar Pradesh - 2024,08-May 7pm,22517,
Uttar Pradesh - 2024,08-May 8pm,24897,
Uttar Pradesh - 2024,08-May 9pm,24633,
Uttar Pradesh - 2024,08-May 10pm,24664,
Uttar Pradesh - 2024,08-May 11pm,24634,
Uttar Pradesh - 2024,09-May 12am,23993,
Uttar Pradesh - 2024,09-May 1am,23251,
Uttar Pradesh - 2024,09-May 2am,22429,
Uttar Pradesh - 2024,09-May 3am,21821,
Uttar Pradesh - 2024,09-May 4am,21270,
Uttar Pradesh - 2024,09-May 5am,21154,
Uttar Pradesh - 2024,09-May 6am,20286,
Uttar Pradesh - 2024,09-May 7am,19360,
Uttar Pradesh - 2024,09-May 8am,19413,
Uttar Pradesh - 2024,09-May 9am,19708,
Uttar Pradesh - 2024,09-May 10am,20837,
Uttar Pradesh - 2024,09-May 11am,21417,
Uttar Pradesh - 2024,09-May 12pm,21246,
Uttar Pradesh - 2024,09-May 1pm,20997,
Uttar Pradesh - 2024,09-May 2pm,21354,
Uttar Pradesh - 2024,09-May 3pm,21727,
Uttar Pradesh - 2024,09-May 4pm,20844,
Uttar Pradesh - 2024,09-May 5pm,19582,
Uttar Pradesh - 2024,09-May 6pm,19286,
Uttar Pradesh - 2024,09-May 7pm,22417,
Uttar Pradesh - 2024,09-May 8pm,25035,
Uttar Pradesh - 2024,09-May 9pm,25095,
Uttar Pradesh - 2024,09-May 10pm,25177,
Uttar Pradesh - 2024,09-May 11pm,25229,
Uttar Pradesh - 2024,10-May 12am,24651,
Uttar Pradesh - 2024,10-May 1am,23957,
Uttar Pradesh - 2024,10-May 2am,23124,
Uttar Pradesh - 2024,10-May 3am,22279,
Uttar Pradesh - 2024,10-May 4am,21621,
Uttar Pradesh - 2024,10-May 5am,21546,
Uttar Pradesh - 2024,10-May 6am,20431,
Uttar Pradesh - 2024,10-May 7am,19343,
Uttar Pradesh - 2024,10-May 8am,19220,
Uttar Pradesh - 2024,10-May 9am,20112,
Uttar Pradesh - 2024,10-May 10am,21537,
Uttar Pradesh - 2024,10-May 11am,22413,
Uttar Pradesh - 2024,10-May 12pm,22294,
Uttar Pradesh - 2024,10-May 1pm,22030,
Uttar Pradesh - 2024,10-May 2pm,22138,
Uttar Pradesh - 2024,10-May 3pm,22280,
Uttar Pradesh - 2024,10-May 4pm,21416,
Uttar Pradesh - 2024,10-May 5pm,20038,
Uttar Pradesh - 2024,10-May 6pm,19696,
Uttar Pradesh - 2024,10-May 7pm,23175,
Uttar Pradesh - 2024,10-May 8pm,25653,
Uttar Pradesh - 2024,10-May 9pm,25323,
Uttar Pradesh - 2024,10-May 10pm,25101,
Uttar Pradesh - 2024,10-May 11pm,21015,
Uttar Pradesh - 2024,11-May 12am,21110,
Uttar Pradesh - 2024,11-May 1am,21224,
Uttar Pradesh - 2024,11-May 2am,21419,
Uttar Pradesh - 2024,11-May 3am,20534,
Uttar Pradesh - 2024,11-May 4am,20313,
Uttar Pradesh - 2024,11-May 5am,19804,
Uttar Pradesh - 2024,11-May 6am,18966,
Uttar Pradesh - 2024,11-May 7am,17617,
Uttar Pradesh - 2024,11-May 8am,17538,
Uttar Pradesh - 2024,11-May 9am,18299,
Uttar Pradesh - 2024,11-May 10am,19310,
Uttar Pradesh - 2024,11-May 11am,19962,
Uttar Pradesh - 2024,11-May 12pm,20086,
Uttar Pradesh - 2024,11-May 1pm,19895,
Uttar Pradesh - 2024,11-May 2pm,20404,
Uttar Pradesh - 2024,11-May 3pm,20856,
Uttar Pradesh - 2024,11-May 4pm,20680,
Uttar Pradesh - 2024,11-May 5pm,19993,
Uttar Pradesh - 2024,11-May 6pm,19588,
Uttar Pradesh - 2024,11-May 7pm,22145,
Uttar Pradesh - 2024,11-May 8pm,24904,
Uttar Pradesh - 2024,11-May 9pm,25142,
Uttar Pradesh - 2024,11-May 10pm,25518,
Uttar Pradesh - 2024,11-May 11pm,25357,
Uttar Pradesh - 2024,12-May 12am,24921,
Uttar Pradesh - 2024,12-May 1am,24141,
Uttar Pradesh - 2024,12-May 2am,23400,
Uttar Pradesh - 2024,12-May 3am,22590,
Uttar Pradesh - 2024,12-May 4am,21971,
Uttar Pradesh - 2024,12-May 5am,21331,
Uttar Pradesh - 2024,12-May 6am,19825,
Uttar Pradesh - 2024,12-May 7am,18875,
Uttar Pradesh - 2024,12-May 8am,19146,
Uttar Pradesh - 2024,12-May 9am,20125,
Uttar Pradesh - 2024,12-May 10am,21234,
Uttar Pradesh - 2024,12-May 11am,21729,
Uttar Pradesh - 2024,12-May 12pm,22025,
Uttar Pradesh - 2024,12-May 1pm,21979,
Uttar Pradesh - 2024,12-May 2pm,21885,
Uttar Pradesh - 2024,12-May 3pm,21737,
Uttar Pradesh - 2024,12-May 4pm,20722,
Uttar Pradesh - 2024,12-May 5pm,18970,
Uttar Pradesh - 2024,12-May 6pm,18587,
Uttar Pradesh - 2024,12-May 7pm,21591,
Uttar Pradesh - 2024,12-May 8pm,24746,
Uttar Pradesh - 2024,12-May 9pm,24948,
Uttar Pradesh - 2024,12-May 10pm,25262,
Uttar Pradesh - 2024,12-May 11pm,25500,
Uttar Pradesh - 2024,13-May 12am,24834,
Uttar Pradesh - 2024,13-May 1am,24064,
Uttar Pradesh - 2024,13-May 2am,23295,
Uttar Pradesh - 2024,13-May 3am,22549,
Uttar Pradesh - 2024,13-May 4am,21698,
Uttar Pradesh - 2024,13-May 5am,21377,
Uttar Pradesh - 2024,13-May 6am,20092,
Uttar Pradesh - 2024,13-May 7am,18924,
Uttar Pradesh - 2024,13-May 8am,18839,
Uttar Pradesh - 2024,13-May 9am,20040,
Uttar Pradesh - 2024,13-May 10am,21629,
Uttar Pradesh - 2024,13-May 11am,22638,
Uttar Pradesh - 2024,13-May 12pm,22915,
Uttar Pradesh - 2024,13-May 1pm,23433,
Uttar Pradesh - 2024,13-May 2pm,23225,
Uttar Pradesh - 2024,13-May 3pm,23186,
Uttar Pradesh - 2024,13-May 4pm,21947,
Uttar Pradesh - 2024,13-May 5pm,20423,
Uttar Pradesh - 2024,13-May 6pm,19325,
Uttar Pradesh - 2024,13-May 7pm,21953,
Uttar Pradesh - 2024,13-May 8pm,24938,
Uttar Pradesh - 2024,13-May 9pm,25371,
Uttar Pradesh - 2024,13-May 10pm,25746,
Uttar Pradesh - 2024,13-May 11pm,25768,
Uttar Pradesh - 2024,14-May 12am,25342,
Uttar Pradesh - 2024,14-May 1am,24759,
Uttar Pradesh - 2024,14-May 2am,23929,
Uttar Pradesh - 2024,14-May 3am,23210,
Uttar Pradesh - 2024,14-May 4am,22450,
Uttar Pradesh - 2024,14-May 5am,22198,
Uttar Pradesh - 2024,14-May 6am,20592,
Uttar Pradesh - 2024,14-May 7am,19591,
Uttar Pradesh - 2024,14-May 8am,19833,
Uttar Pradesh - 2024,14-May 9am,21312,
Uttar Pradesh - 2024,14-May 10am,22901,
Uttar Pradesh - 2024,14-May 11am,23379,
Uttar Pradesh - 2024,14-May 12pm,23423,
Uttar Pradesh - 2024,14-May 1pm,23321,
Uttar Pradesh - 2024,14-May 2pm,23383,
Uttar Pradesh - 2024,14-May 3pm,23099,
Uttar Pradesh - 2024,14-May 4pm,22210,
Uttar Pradesh - 2024,14-May 5pm,19979,
Uttar Pradesh - 2024,14-May 6pm,19741,
Uttar Pradesh - 2024,14-May 7pm,22617,
Uttar Pradesh - 2024,14-May 8pm,25568,
Uttar Pradesh - 2024,14-May 9pm,25876,
Uttar Pradesh - 2024,14-May 10pm,26181,
Uttar Pradesh - 2024,14-May 11pm,26251,
Uttar Pradesh - 2024,15-May 12am,25893,
Uttar Pradesh - 2024,15-May 1am,25382,
Uttar Pradesh - 2024,15-May 2am,24599,
Uttar Pradesh - 2024,15-May 3am,23663,
Uttar Pradesh - 2024,15-May 4am,22958,
Uttar Pradesh - 2024,15-May 5am,22736,
Uttar Pradesh - 2024,15-May 6am,20932,
Uttar Pradesh - 2024,15-May 7am,20017,
Uttar Pradesh - 2024,15-May 8am,20187,
Uttar Pradesh - 2024,15-May 9am,21691,
Uttar Pradesh - 2024,15-May 10am,22897,
Uttar Pradesh - 2024,15-May 11am,23714,
Uttar Pradesh - 2024,15-May 12pm,23569,
Uttar Pradesh - 2024,15-May 1pm,23516,
Uttar Pradesh - 2024,15-May 2pm,23229,
Uttar Pradesh - 2024,15-May 3pm,23455,
Uttar Pradesh - 2024,15-May 4pm,22200,
Uttar Pradesh - 2024,15-May 5pm,20668,
Uttar Pradesh - 2024,15-May 6pm,20078,
Uttar Pradesh - 2024,15-May 7pm,23251,
Uttar Pradesh - 2024,15-May 8pm,26167,
Uttar Pradesh - 2024,15-May 9pm,26354,
Uttar Pradesh - 2024,15-May 10pm,26658,
Uttar Pradesh - 2024,15-May 11pm,26614,
Uttar Pradesh - 2024,16-May 12am,25887,
Uttar Pradesh - 2024,16-May 1am,25673,
Uttar Pradesh - 2024,16-May 2am,24819,
Uttar Pradesh - 2024,16-May 3am,23992,
Uttar Pradesh - 2024,16-May 4am,23317,
Uttar Pradesh - 2024,16-May 5am,23061,
Uttar Pradesh - 2024,16-May 6am,21193,
Uttar Pradesh - 2024,16-May 7am,20032,
Uttar Pradesh - 2024,16-May 8am,20437,
Uttar Pradesh - 2024,16-May 9am,21780,
Uttar Pradesh - 2024,16-May 10am,23317,
Uttar Pradesh - 2024,16-May 11am,23982,
Uttar Pradesh - 2024,16-May 12pm,23972,
Uttar Pradesh - 2024,16-May 1pm,24131,
Uttar Pradesh - 2024,16-May 2pm,24381,
Uttar Pradesh - 2024,16-May 3pm,24455,
Uttar Pradesh - 2024,16-May 4pm,23112,
Uttar Pradesh - 2024,16-May 5pm,20982,
Uttar Pradesh - 2024,16-May 6pm,20594,
Uttar Pradesh - 2024,16-May 7pm,23543,
Uttar Pradesh - 2024,16-May 8pm,26613,
Uttar Pradesh - 2024,16-May 9pm,26950,
Uttar Pradesh - 2024,16-May 10pm,27285,
Uttar Pradesh - 2024,16-May 11pm,26858,
Uttar Pradesh - 2024,17-May 12am,26496,
Uttar Pradesh - 2024,17-May 1am,26163,
Uttar Pradesh - 2024,17-May 2am,25502,
Uttar Pradesh - 2024,17-May 3am,24817,
Uttar Pradesh - 2024,17-May 4am,24192,
Uttar Pradesh - 2024,17-May 5am,23932,
Uttar Pradesh - 2024,17-May 6am,21885,
Uttar Pradesh - 2024,17-May 7am,20899,
Uttar Pradesh - 2024,17-May 8am,21149,
Uttar Pradesh - 2024,17-May 9am,22518,
Uttar Pradesh - 2024,17-May 10am,23917,
Uttar Pradesh - 2024,17-May 11am,24519,
Uttar Pradesh - 2024,17-May 12pm,24471,
Uttar Pradesh - 2024,17-May 1pm,24471,
Uttar Pradesh - 2024,17-May 2pm,24471,
Uttar Pradesh - 2024,17-May 3pm,23914,
Uttar Pradesh - 2024,17-May 4pm,23184,
Uttar Pradesh - 2024,17-May 5pm,21674,
Uttar Pradesh - 2024,17-May 6pm,21419,
Uttar Pradesh - 2024,17-May 7pm,24400,
Uttar Pradesh - 2024,17-May 8pm,26921,
Uttar Pradesh - 2024,17-May 9pm,27355,
Uttar Pradesh - 2024,17-May 10pm,26840,
Uttar Pradesh - 2024,17-May 11pm,26046,
Uttar Pradesh - 2024,18-May 12am,26671,
Uttar Pradesh - 2024,18-May 1am,26976,
Uttar Pradesh - 2024,18-May 2am,26429,
Uttar Pradesh - 2024,18-May 3am,25625,
Uttar Pradesh - 2024,18-May 4am,25034,
Uttar Pradesh - 2024,18-May 5am,24852,
Uttar Pradesh - 2024,18-May 6am,22956,
Uttar Pradesh - 2024,18-May 7am,21587,
Uttar Pradesh - 2024,18-May 8am,21748,
Uttar Pradesh - 2024,18-May 9am,22517,
Uttar Pradesh - 2024,18-May 10am,23980,
Uttar Pradesh - 2024,18-May 11am,24663,
Uttar Pradesh - 2024,18-May 12pm,24620,
Uttar Pradesh - 2024,18-May 1pm,25029,
Uttar Pradesh - 2024,18-May 2pm,25329,
Uttar Pradesh - 2024,18-May 3pm,24824,
Uttar Pradesh - 2024,18-May 4pm,23923,
Uttar Pradesh - 2024,18-May 5pm,22286,
Uttar Pradesh - 2024,18-May 6pm,21190,
Uttar Pradesh - 2024,18-May 7pm,24295,
Uttar Pradesh - 2024,18-May 8pm,27030,
Uttar Pradesh - 2024,18-May 9pm,27528,
Uttar Pradesh - 2024,18-May 10pm,27822,
Uttar Pradesh - 2024,18-May 11pm,27377,
Uttar Pradesh - 2024,19-May 12am,27604,
Uttar Pradesh - 2024,19-May 1am,26690,
Uttar Pradesh - 2024,19-May 2am,26285,
Uttar Pradesh - 2024,19-May 3am,26139,
Uttar Pradesh - 2024,19-May 4am,25646,
Uttar Pradesh - 2024,19-May 5am,25128,
Uttar Pradesh - 2024,19-May 6am,23353,
Uttar Pradesh - 2024,19-May 7am,21701,
Uttar Pradesh - 2024,19-May 8am,22259,
Uttar Pradesh - 2024,19-May 9am,22793,
Uttar Pradesh - 2024,19-May 10am,23602,
Uttar Pradesh - 2024,19-May 11am,23985,
Uttar Pradesh - 2024,19-May 12pm,24495,
Uttar Pradesh - 2024,19-May 1pm,24961,
Uttar Pradesh - 2024,19-May 2pm,25163,
Uttar Pradesh - 2024,19-May 3pm,25047,
Uttar Pradesh - 2024,19-May 4pm,23680,
Uttar Pradesh - 2024,19-May 5pm,22210,
Uttar Pradesh - 2024,19-May 6pm,21058,
Uttar Pradesh - 2024,19-May 7pm,23441,
Uttar Pradesh - 2024,19-May 8pm,26679,
Uttar Pradesh - 2024,19-May 9pm,27197,
Uttar Pradesh - 2024,19-May 10pm,27747,
Uttar Pradesh - 2024,19-May 11pm,27697,
Uttar Pradesh - 2024,20-May 12am,26943,
Uttar Pradesh - 2024,20-May 1am,26904,
Uttar Pradesh - 2024,20-May 2am,26356,
Uttar Pradesh - 2024,20-May 3am,25939,
Uttar Pradesh - 2024,20-May 4am,25383,
Uttar Pradesh - 2024,20-May 5am,25176,
Uttar Pradesh - 2024,20-May 6am,23376,
Uttar Pradesh - 2024,20-May 7am,22183,
Uttar Pradesh - 2024,20-May 8am,22684,
Uttar Pradesh - 2024,20-May 9am,23040,
Uttar Pradesh - 2024,20-May 10am,24327,
Uttar Pradesh - 2024,20-May 11am,25076,
Uttar Pradesh - 2024,20-May 12pm,25668,
Uttar Pradesh - 2024,20-May 1pm,26016,
Uttar Pradesh - 2024,20-May 2pm,26176,
Uttar Pradesh - 2024,20-May 3pm,26029,
Uttar Pradesh - 2024,20-May 4pm,25049,
Uttar Pradesh - 2024,20-May 5pm,23327,
Uttar Pradesh - 2024,20-May 6pm,21890,
Uttar Pradesh - 2024,20-May 7pm,23337,
Uttar Pradesh - 2024,20-May 8pm,25540,
Uttar Pradesh - 2024,20-May 9pm,25419,
Uttar Pradesh - 2024,20-May 10pm,25184,
Uttar Pradesh - 2024,20-May 11pm,25845,
Uttar Pradesh - 2024,21-May 12am,25661,
Uttar Pradesh - 2024,21-May 1am,24999,
Uttar Pradesh - 2024,21-May 2am,24520,
Uttar Pradesh - 2024,21-May 3am,23243,
Uttar Pradesh - 2024,21-May 4am,22391,
Uttar Pradesh - 2024,21-May 5am,22262,
Uttar Pradesh - 2024,21-May 6am,20922,
Uttar Pradesh - 2024,21-May 7am,20064,
Uttar Pradesh - 2024,21-May 8am,20786,
Uttar Pradesh - 2024,21-May 9am,22095,
Uttar Pradesh - 2024,21-May 10am,23500,
Uttar Pradesh - 2024,21-May 11am,24518,
Uttar Pradesh - 2024,21-May 12pm,25362,
Uttar Pradesh - 2024,21-May 1pm,26062,
Uttar Pradesh - 2024,21-May 2pm,26324,
Uttar Pradesh - 2024,21-May 3pm,25474,
Uttar Pradesh - 2024,21-May 4pm,24337,
Uttar Pradesh - 2024,21-May 5pm,22987,
Uttar Pradesh - 2024,21-May 6pm,22021,
Uttar Pradesh - 2024,21-May 7pm,24234,
Uttar Pradesh - 2024,21-May 8pm,27785,
Uttar Pradesh - 2024,21-May 9pm,28011,
Uttar Pradesh - 2024,21-May 10pm,27419,
Uttar Pradesh - 2024,21-May 11pm,26600,
Uttar Pradesh - 2024,22-May 12am,26423,
Uttar Pradesh - 2024,22-May 1am,27862,
Uttar Pradesh - 2024,22-May 2am,27173,
Uttar Pradesh - 2024,22-May 3am,26517,
Uttar Pradesh - 2024,22-May 4am,25926,
Uttar Pradesh - 2024,22-May 5am,25599,
Uttar Pradesh - 2024,22-May 6am,23693,
Uttar Pradesh - 2024,22-May 7am,22214,
Uttar Pradesh - 2024,22-May 8am,22711,
Uttar Pradesh - 2024,22-May 9am,23292,
Uttar Pradesh - 2024,22-May 10am,24704,
Uttar Pradesh - 2024,22-May 11am,25609,
Uttar Pradesh - 2024,22-May 12pm,25752,
Uttar Pradesh - 2024,22-May 1pm,26231,
Uttar Pradesh - 2024,22-May 2pm,26703,
Uttar Pradesh - 2024,22-May 3pm,26246,
Uttar Pradesh - 2024,22-May 4pm,24209,
Uttar Pradesh - 2024,22-May 5pm,22834,
Uttar Pradesh - 2024,22-May 6pm,22433,
Uttar Pradesh - 2024,22-May 7pm,24644,
Uttar Pradesh - 2024,22-May 8pm,28027,
Uttar Pradesh - 2024,22-May 9pm,28200,
Uttar Pradesh - 2024,22-May 10pm,27759,
Uttar Pradesh - 2024,22-May 11pm,26784,
Uttar Pradesh - 2024,23-May 12am,27566,
Uttar Pradesh - 2024,23-May 1am,27489,
Uttar Pradesh - 2024,23-May 2am,26796,
Uttar Pradesh - 2024,23-May 3am,26162,
Uttar Pradesh - 2024,23-May 4am,25370,
Uttar Pradesh - 2024,23-May 5am,25208,
Uttar Pradesh - 2024,23-May 6am,23167,
Uttar Pradesh - 2024,23-May 7am,21882,
Uttar Pradesh - 2024,23-May 8am,21852,
Uttar Pradesh - 2024,23-May 9am,22265,
Uttar Pradesh - 2024,23-May 10am,23475,
Uttar Pradesh - 2024,23-May 11am,24205,
Uttar Pradesh - 2024,23-May 12pm,24816,
Uttar Pradesh - 2024,23-May 1pm,25022,
Uttar Pradesh - 2024,23-May 2pm,25447,
Uttar Pradesh - 2024,23-May 3pm,25373,
Uttar Pradesh - 2024,23-May 4pm,23983,
Uttar Pradesh - 2024,23-May 5pm,22568,
Uttar Pradesh - 2024,23-May 6pm,21703,
Uttar Pradesh - 2024,23-May 7pm,24271,
Uttar Pradesh - 2024,23-May 8pm,27511,
Uttar Pradesh - 2024,23-May 9pm,27405,
Uttar Pradesh - 2024,23-May 10pm,27302,
Uttar Pradesh - 2024,23-May 11pm,26594,
Uttar Pradesh - 2024,24-May 12am,26715,
Uttar Pradesh - 2024,24-May 1am,27532,
Uttar Pradesh - 2024,24-May 2am,26737,
Uttar Pradesh - 2024,24-May 3am,26135,
Uttar Pradesh - 2024,24-May 4am,25606,
Uttar Pradesh - 2024,24-May 5am,25273,
Uttar Pradesh - 2024,24-May 6am,23497,
Uttar Pradesh - 2024,24-May 7am,22437,
Uttar Pradesh - 2024,24-May 8am,22914,
Uttar Pradesh - 2024,24-May 9am,24176,
Uttar Pradesh - 2024,24-May 10am,25632,
Uttar Pradesh - 2024,24-May 11am,26070,
Uttar Pradesh - 2024,24-May 12pm,26498,
Uttar Pradesh - 2024,24-May 1pm,26488,
Uttar Pradesh - 2024,24-May 2pm,26636,
Uttar Pradesh - 2024,24-May 3pm,25871,
Uttar Pradesh - 2024,24-May 4pm,23625,
Uttar Pradesh - 2024,24-May 5pm,22870,
Uttar Pradesh - 2024,24-May 6pm,23498,
Uttar Pradesh - 2024,24-May 7pm,25747,
Uttar Pradesh - 2024,24-May 8pm,28755,
Uttar Pradesh - 2024,24-May 9pm,29065,
Uttar Pradesh - 2024,24-May 10pm,27976,
Uttar Pradesh - 2024,24-May 11pm,27930,
Uttar Pradesh - 2024,25-May 12am,28649,
Uttar Pradesh - 2024,25-May 1am,28180,
Uttar Pradesh - 2024,25-May 2am,27661,
Uttar Pradesh - 2024,25-May 3am,27211,
Uttar Pradesh - 2024,25-May 4am,26777,
Uttar Pradesh - 2024,25-May 5am,26545,
Uttar Pradesh - 2024,25-May 6am,24649,
Uttar Pradesh - 2024,25-May 7am,23463,
Uttar Pradesh - 2024,25-May 8am,24085,
Uttar Pradesh - 2024,25-May 9am,25150,
Uttar Pradesh - 2024,25-May 10am,26643,
Uttar Pradesh - 2024,25-May 11am,27316,
Uttar Pradesh - 2024,25-May 12pm,27767,
Uttar Pradesh - 2024,25-May 1pm,28191,
Uttar Pradesh - 2024,25-May 2pm,28316,
Uttar Pradesh - 2024,25-May 3pm,28537,
Uttar Pradesh - 2024,25-May 4pm,26661,
Uttar Pradesh - 2024,25-May 5pm,24509,
Uttar Pradesh - 2024,25-May 6pm,23177,
Uttar Pradesh - 2024,25-May 7pm,25155,
Uttar Pradesh - 2024,25-May 8pm,28094,
Uttar Pradesh - 2024,25-May 9pm,28838,
Uttar Pradesh - 2024,25-May 10pm,29127,
Uttar Pradesh - 2024,25-May 11pm,29172,
Uttar Pradesh - 2024,26-May 12am,29182,
Uttar Pradesh - 2024,26-May 1am,28629,
Uttar Pradesh - 2024,26-May 2am,28313,
Uttar Pradesh - 2024,26-May 3am,27665,
Uttar Pradesh - 2024,26-May 4am,27275,
Uttar Pradesh - 2024,26-May 5am,27180,
Uttar Pradesh - 2024,26-May 6am,24755,
Uttar Pradesh - 2024,26-May 7am,22870,
Uttar Pradesh - 2024,26-May 8am,23409,
Uttar Pradesh - 2024,26-May 9am,24493,
Uttar Pradesh - 2024,26-May 10am,25223,
Uttar Pradesh - 2024,26-May 11am,26421,
Uttar Pradesh - 2024,26-May 12pm,26707,
Uttar Pradesh - 2024,26-May 1pm,26751,
Uttar Pradesh - 2024,26-May 2pm,26857,
Uttar Pradesh - 2024,26-May 3pm,26652,
Uttar Pradesh - 2024,26-May 4pm,25148,
Uttar Pradesh - 2024,26-May 5pm,22818,
Uttar Pradesh - 2024,26-May 6pm,21606,
Uttar Pradesh - 2024,26-May 7pm,24207,
Uttar Pradesh - 2024,26-May 8pm,27635,
Uttar Pradesh - 2024,26-May 9pm,28450,
Uttar Pradesh - 2024,26-May 10pm,28825,
Uttar Pradesh - 2024,26-May 11pm,28823,
Uttar Pradesh - 2024,27-May 12am,28564,
Uttar Pradesh - 2024,27-May 1am,28382,
Uttar Pradesh - 2024,27-May 2am,28044,
Uttar Pradesh - 2024,27-May 3am,27609,
Uttar Pradesh - 2024,27-May 4am,27148,
Uttar Pradesh - 2024,27-May 5am,27068,
Uttar Pradesh - 2024,27-May 6am,24797,
Uttar Pradesh - 2024,27-May 7am,23785,
Uttar Pradesh - 2024,27-May 8am,24460,
Uttar Pradesh - 2024,27-May 9am,25670,
Uttar Pradesh - 2024,27-May 10am,26534,
Uttar Pradesh - 2024,27-May 11am,27544,
Uttar Pradesh - 2024,27-May 12pm,28424,
Uttar Pradesh - 2024,27-May 1pm,28451,
Uttar Pradesh - 2024,27-May 2pm,28406,
Uttar Pradesh - 2024,27-May 3pm,28308,
Uttar Pradesh - 2024,27-May 4pm,27060,
Uttar Pradesh - 2024,27-May 5pm,24792,
Uttar Pradesh - 2024,27-May 6pm,23512,
Uttar Pradesh - 2024,27-May 7pm,25016,
Uttar Pradesh - 2024,27-May 8pm,28408,
Uttar Pradesh - 2024,27-May 9pm,29122,
Uttar Pradesh - 2024,27-May 10pm,28601,
Uttar Pradesh - 2024,27-May 11pm,28413,
Uttar Pradesh - 2024,28-May 12am,28647,
Uttar Pradesh - 2024,28-May 1am,28374,
Uttar Pradesh - 2024,28-May 2am,28102,
Uttar Pradesh - 2024,28-May 3am,27590,
Uttar Pradesh - 2024,28-May 4am,27215,
Uttar Pradesh - 2024,28-May 5am,26916,
Uttar Pradesh - 2024,28-May 6am,24700,
Uttar Pradesh - 2024,28-May 7am,23534,
Uttar Pradesh - 2024,28-May 8am,23911,
Uttar Pradesh - 2024,28-May 9am,25004,
Uttar Pradesh - 2024,28-May 10am,26596,
Uttar Pradesh - 2024,28-May 11am,27143,
Uttar Pradesh - 2024,28-May 12pm,28016,
Uttar Pradesh - 2024,28-May 1pm,27907,
Uttar Pradesh - 2024,28-May 2pm,27946,
Uttar Pradesh - 2024,28-May 3pm,27987,
Uttar Pradesh - 2024,28-May 4pm,26752,
Uttar Pradesh - 2024,28-May 5pm,24592,
Uttar Pradesh - 2024,28-May 6pm,22861,
Uttar Pradesh - 2024,28-May 7pm,25125,
Uttar Pradesh - 2024,28-May 8pm,28546,
Uttar Pradesh - 2024,28-May 9pm,29119,
Uttar Pradesh - 2024,28-May 10pm,28727,
Uttar Pradesh - 2024,28-May 11pm,28720,
Uttar Pradesh - 2024,29-May 12am,29078,
Uttar Pradesh - 2024,29-May 1am,29057,
Uttar Pradesh - 2024,29-May 2am,28528,
Uttar Pradesh - 2024,29-May 3am,27998,
Uttar Pradesh - 2024,29-May 4am,27431,
Uttar Pradesh - 2024,29-May 5am,27376,
Uttar Pradesh - 2024,29-May 6am,25325,
Uttar Pradesh - 2024,29-May 7am,24010,
Uttar Pradesh - 2024,29-May 8am,24399,
Uttar Pradesh - 2024,29-May 9am,25769,
Uttar Pradesh - 2024,29-May 10am,27350,
Uttar Pradesh - 2024,29-May 11am,28013,
Uttar Pradesh - 2024,29-May 12pm,28698,
Uttar Pradesh - 2024,29-May 1pm,28634,
Uttar Pradesh - 2024,29-May 2pm,28798,
Uttar Pradesh - 2024,29-May 3pm,28897,
Uttar Pradesh - 2024,29-May 4pm,26818,
Uttar Pradesh - 2024,29-May 5pm,23535,
Uttar Pradesh - 2024,29-May 6pm,20191,
Uttar Pradesh - 2024,29-May 7pm,23055,
Uttar Pradesh - 2024,29-May 8pm,26607,
Uttar Pradesh - 2024,29-May 9pm,27724,
Uttar Pradesh - 2024,29-May 10pm,28300,
Uttar Pradesh - 2024,29-May 11pm,28434,
Uttar Pradesh - 2024,30-May 12am,28347,
Uttar Pradesh - 2024,30-May 1am,28361,
Uttar Pradesh - 2024,30-May 2am,27863,
Uttar Pradesh - 2024,30-May 3am,27661,
Uttar Pradesh - 2024,30-May 4am,27336,
Uttar Pradesh - 2024,30-May 5am,27140,
Uttar Pradesh - 2024,30-May 6am,25208,
Uttar Pradesh - 2024,30-May 7am,23845,
Uttar Pradesh - 2024,30-May 8am,24555,
Uttar Pradesh - 2024,30-May 9am,25757,
Uttar Pradesh - 2024,30-May 10am,26994,
Uttar Pradesh - 2024,30-May 11am,28003,
Uttar Pradesh - 2024,30-May 12pm,28466,
Uttar Pradesh - 2024,30-May 1pm,28705,
Uttar Pradesh - 2024,30-May 2pm,28771,
Uttar Pradesh - 2024,30-May 3pm,27165,
Uttar Pradesh - 2024,30-May 4pm,24940,
Uttar Pradesh - 2024,30-May 5pm,23798,
Uttar Pradesh - 2024,30-May 6pm,22467,
Uttar Pradesh - 2024,30-May 7pm,23902,
Uttar Pradesh - 2024,30-May 8pm,26353,
Uttar Pradesh - 2024,30-May 9pm,26919,
Uttar Pradesh - 2024,30-May 10pm,27605,
Uttar Pradesh - 2024,30-May 11pm,27415,
Uttar Pradesh - 2024,31-May 12am,27524,
Uttar Pradesh - 2024,31-May 1am,27534,
Uttar Pradesh - 2024,31-May 2am,27420,
Uttar Pradesh - 2024,31-May 3am,27020,
Uttar Pradesh - 2024,31-May 4am,26277,
Uttar Pradesh - 2024,31-May 5am,26189,
Uttar Pradesh - 2024,31-May 6am,24674,
Uttar Pradesh - 2024,31-May 7am,23177,
Uttar Pradesh - 2024,31-May 8am,23638,
Uttar Pradesh - 2024,31-May 9am,24753,
Uttar Pradesh - 2024,31-May 10am,26083,
Uttar Pradesh - 2024,31-May 11am,27061,
Uttar Pradesh - 2024,31-May 12pm,27704,
Uttar Pradesh - 2024,31-May 1pm,28013,
Uttar Pradesh - 2024,31-May 2pm,28376,
Uttar Pradesh - 2024,31-May 3pm,27261,
Uttar Pradesh - 2024,31-May 4pm,27059,
Uttar Pradesh - 2024,31-May 5pm,24701,
Uttar Pradesh - 2024,31-May 6pm,23637,
Uttar Pradesh - 2024,31-May 7pm,25550,
Uttar Pradesh - 2024,31-May 8pm,28614,
Uttar Pradesh - 2024,31-May 9pm,29316,
Uttar Pradesh - 2024,31-May 10pm,29561,
Uttar Pradesh - 2024,31-May 11pm,28994,
Uttar Pradesh - 2024,01-Jun 12am,29018,
Uttar Pradesh - 2024,01-Jun 1am,28764,
Uttar Pradesh - 2024,01-Jun 2am,28270,
Uttar Pradesh - 2024,01-Jun 3am,27700,
Uttar Pradesh - 2024,01-Jun 4am,27218,
Uttar Pradesh - 2024,01-Jun 5am,26890,
Uttar Pradesh - 2024,01-Jun 6am,24707,
Uttar Pradesh - 2024,01-Jun 7am,23610,
Uttar Pradesh - 2024,01-Jun 8am,24063,
Uttar Pradesh - 2024,01-Jun 9am,24975,
Uttar Pradesh - 2024,01-Jun 10am,26491,
Uttar Pradesh - 2024,01-Jun 11am,27566,
Uttar Pradesh - 2024,01-Jun 12pm,28309,
Uttar Pradesh - 2024,01-Jun 1pm,28564,
Uttar Pradesh - 2024,01-Jun 2pm,28802,
Uttar Pradesh - 2024,01-Jun 3pm,29218,
Uttar Pradesh - 2024,01-Jun 4pm,25523,
Uttar Pradesh - 2024,01-Jun 5pm,22793,
Uttar Pradesh - 2024,01-Jun 6pm,21602,
Uttar Pradesh - 2024,01-Jun 7pm,22276,
Uttar Pradesh - 2024,01-Jun 8pm,24562,
Uttar Pradesh - 2024,01-Jun 9pm,26045,
Uttar Pradesh - 2024,01-Jun 10pm,26648,
Uttar Pradesh - 2024,01-Jun 11pm,26680,
Uttar Pradesh - 2024,02-Jun 12am,26893,
Uttar Pradesh - 2024,02-Jun 1am,26829,
Uttar Pradesh - 2024,02-Jun 2am,26050,
Uttar Pradesh - 2024,02-Jun 3am,25464,
Uttar Pradesh - 2024,02-Jun 4am,24466,
Uttar Pradesh - 2024,02-Jun 5am,24113,
Uttar Pradesh - 2024,02-Jun 6am,21806,
Uttar Pradesh - 2024,02-Jun 7am,20053,
Uttar Pradesh - 2024,02-Jun 8am,20296,
Uttar Pradesh - 2024,02-Jun 9am,21258,
Uttar Pradesh - 2024,02-Jun 10am,22766,
Uttar Pradesh - 2024,02-Jun 11am,23892,
Uttar Pradesh - 2024,02-Jun 12pm,25022,
Uttar Pradesh - 2024,02-Jun 1pm,25729,
Uttar Pradesh - 2024,02-Jun 2pm,25902,
Uttar Pradesh - 2024,02-Jun 3pm,25091,
Uttar Pradesh - 2024,02-Jun 4pm,24987,
Uttar Pradesh - 2024,02-Jun 5pm,23399,
Uttar Pradesh - 2024,02-Jun 6pm,21369,
Uttar Pradesh - 2024,02-Jun 7pm,23182,
Uttar Pradesh - 2024,02-Jun 8pm,26695,
Uttar Pradesh - 2024,02-Jun 9pm,27711,
Uttar Pradesh - 2024,02-Jun 10pm,28396,
Uttar Pradesh - 2024,02-Jun 11pm,27537,
Uttar Pradesh - 2024,03-Jun 12am,27871,
Uttar Pradesh - 2024,03-Jun 1am,27505,
Uttar Pradesh - 2024,03-Jun 2am,27321,
Uttar Pradesh - 2024,03-Jun 3am,26710,
Uttar Pradesh - 2024,03-Jun 4am,26064,
Uttar Pradesh - 2024,03-Jun 5am,25737,
Uttar Pradesh - 2024,03-Jun 6am,23808,
Uttar Pradesh - 2024,03-Jun 7am,22524,
Uttar Pradesh - 2024,03-Jun 8am,23247,
Uttar Pradesh - 2024,03-Jun 9am,24491,
Uttar Pradesh - 2024,03-Jun 10am,26274,
Uttar Pradesh - 2024,03-Jun 11am,27524,
Uttar Pradesh - 2024,03-Jun 12pm,27879,
Uttar Pradesh - 2024,03-Jun 1pm,28331,
Uttar Pradesh - 2024,03-Jun 2pm,28234,
Uttar Pradesh - 2024,03-Jun 3pm,26525,
Uttar Pradesh - 2024,03-Jun 4pm,25093,
Uttar Pradesh - 2024,03-Jun 5pm,24190,
Uttar Pradesh - 2024,03-Jun 6pm,23534,
Uttar Pradesh - 2024,03-Jun 7pm,25734,
Uttar Pradesh - 2024,03-Jun 8pm,28345,
Uttar Pradesh - 2024,03-Jun 9pm,28377,
Uttar Pradesh - 2024,03-Jun 10pm,28230,
Uttar Pradesh - 2024,03-Jun 11pm,27454,
Uttar Pradesh - 2024,04-Jun 12am,27145,
Uttar Pradesh - 2024,04-Jun 1am,26471,
Uttar Pradesh - 2024,04-Jun 2am,25446,
Uttar Pradesh - 2024,04-Jun 3am,23853,
Uttar Pradesh - 2024,04-Jun 4am,23346,
Uttar Pradesh - 2024,04-Jun 5am,23222,
Uttar Pradesh - 2024,04-Jun 6am,21843,
Uttar Pradesh - 2024,04-Jun 7am,20813,
Uttar Pradesh - 2024,04-Jun 8am,21305,
Uttar Pradesh - 2024,04-Jun 9am,23158,
Uttar Pradesh - 2024,04-Jun 10am,25152,
Uttar Pradesh - 2024,04-Jun 11am,26468,
Uttar Pradesh - 2024,04-Jun 12pm,27395,
Uttar Pradesh - 2024,04-Jun 1pm,28045,
Uttar Pradesh - 2024,04-Jun 2pm,28596,
Uttar Pradesh - 2024,04-Jun 3pm,28613,
Uttar Pradesh - 2024,04-Jun 4pm,26440,
Uttar Pradesh - 2024,04-Jun 5pm,24962,
Uttar Pradesh - 2024,04-Jun 6pm,22851,
Uttar Pradesh - 2024,04-Jun 7pm,24633,
Uttar Pradesh - 2024,04-Jun 8pm,27788,
Uttar Pradesh - 2024,04-Jun 9pm,28578,
Uttar Pradesh - 2024,04-Jun 10pm,29098,
Uttar Pradesh - 2024,04-Jun 11pm,29064,
Uttar Pradesh - 2024,05-Jun 12am,28841,
Uttar Pradesh - 2024,05-Jun 1am,28355,
Uttar Pradesh - 2024,05-Jun 2am,27605,
Uttar Pradesh - 2024,05-Jun 3am,26901,
Uttar Pradesh - 2024,05-Jun 4am,26290,
Uttar Pradesh - 2024,05-Jun 5am,26017,
Uttar Pradesh - 2024,05-Jun 6am,23890,
Uttar Pradesh - 2024,05-Jun 7am,22326,
Uttar Pradesh - 2024,05-Jun 8am,22840,
Uttar Pradesh - 2024,05-Jun 9am,23682,
Uttar Pradesh - 2024,05-Jun 10am,25108,
Uttar Pradesh - 2024,05-Jun 11am,26260,
Uttar Pradesh - 2024,05-Jun 12pm,26978,
Uttar Pradesh - 2024,05-Jun 1pm,27743,
Uttar Pradesh - 2024,05-Jun 2pm,28092,
Uttar Pradesh - 2024,05-Jun 3pm,28386,
Uttar Pradesh - 2024,05-Jun 4pm,27710,
Uttar Pradesh - 2024,05-Jun 5pm,25180,
Uttar Pradesh - 2024,05-Jun 6pm,23241,
Uttar Pradesh - 2024,05-Jun 7pm,24949,
Uttar Pradesh - 2024,05-Jun 8pm,27739,
Uttar Pradesh - 2024,05-Jun 9pm,27312,
Uttar Pradesh - 2024,05-Jun 10pm,25122,
Uttar Pradesh - 2024,05-Jun 11pm,24609,
Uttar Pradesh - 2024,06-Jun 12am,23222,
Uttar Pradesh - 2024,06-Jun 1am,22180,
Uttar Pradesh - 2024,06-Jun 2am,21462,
Uttar Pradesh - 2024,06-Jun 3am,19247,
Uttar Pradesh - 2024,06-Jun 4am,18161,
Uttar Pradesh - 2024,06-Jun 5am,17340,
Uttar Pradesh - 2024,06-Jun 6am,15956,
Uttar Pradesh - 2024,06-Jun 7am,14633,
Uttar Pradesh - 2024,06-Jun 8am,15380,
Uttar Pradesh - 2024,06-Jun 9am,17317,
Uttar Pradesh - 2024,06-Jun 10am,19702,
Uttar Pradesh - 2024,06-Jun 11am,21393,
Uttar Pradesh - 2024,06-Jun 12pm,23001,
Uttar Pradesh - 2024,06-Jun 1pm,24162,
Uttar Pradesh - 2024,06-Jun 2pm,25158,
Uttar Pradesh - 2024,06-Jun 3pm,25981,
Uttar Pradesh - 2024,06-Jun 4pm,25454,
Uttar Pradesh - 2024,06-Jun 5pm,23579,
Uttar Pradesh - 2024,06-Jun 6pm,21905,
Uttar Pradesh - 2024,06-Jun 7pm,22946,
Uttar Pradesh - 2024,06-Jun 8pm,26434,
Uttar Pradesh - 2024,06-Jun 9pm,27643,
Uttar Pradesh - 2024,06-Jun 10pm,28424,
Uttar Pradesh - 2024,06-Jun 11pm,27104,
Uttar Pradesh - 2024,07-Jun 12am,25804,
Uttar Pradesh - 2024,07-Jun 1am,26732,
Uttar Pradesh - 2024,07-Jun 2am,26294,
Uttar Pradesh - 2024,07-Jun 3am,25516,
Uttar Pradesh - 2024,07-Jun 4am,24748,
Uttar Pradesh - 2024,07-Jun 5am,24380,
Uttar Pradesh - 2024,07-Jun 6am,22499,
Uttar Pradesh - 2024,07-Jun 7am,21606,
Uttar Pradesh - 2024,07-Jun 8am,22252,
Uttar Pradesh - 2024,07-Jun 9am,23528,
Uttar Pradesh - 2024,07-Jun 10am,24853,
Uttar Pradesh - 2024,07-Jun 11am,25806,
Uttar Pradesh - 2024,07-Jun 12pm,26339,
Uttar Pradesh - 2024,07-Jun 1pm,26439,
Uttar Pradesh - 2024,07-Jun 2pm,26413,
Uttar Pradesh - 2024,07-Jun 3pm,26590,
Uttar Pradesh - 2024,07-Jun 4pm,25484,
Uttar Pradesh - 2024,07-Jun 5pm,23452,
Uttar Pradesh - 2024,07-Jun 6pm,22089,
Uttar Pradesh - 2024,07-Jun 7pm,23226,
Uttar Pradesh - 2024,07-Jun 8pm,26006,
Uttar Pradesh - 2024,07-Jun 9pm,27627,
Uttar Pradesh - 2024,07-Jun 10pm,28202,
Uttar Pradesh - 2024,07-Jun 11pm,27841,
Uttar Pradesh - 2024,08-Jun 12am,27808,
Uttar Pradesh - 2024,08-Jun 1am,28021,
Uttar Pradesh - 2024,08-Jun 2am,27432,
Uttar Pradesh - 2024,08-Jun 3am,26745,
Uttar Pradesh - 2024,08-Jun 4am,26068,
Uttar Pradesh - 2024,08-Jun 5am,25721,
Uttar Pradesh - 2024,08-Jun 6am,23587,
Uttar Pradesh - 2024,08-Jun 7am,22472,
Uttar Pradesh - 2024,08-Jun 8am,22981,
Uttar Pradesh - 2024,08-Jun 9am,24015,
Uttar Pradesh - 2024,08-Jun 10am,24962,
Uttar Pradesh - 2024,08-Jun 11am,25411,
Uttar Pradesh - 2024,08-Jun 12pm,25484,
Uttar Pradesh - 2024,08-Jun 1pm,25804,
Uttar Pradesh - 2024,08-Jun 2pm,26361,
Uttar Pradesh - 2024,08-Jun 3pm,26750,
Uttar Pradesh - 2024,08-Jun 4pm,26280,
Uttar Pradesh - 2024,08-Jun 5pm,24574,
Uttar Pradesh - 2024,08-Jun 6pm,22636,
Uttar Pradesh - 2024,08-Jun 7pm,24341,
Uttar Pradesh - 2024,08-Jun 8pm,27576,
Uttar Pradesh - 2024,08-Jun 9pm,28469,
Uttar Pradesh - 2024,08-Jun 10pm,28805,
Uttar Pradesh - 2024,08-Jun 11pm,28946,
Uttar Pradesh - 2024,09-Jun 12am,28892,
Uttar Pradesh - 2024,09-Jun 1am,28604,
Uttar Pradesh - 2024,09-Jun 2am,27888,
Uttar Pradesh - 2024,09-Jun 3am,27159,
Uttar Pradesh - 2024,09-Jun 4am,26575,
Uttar Pradesh - 2024,09-Jun 5am,26278,
Uttar Pradesh - 2024,09-Jun 6am,24173,
Uttar Pradesh - 2024,09-Jun 7am,23052,
Uttar Pradesh - 2024,09-Jun 8am,23501,
Uttar Pradesh - 2024,09-Jun 9am,23934,
Uttar Pradesh - 2024,09-Jun 10am,24541,
Uttar Pradesh - 2024,09-Jun 11am,24883,
Uttar Pradesh - 2024,09-Jun 12pm,25301,
Uttar Pradesh - 2024,09-Jun 1pm,25407,
Uttar Pradesh - 2024,09-Jun 2pm,25640,
Uttar Pradesh - 2024,09-Jun 3pm,25984,
Uttar Pradesh - 2024,09-Jun 4pm,25280,
Uttar Pradesh - 2024,09-Jun 5pm,23355,
Uttar Pradesh - 2024,09-Jun 6pm,21601,
Uttar Pradesh - 2024,09-Jun 7pm,23313,
Uttar Pradesh - 2024,09-Jun 8pm,26980,
Uttar Pradesh - 2024,09-Jun 9pm,27755,
Uttar Pradesh - 2024,09-Jun 10pm,28349,
Uttar Pradesh - 2024,09-Jun 11pm,28648,
Uttar Pradesh - 2024,10-Jun 12am,28493,
Uttar Pradesh - 2024,10-Jun 1am,27987,
Uttar Pradesh - 2024,10-Jun 2am,27433,
Uttar Pradesh - 2024,10-Jun 3am,26654,
Uttar Pradesh - 2024,10-Jun 4am,25877,
Uttar Pradesh - 2024,10-Jun 5am,25586,
Uttar Pradesh - 2024,10-Jun 6am,23775,
Uttar Pradesh - 2024,10-Jun 7am,22795,
Uttar Pradesh - 2024,10-Jun 8am,23604,
Uttar Pradesh - 2024,10-Jun 9am,25080,
Uttar Pradesh - 2024,10-Jun 10am,25766,
Uttar Pradesh - 2024,10-Jun 11am,26907,
Uttar Pradesh - 2024,10-Jun 12pm,27286,
Uttar Pradesh - 2024,10-Jun 1pm,27012,
Uttar Pradesh - 2024,10-Jun 2pm,27347,
Uttar Pradesh - 2024,10-Jun 3pm,27219,
Uttar Pradesh - 2024,10-Jun 4pm,26601,
Uttar Pradesh - 2024,10-Jun 5pm,24769,
Uttar Pradesh - 2024,10-Jun 6pm,22973,
Uttar Pradesh - 2024,10-Jun 7pm,24707,
Uttar Pradesh - 2024,10-Jun 8pm,28032,
Uttar Pradesh - 2024,10-Jun 9pm,28840,
Uttar Pradesh - 2024,10-Jun 10pm,29194,
Uttar Pradesh - 2024,10-Jun 11pm,29186,
Uttar Pradesh - 2024,11-Jun 12am,29018,
Uttar Pradesh - 2024,11-Jun 1am,29042,
Uttar Pradesh - 2024,11-Jun 2am,28299,
Uttar Pradesh - 2024,11-Jun 3am,27763,
Uttar Pradesh - 2024,11-Jun 4am,27135,
Uttar Pradesh - 2024,11-Jun 5am,26826,
Uttar Pradesh - 2024,11-Jun 6am,24927,
Uttar Pradesh - 2024,11-Jun 7am,24017,
Uttar Pradesh - 2024,11-Jun 8am,24433,
Uttar Pradesh - 2024,11-Jun 9am,25378,
Uttar Pradesh - 2024,11-Jun 10am,26559,
Uttar Pradesh - 2024,11-Jun 11am,27058,
Uttar Pradesh - 2024,11-Jun 12pm,27658,
Uttar Pradesh - 2024,11-Jun 1pm,27497,
Uttar Pradesh - 2024,11-Jun 2pm,27871,
Uttar Pradesh - 2024,11-Jun 3pm,28034,
Uttar Pradesh - 2024,11-Jun 4pm,26840,
Uttar Pradesh - 2024,11-Jun 5pm,25169,
Uttar Pradesh - 2024,11-Jun 6pm,23767,
Uttar Pradesh - 2024,11-Jun 7pm,25072,
Uttar Pradesh - 2024,11-Jun 8pm,27893,
Uttar Pradesh - 2024,11-Jun 9pm,28740,
Uttar Pradesh - 2024,11-Jun 10pm,29551,
Uttar Pradesh - 2024,11-Jun 11pm,29633,
Uttar Pradesh - 2024,12-Jun 12am,29397,
Uttar Pradesh - 2024,12-Jun 1am,28953,
Uttar Pradesh - 2024,12-Jun 2am,28472,
Uttar Pradesh - 2024,12-Jun 3am,27991,
Uttar Pradesh - 2024,12-Jun 4am,27462,
Uttar Pradesh - 2024,12-Jun 5am,27445,
Uttar Pradesh - 2024,12-Jun 6am,25742,
Uttar Pradesh - 2024,12-Jun 7am,24451,
Uttar Pradesh - 2024,12-Jun 8am,24975,
Uttar Pradesh - 2024,12-Jun 9am,26040,
Uttar Pradesh - 2024,12-Jun 10am,27119,
Uttar Pradesh - 2024,12-Jun 11am,27754,
Uttar Pradesh - 2024,12-Jun 12pm,27872,
Uttar Pradesh - 2024,12-Jun 1pm,28091,
Uttar Pradesh - 2024,12-Jun 2pm,28544,
Uttar Pradesh - 2024,12-Jun 3pm,28951,
Uttar Pradesh - 2024,12-Jun 4pm,27731,
Uttar Pradesh - 2024,12-Jun 5pm,26234,
Uttar Pradesh - 2024,12-Jun 6pm,23920,
Uttar Pradesh - 2024,12-Jun 7pm,25556,
Uttar Pradesh - 2024,12-Jun 8pm,28580,
Uttar Pradesh - 2024,12-Jun 9pm,29224,
Uttar Pradesh - 2024,12-Jun 10pm,29988,
Uttar Pradesh - 2024,12-Jun 11pm,30021,
Uttar Pradesh - 2024,13-Jun 12am,29865,
Uttar Pradesh - 2024,13-Jun 1am,29528,
Uttar Pradesh - 2024,13-Jun 2am,28970,
Uttar Pradesh - 2024,13-Jun 3am,28521,
Uttar Pradesh - 2024,13-Jun 4am,28049,
Uttar Pradesh - 2024,13-Jun 5am,27871,
Uttar Pradesh - 2024,13-Jun 6am,25707,
Uttar Pradesh - 2024,13-Jun 7am,24658,
Uttar Pradesh - 2024,13-Jun 8am,24920,
Uttar Pradesh - 2024,13-Jun 9am,25833,
Uttar Pradesh - 2024,13-Jun 10am,26769,
Uttar Pradesh - 2024,13-Jun 11am,27319,
Uttar Pradesh - 2024,13-Jun 12pm,27828,
Uttar Pradesh - 2024,13-Jun 1pm,28049,
Uttar Pradesh - 2024,13-Jun 2pm,28340,
Uttar Pradesh - 2024,13-Jun 3pm,28006,
Uttar Pradesh - 2024,13-Jun 4pm,27890,
Uttar Pradesh - 2024,13-Jun 5pm,26188,
Uttar Pradesh - 2024,13-Jun 6pm,24288,
Uttar Pradesh - 2024,13-Jun 7pm,25424,
Uttar Pradesh - 2024,13-Jun 8pm,28616,
Uttar Pradesh - 2024,13-Jun 9pm,29495,
Uttar Pradesh - 2024,13-Jun 10pm,30372,
Uttar Pradesh - 2024,13-Jun 11pm,30422,
Uttar Pradesh - 2024,14-Jun 12am,30220,
Uttar Pradesh - 2024,14-Jun 1am,29946,
Uttar Pradesh - 2024,14-Jun 2am,29335,
Uttar Pradesh - 2024,14-Jun 3am,28748,
Uttar Pradesh - 2024,14-Jun 4am,28250,
Uttar Pradesh - 2024,14-Jun 5am,28284,
Uttar Pradesh - 2024,14-Jun 6am,26544,
Uttar Pradesh - 2024,14-Jun 7am,25404,
Uttar Pradesh - 2024,14-Jun 8am,25887,
Uttar Pradesh - 2024,14-Jun 9am,26783,
Uttar Pradesh - 2024,14-Jun 10am,27048,
Uttar Pradesh - 2024,14-Jun 11am,27536,
Uttar Pradesh - 2024,14-Jun 12pm,28077,
Uttar Pradesh - 2024,14-Jun 1pm,28156,
Uttar Pradesh - 2024,14-Jun 2pm,28127,
Uttar Pradesh - 2024,14-Jun 3pm,28151,
Uttar Pradesh - 2024,14-Jun 4pm,27159,
Uttar Pradesh - 2024,14-Jun 5pm,25463,
Uttar Pradesh - 2024,14-Jun 6pm,23229,
Uttar Pradesh - 2024,14-Jun 7pm,23496,
Uttar Pradesh - 2024,14-Jun 8pm,26669,
Uttar Pradesh - 2024,14-Jun 9pm,28433,
Uttar Pradesh - 2024,14-Jun 10pm,28892,
Uttar Pradesh - 2024,14-Jun 11pm,29119,
Uttar Pradesh - 2024,15-Jun 12am,29466,
Uttar Pradesh - 2024,15-Jun 1am,29255,
Uttar Pradesh - 2024,15-Jun 2am,28745,
Uttar Pradesh - 2024,15-Jun 3am,28430,
Uttar Pradesh - 2024,15-Jun 4am,27931,
Uttar Pradesh - 2024,15-Jun 5am,27771,
Uttar Pradesh - 2024,15-Jun 6am,26128,
Uttar Pradesh - 2024,15-Jun 7am,25193,
Uttar Pradesh - 2024,15-Jun 8am,25344,
Uttar Pradesh - 2024,15-Jun 9am,26150,
Uttar Pradesh - 2024,15-Jun 10am,26789,
Uttar Pradesh - 2024,15-Jun 11am,27143,
Uttar Pradesh - 2024,15-Jun 12pm,26912,
Uttar Pradesh - 2024,15-Jun 1pm,27985,
Uttar Pradesh - 2024,15-Jun 2pm,28018,
Uttar Pradesh - 2024,15-Jun 3pm,28676,
Uttar Pradesh - 2024,15-Jun 4pm,27912,
Uttar Pradesh - 2024,15-Jun 5pm,26757,
Uttar Pradesh - 2024,15-Jun 6pm,25063,
Uttar Pradesh - 2024,15-Jun 7pm,25426,
Uttar Pradesh - 2024,15-Jun 8pm,28442,
Uttar Pradesh - 2024,15-Jun 9pm,29285,
Uttar Pradesh - 2024,15-Jun 10pm,29162,
Uttar Pradesh - 2024,15-Jun 11pm,29436,
Uttar Pradesh - 2024,16-Jun 12am,29500,
Uttar Pradesh - 2024,16-Jun 1am,29904,
Uttar Pradesh - 2024,16-Jun 2am,29502,
Uttar Pradesh - 2024,16-Jun 3am,28963,
Uttar Pradesh - 2024,16-Jun 4am,28515,
Uttar Pradesh - 2024,16-Jun 5am,27527,
Uttar Pradesh - 2024,16-Jun 6am,24786,
Uttar Pradesh - 2024,16-Jun 7am,25718,
Uttar Pradesh - 2024,16-Jun 8am,26335,
Uttar Pradesh - 2024,16-Jun 9am,26379,
Uttar Pradesh - 2024,16-Jun 10am,26939,
Uttar Pradesh - 2024,16-Jun 11am,27549,
Uttar Pradesh - 2024,16-Jun 12pm,27520,
Uttar Pradesh - 2024,16-Jun 1pm,27286,
Uttar Pradesh - 2024,16-Jun 2pm,27389,
Uttar Pradesh - 2024,16-Jun 3pm,27973,
Uttar Pradesh - 2024,16-Jun 4pm,27635,
Uttar Pradesh - 2024,16-Jun 5pm,26123,
Uttar Pradesh - 2024,16-Jun 6pm,24136,
Uttar Pradesh - 2024,16-Jun 7pm,25098,
Uttar Pradesh - 2024,16-Jun 8pm,28122,
Uttar Pradesh - 2024,16-Jun 9pm,28512,
Uttar Pradesh - 2024,16-Jun 10pm,28600,
Uttar Pradesh - 2024,16-Jun 11pm,28606,
Uttar Pradesh - 2024,17-Jun 12am,29084,
Uttar Pradesh - 2024,17-Jun 1am,29356,
Uttar Pradesh - 2024,17-Jun 2am,29072,
Uttar Pradesh - 2024,17-Jun 3am,28801,
Uttar Pradesh - 2024,17-Jun 4am,28488,
Uttar Pradesh - 2024,17-Jun 5am,27139,
Uttar Pradesh - 2024,17-Jun 6am,24967,
Uttar Pradesh - 2024,17-Jun 7am,26082,
Uttar Pradesh - 2024,17-Jun 8am,26537,
Uttar Pradesh - 2024,17-Jun 9am,27377,
Uttar Pradesh - 2024,17-Jun 10am,27952,
Uttar Pradesh - 2024,17-Jun 11am,28887,
Uttar Pradesh - 2024,17-Jun 12pm,28951,
Uttar Pradesh - 2024,17-Jun 1pm,28942,
Uttar Pradesh - 2024,17-Jun 2pm,26575,
Uttar Pradesh - 2024,17-Jun 3pm,26640,
Uttar Pradesh - 2024,17-Jun 4pm,27517,
Uttar Pradesh - 2024,17-Jun 5pm,24886,
Uttar Pradesh - 2024,17-Jun 6pm,25456,
Uttar Pradesh - 2024,17-Jun 7pm,25148,
Uttar Pradesh - 2024,17-Jun 8pm,28627,
Uttar Pradesh - 2024,17-Jun 9pm,29119,
Uttar Pradesh - 2024,17-Jun 10pm,29626,
Uttar Pradesh - 2024,17-Jun 11pm,28944,
Uttar Pradesh - 2024,18-Jun 12am,29040,
Uttar Pradesh - 2024,18-Jun 1am,28571,
Uttar Pradesh - 2024,18-Jun 2am,29051,
Uttar Pradesh - 2024,18-Jun 3am,28508,
Uttar Pradesh - 2024,18-Jun 4am,28433,
Uttar Pradesh - 2024,18-Jun 5am,27693,
Uttar Pradesh - 2024,18-Jun 6am,25182,
Uttar Pradesh - 2024,18-Jun 7am,25499,
Uttar Pradesh - 2024,18-Jun 8am,26642,
Uttar Pradesh - 2024,18-Jun 9am,26236,
Uttar Pradesh - 2024,18-Jun 10am,26194,
Uttar Pradesh - 2024,18-Jun 11am,24686,
Uttar Pradesh - 2024,18-Jun 12pm,24371,
Uttar Pradesh - 2024,18-Jun 1pm,24832,
Uttar Pradesh - 2024,18-Jun 2pm,26280,
Uttar Pradesh - 2024,18-Jun 3pm,27056,
Uttar Pradesh - 2024,18-Jun 4pm,27827,
Uttar Pradesh - 2024,18-Jun 5pm,26985,
Uttar Pradesh - 2024,18-Jun 6pm,25665,
Uttar Pradesh - 2024,18-Jun 7pm,26136,
Uttar Pradesh - 2024,18-Jun 8pm,27378,
Uttar Pradesh - 2024,18-Jun 9pm,27254,
Uttar Pradesh - 2024,18-Jun 10pm,27654,
Uttar Pradesh - 2024,18-Jun 11pm,27643,
Uttar Pradesh - 2024,19-Jun 12am,27857,
Uttar Pradesh - 2024,19-Jun 1am,27669,
Uttar Pradesh - 2024,19-Jun 2am,27428,
Uttar Pradesh - 2024,19-Jun 3am,27054,
Uttar Pradesh - 2024,19-Jun 4am,26590,
Uttar Pradesh - 2024,19-Jun 5am,25522,
Uttar Pradesh - 2024,19-Jun 6am,24992,
Uttar Pradesh - 2024,19-Jun 7am,24573,
Uttar Pradesh - 2024,19-Jun 8am,24611,
Uttar Pradesh - 2024,19-Jun 9am,24706,
Uttar Pradesh - 2024,19-Jun 10am,25602,
Uttar Pradesh - 2024,19-Jun 11am,26319,
Uttar Pradesh - 2024,19-Jun 12pm,27233,
Uttar Pradesh - 2024,19-Jun 1pm,27508,
Uttar Pradesh - 2024,19-Jun 2pm,28273,
Uttar Pradesh - 2024,19-Jun 3pm,29066,
Uttar Pradesh - 2024,19-Jun 4pm,28098,
Uttar Pradesh - 2024,19-Jun 5pm,25672,
Uttar Pradesh - 2024,19-Jun 6pm,24793,
Uttar Pradesh - 2024,19-Jun 7pm,25244,
Uttar Pradesh - 2024,19-Jun 8pm,27416,
Uttar Pradesh - 2024,19-Jun 9pm,26574,
Uttar Pradesh - 2024,19-Jun 10pm,26009,
Uttar Pradesh - 2024,19-Jun 11pm,22817,
Uttar Pradesh - 2024,20-Jun 12am,21165,
Uttar Pradesh - 2024,20-Jun 1am,21205,
Uttar Pradesh - 2024,20-Jun 2am,20701,
Uttar Pradesh - 2024,20-Jun 3am,19977,
Uttar Pradesh - 2024,20-Jun 4am,19946,
Uttar Pradesh - 2024,20-Jun 5am,19841,
Uttar Pradesh - 2024,20-Jun 6am,18827,
Uttar Pradesh - 2024,20-Jun 7am,18108,
Uttar Pradesh - 2024,20-Jun 8am,18846,
Uttar Pradesh - 2024,20-Jun 9am,19679,
Uttar Pradesh - 2024,20-Jun 10am,21085,
Uttar Pradesh - 2024,20-Jun 11am,22938,
Uttar Pradesh - 2024,20-Jun 12pm,24352,
Uttar Pradesh - 2024,20-Jun 1pm,25715,
Uttar Pradesh - 2024,20-Jun 2pm,26646,
Uttar Pradesh - 2024,20-Jun 3pm,27012,
Uttar Pradesh - 2024,20-Jun 4pm,27102,
Uttar Pradesh - 2024,20-Jun 5pm,24963,
Uttar Pradesh - 2024,20-Jun 6pm,22293,
Uttar Pradesh - 2024,20-Jun 7pm,23061,
Uttar Pradesh - 2024,20-Jun 8pm,25944,
Uttar Pradesh - 2024,20-Jun 9pm,26343,
Uttar Pradesh - 2024,20-Jun 10pm,26744,
Uttar Pradesh - 2024,20-Jun 11pm,27297,
Uttar Pradesh - 2024,21-Jun 12am,27633,
Uttar Pradesh - 2024,21-Jun 1am,27201,
Uttar Pradesh - 2024,21-Jun 2am,26483,
Uttar Pradesh - 2024,21-Jun 3am,25742,
Uttar Pradesh - 2024,21-Jun 4am,25108,
Uttar Pradesh - 2024,21-Jun 5am,24929,
Uttar Pradesh - 2024,21-Jun 6am,23743,
Uttar Pradesh - 2024,21-Jun 7am,22846,
Uttar Pradesh - 2024,21-Jun 8am,23068,
Uttar Pradesh - 2024,21-Jun 9am,23852,
Uttar Pradesh - 2024,21-Jun 10am,25216,
Uttar Pradesh - 2024,21-Jun 11am,25925,
Uttar Pradesh - 2024,21-Jun 12pm,26712,
Uttar Pradesh - 2024,21-Jun 1pm,27174,
Uttar Pradesh - 2024,21-Jun 2pm,27353,
Uttar Pradesh - 2024,21-Jun 3pm,26464,
Uttar Pradesh - 2024,21-Jun 4pm,25011,
Uttar Pradesh - 2024,21-Jun 5pm,23837,
Uttar Pradesh - 2024,21-Jun 6pm,22812,
Uttar Pradesh - 2024,21-Jun 7pm,24078,
Uttar Pradesh - 2024,21-Jun 8pm,27299,
Uttar Pradesh - 2024,21-Jun 9pm,27734,
Uttar Pradesh - 2024,21-Jun 10pm,27988,
Uttar Pradesh - 2024,21-Jun 11pm,27819,
Uttar Pradesh - 2024,22-Jun 12am,27288,
Uttar Pradesh - 2024,22-Jun 1am,27908,
Uttar Pradesh - 2024,22-Jun 2am,27077,
Uttar Pradesh - 2024,22-Jun 3am,26205,
Uttar Pradesh - 2024,22-Jun 4am,25624,
Uttar Pradesh - 2024,22-Jun 5am,25546,
Uttar Pradesh - 2024,22-Jun 6am,24094,
Uttar Pradesh - 2024,22-Jun 7am,23085,
Uttar Pradesh - 2024,22-Jun 8am,23041,
Uttar Pradesh - 2024,22-Jun 9am,23623,
Uttar Pradesh - 2024,22-Jun 10am,25133,
Uttar Pradesh - 2024,22-Jun 11am,25815,
Uttar Pradesh - 2024,22-Jun 12pm,26571,
Uttar Pradesh - 2024,22-Jun 1pm,26548,
Uttar Pradesh - 2024,22-Jun 2pm,25529,
Uttar Pradesh - 2024,22-Jun 3pm,24908,
Uttar Pradesh - 2024,22-Jun 4pm,23084,
Uttar Pradesh - 2024,22-Jun 5pm,21562,
Uttar Pradesh - 2024,22-Jun 6pm,20927,
Uttar Pradesh - 2024,22-Jun 7pm,22473,
Uttar Pradesh - 2024,22-Jun 8pm,25406,
Uttar Pradesh - 2024,22-Jun 9pm,26650,
Uttar Pradesh - 2024,22-Jun 10pm,27395,
Uttar Pradesh - 2024,22-Jun 11pm,27615,
Uttar Pradesh - 2024,23-Jun 12am,27620,
Uttar Pradesh - 2024,23-Jun 1am,26981,
Uttar Pradesh - 2024,23-Jun 2am,26165,
Uttar Pradesh - 2024,23-Jun 3am,25414,
Uttar Pradesh - 2024,23-Jun 4am,24722,
Uttar Pradesh - 2024,23-Jun 5am,24199,
Uttar Pradesh - 2024,23-Jun 6am,23129,
Uttar Pradesh - 2024,23-Jun 7am,21842,
Uttar Pradesh - 2024,23-Jun 8am,21926,
Uttar Pradesh - 2024,23-Jun 9am,22470,
Uttar Pradesh - 2024,23-Jun 10am,23278,
Uttar Pradesh - 2024,23-Jun 11am,24335,
Uttar Pradesh - 2024,23-Jun 12pm,25036,
Uttar Pradesh - 2024,23-Jun 1pm,25542,
Uttar Pradesh - 2024,23-Jun 2pm,25338,
Uttar Pradesh - 2024,23-Jun 3pm,25577,
Uttar Pradesh - 2024,23-Jun 4pm,24276,
Uttar Pradesh - 2024,23-Jun 5pm,22288,
Uttar Pradesh - 2024,23-Jun 6pm,21498,
Uttar Pradesh - 2024,23-Jun 7pm,23186,
Uttar Pradesh - 2024,23-Jun 8pm,26547,
Uttar Pradesh - 2024,23-Jun 9pm,27719,
Uttar Pradesh - 2024,23-Jun 10pm,28308,
Uttar Pradesh - 2024,23-Jun 11pm,28430,
Uttar Pradesh - 2024,24-Jun 12am,28107,
Uttar Pradesh - 2024,24-Jun 1am,27652,
Uttar Pradesh - 2024,24-Jun 2am,27056,
Uttar Pradesh - 2024,24-Jun 3am,26572,
Uttar Pradesh - 2024,24-Jun 4am,26045,
Uttar Pradesh - 2024,24-Jun 5am,25916,
Uttar Pradesh - 2024,24-Jun 6am,24673,
Uttar Pradesh - 2024,24-Jun 7am,23680,
Uttar Pradesh - 2024,24-Jun 8am,23981,
Uttar Pradesh - 2024,24-Jun 9am,24672,
Uttar Pradesh - 2024,24-Jun 10am,25814,
Uttar Pradesh - 2024,24-Jun 11am,26197,
Uttar Pradesh - 2024,24-Jun 12pm,25930,
Uttar Pradesh - 2024,24-Jun 1pm,24694,
Uttar Pradesh - 2024,24-Jun 2pm,23947,
Uttar Pradesh - 2024,24-Jun 3pm,22380,
Uttar Pradesh - 2024,24-Jun 4pm,22181,
Uttar Pradesh - 2024,24-Jun 5pm,21520,
Uttar Pradesh - 2024,24-Jun 6pm,21694,
Uttar Pradesh - 2024,24-Jun 7pm,23319,
Uttar Pradesh - 2024,24-Jun 8pm,26454,
Uttar Pradesh - 2024,24-Jun 9pm,27508,
Uttar Pradesh - 2024,24-Jun 10pm,27893,
Uttar Pradesh - 2024,24-Jun 11pm,28167,
Uttar Pradesh - 2024,25-Jun 12am,27700,
Uttar Pradesh - 2024,25-Jun 1am,27114,
Uttar Pradesh - 2024,25-Jun 2am,26433,
Uttar Pradesh - 2024,25-Jun 3am,25754,
Uttar Pradesh - 2024,25-Jun 4am,25265,
Uttar Pradesh - 2024,25-Jun 5am,24992,
Uttar Pradesh - 2024,25-Jun 6am,23782,
Uttar Pradesh - 2024,25-Jun 7am,22743,
Uttar Pradesh - 2024,25-Jun 8am,22737,
Uttar Pradesh - 2024,25-Jun 9am,23756,
Uttar Pradesh - 2024,25-Jun 10am,25001,
Uttar Pradesh - 2024,25-Jun 11am,26011,
Uttar Pradesh - 2024,25-Jun 12pm,26571,
Uttar Pradesh - 2024,25-Jun 1pm,26871,
Uttar Pradesh - 2024,25-Jun 2pm,26550,
Uttar Pradesh - 2024,25-Jun 3pm,25554,
Uttar Pradesh - 2024,25-Jun 4pm,24776,
Uttar Pradesh - 2024,25-Jun 5pm,23446,
Uttar Pradesh - 2024,25-Jun 6pm,22690,
Uttar Pradesh - 2024,25-Jun 7pm,24580,
Uttar Pradesh - 2024,25-Jun 8pm,27154,
Uttar Pradesh - 2024,25-Jun 9pm,27915,
Uttar Pradesh - 2024,25-Jun 10pm,28169,
Uttar Pradesh - 2024,25-Jun 11pm,28599,
Uttar Pradesh - 2024,26-Jun 12am,27748,
Uttar Pradesh - 2024,26-Jun 1am,26623,
Uttar Pradesh - 2024,26-Jun 2am,25975,
Uttar Pradesh - 2024,26-Jun 3am,25092,
Uttar Pradesh - 2024,26-Jun 4am,23933,
Uttar Pradesh - 2024,26-Jun 5am,23344,
Uttar Pradesh - 2024,26-Jun 6am,22291,
Uttar Pradesh - 2024,26-Jun 7am,20605,
Uttar Pradesh - 2024,26-Jun 8am,20619,
Uttar Pradesh - 2024,26-Jun 9am,21318,
Uttar Pradesh - 2024,26-Jun 10am,22529,
Uttar Pradesh - 2024,26-Jun 11am,23409,
Uttar Pradesh - 2024,26-Jun 12pm,23255,
Uttar Pradesh - 2024,26-Jun 1pm,22867,
Uttar Pradesh - 2024,26-Jun 2pm,22633,
Uttar Pradesh - 2024,26-Jun 3pm,22868,
Uttar Pradesh - 2024,26-Jun 4pm,23087,
Uttar Pradesh - 2024,26-Jun 5pm,22112,
Uttar Pradesh - 2024,26-Jun 6pm,21470,
Uttar Pradesh - 2024,26-Jun 7pm,22804,
Uttar Pradesh - 2024,26-Jun 8pm,25670,
Uttar Pradesh - 2024,26-Jun 9pm,26516,
Uttar Pradesh - 2024,26-Jun 10pm,26953,
Uttar Pradesh - 2024,26-Jun 11pm,26664,
Uttar Pradesh - 2024,27-Jun 12am,26711,
Uttar Pradesh - 2024,27-Jun 1am,25743,
Uttar Pradesh - 2024,27-Jun 2am,24410,
Uttar Pradesh - 2024,27-Jun 3am,23144,
Uttar Pradesh - 2024,27-Jun 4am,22058,
Uttar Pradesh - 2024,27-Jun 5am,20903,
Uttar Pradesh - 2024,27-Jun 6am,19171,
Uttar Pradesh - 2024,27-Jun 7am,17942,
Uttar Pradesh - 2024,27-Jun 8am,16993,
Uttar Pradesh - 2024,27-Jun 9am,16481,
Uttar Pradesh - 2024,27-Jun 10am,17780,
Uttar Pradesh - 2024,27-Jun 11am,19387,
Uttar Pradesh - 2024,27-Jun 12pm,20720,
Uttar Pradesh - 2024,27-Jun 1pm,21236,
Uttar Pradesh - 2024,27-Jun 2pm,21772,
Uttar Pradesh - 2024,27-Jun 3pm,22730,
Uttar Pradesh - 2024,27-Jun 4pm,22581,
Uttar Pradesh - 2024,27-Jun 5pm,21641,
Uttar Pradesh - 2024,27-Jun 6pm,21167,
Uttar Pradesh - 2024,27-Jun 7pm,22575,
Uttar Pradesh - 2024,27-Jun 8pm,25500,
Uttar Pradesh - 2024,27-Jun 9pm,26543,
Uttar Pradesh - 2024,27-Jun 10pm,26978,
Uttar Pradesh - 2024,27-Jun 11pm,26962,
Uttar Pradesh - 2024,28-Jun 12am,26517,
Uttar Pradesh - 2024,28-Jun 1am,25601,
Uttar Pradesh - 2024,28-Jun 2am,24250,
Uttar Pradesh - 2024,28-Jun 3am,22815,
Uttar Pradesh - 2024,28-Jun 4am,21353,
Uttar Pradesh - 2024,28-Jun 5am,20573,
Uttar Pradesh - 2024,28-Jun 6am,18125,
Uttar Pradesh - 2024,28-Jun 7am,17180,
Uttar Pradesh - 2024,28-Jun 8am,17344,
Uttar Pradesh - 2024,28-Jun 9am,18676,
Uttar Pradesh - 2024,28-Jun 10am,20250,
Uttar Pradesh - 2024,28-Jun 11am,21721,
Uttar Pradesh - 2024,28-Jun 12pm,22858,
Uttar Pradesh - 2024,28-Jun 1pm,23531,
Uttar Pradesh - 2024,28-Jun 2pm,24044,
Uttar Pradesh - 2024,28-Jun 3pm,24005,
Uttar Pradesh - 2024,28-Jun 4pm,23318,
Uttar Pradesh - 2024,28-Jun 5pm,21756,
Uttar Pradesh - 2024,28-Jun 6pm,21311,
Uttar Pradesh - 2024,28-Jun 7pm,22724,
Uttar Pradesh - 2024,28-Jun 8pm,25237,
Uttar Pradesh - 2024,28-Jun 9pm,25885,
Uttar Pradesh - 2024,28-Jun 10pm,26413,
Uttar Pradesh - 2024,28-Jun 11pm,26440,
Uttar Pradesh - 2024,29-Jun 12am,25744,
Uttar Pradesh - 2024,29-Jun 1am,24971,
Uttar Pradesh - 2024,29-Jun 2am,24066,
Uttar Pradesh - 2024,29-Jun 3am,23050,
Uttar Pradesh - 2024,29-Jun 4am,22072,
Uttar Pradesh - 2024,29-Jun 5am,21560,
Uttar Pradesh - 2024,29-Jun 6am,20375,
Uttar Pradesh - 2024,29-Jun 7am,18995,
Uttar Pradesh - 2024,29-Jun 8am,18589,
Uttar Pradesh - 2024,29-Jun 9am,18922,
Uttar Pradesh - 2024,29-Jun 10am,19472,
Uttar Pradesh - 2024,29-Jun 11am,19123,
Uttar Pradesh - 2024,29-Jun 12pm,19039,
Uttar Pradesh - 2024,29-Jun 1pm,18795,
Uttar Pradesh - 2024,29-Jun 2pm,19002,
Uttar Pradesh - 2024,29-Jun 3pm,19779,
Uttar Pradesh - 2024,29-Jun 4pm,20432,
Uttar Pradesh - 2024,29-Jun 5pm,20017,
Uttar Pradesh - 2024,29-Jun 6pm,19900,
Uttar Pradesh - 2024,29-Jun 7pm,21364,
Uttar Pradesh - 2024,29-Jun 8pm,24268,
Uttar Pradesh - 2024,29-Jun 9pm,25299,
Uttar Pradesh - 2024,29-Jun 10pm,25730,
Uttar Pradesh - 2024,29-Jun 11pm,25908,
Uttar Pradesh - 2024,30-Jun 12am,25223,
Uttar Pradesh - 2024,30-Jun 1am,24656,
Uttar Pradesh - 2024,30-Jun 2am,23710,
Uttar Pradesh - 2024,30-Jun 3am,22741,
Uttar Pradesh - 2024,30-Jun 4am,21970,
Uttar Pradesh - 2024,30-Jun 5am,21083,
Uttar Pradesh - 2024,30-Jun 6am,19895,
Uttar Pradesh - 2024,30-Jun 7am,19061,
Uttar Pradesh - 2024,30-Jun 8am,17891,
Uttar Pradesh - 2024,30-Jun 9am,18709,
Uttar Pradesh - 2024,30-Jun 10am,19578,
Uttar Pradesh - 2024,30-Jun 11am,20038,
Uttar Pradesh - 2024,30-Jun 12pm,20534,
Uttar Pradesh - 2024,30-Jun 1pm,20812,
Uttar Pradesh - 2024,30-Jun 2pm,21289,
Uttar Pradesh - 2024,30-Jun 3pm,21262,
Uttar Pradesh - 2024,30-Jun 4pm,20529,
Uttar Pradesh - 2024,30-Jun 5pm,19214,
Uttar Pradesh - 2024,30-Jun 6pm,19124,
Uttar Pradesh - 2024,30-Jun 7pm,20615,
Uttar Pradesh - 2024,30-Jun 8pm,23661,
Uttar Pradesh - 2024,30-Jun 9pm,25030,
Uttar Pradesh - 2024,30-Jun 10pm,25429,
Uttar Pradesh - 2024,30-Jun 11pm,25505,
Uttar Pradesh - 2024,01-Jul 12am,25015,
Uttar Pradesh - 2024,01-Jul 1am,24348,
Uttar Pradesh - 2024,01-Jul 2am,23605,
Uttar Pradesh - 2024,01-Jul 3am,22847,
Uttar Pradesh - 2024,01-Jul 4am,22002,
Uttar Pradesh - 2024,01-Jul 5am,21434,
Uttar Pradesh - 2024,01-Jul 6am,20279,
Uttar Pradesh - 2024,01-Jul 7am,19038,
Uttar Pradesh - 2024,01-Jul 8am,18950,
Uttar Pradesh - 2024,01-Jul 9am,19765,
Uttar Pradesh - 2024,01-Jul 10am,20948,
Uttar Pradesh - 2024,01-Jul 11am,21546,
Uttar Pradesh - 2024,01-Jul 12pm,22247,
Uttar Pradesh - 2024,01-Jul 1pm,22501,
Uttar Pradesh - 2024,01-Jul 2pm,21338,
Uttar Pradesh - 2024,01-Jul 3pm,19812,
Uttar Pradesh - 2024,01-Jul 4pm,18925,
Uttar Pradesh - 2024,01-Jul 5pm,18424,
Uttar Pradesh - 2024,01-Jul 6pm,18749,
Uttar Pradesh - 2024,01-Jul 7pm,21311,
Uttar Pradesh - 2024,01-Jul 8pm,23952,
Uttar Pradesh - 2024,01-Jul 9pm,25151,
Uttar Pradesh - 2024,01-Jul 10pm,25740,
Uttar Pradesh - 2024,01-Jul 11pm,26334,
Uttar Pradesh - 2024,02-Jul 12am,25752,
Uttar Pradesh - 2024,02-Jul 1am,24625,
Uttar Pradesh - 2024,02-Jul 2am,23463,
Uttar Pradesh - 2024,02-Jul 3am,22075,
Uttar Pradesh - 2024,02-Jul 4am,20790,
Uttar Pradesh - 2024,02-Jul 5am,19536,
Uttar Pradesh - 2024,02-Jul 6am,17486,
Uttar Pradesh - 2024,02-Jul 7am,16691,
Uttar Pradesh - 2024,02-Jul 8am,17123,
Uttar Pradesh - 2024,02-Jul 9am,17881,
Uttar Pradesh - 2024,02-Jul 10am,17474,
Uttar Pradesh - 2024,02-Jul 11am,18701,
Uttar Pradesh - 2024,02-Jul 12pm,19428,
Uttar Pradesh - 2024,02-Jul 1pm,19205,
Uttar Pradesh - 2024,02-Jul 2pm,19218,
Uttar Pradesh - 2024,02-Jul 3pm,18332,
Uttar Pradesh - 2024,02-Jul 4pm,17658,
Uttar Pradesh - 2024,02-Jul 5pm,18021,
Uttar Pradesh - 2024,02-Jul 6pm,18859,
Uttar Pradesh - 2024,02-Jul 7pm,21170,
Uttar Pradesh - 2024,02-Jul 8pm,24319,
Uttar Pradesh - 2024,02-Jul 9pm,25558,
Uttar Pradesh - 2024,02-Jul 10pm,26139,
Uttar Pradesh - 2024,02-Jul 11pm,26039,
Uttar Pradesh - 2024,03-Jul 12am,24942,
Uttar Pradesh - 2024,03-Jul 1am,23998,
Uttar Pradesh - 2024,03-Jul 2am,22881,
Uttar Pradesh - 2024,03-Jul 3am,21703,
Uttar Pradesh - 2024,03-Jul 4am,20534,
Uttar Pradesh - 2024,03-Jul 5am,19302,
Uttar Pradesh - 2024,03-Jul 6am,17565,
Uttar Pradesh - 2024,03-Jul 7am,15976,
Uttar Pradesh - 2024,03-Jul 8am,15770,
Uttar Pradesh - 2024,03-Jul 9am,16409,
Uttar Pradesh - 2024,03-Jul 10am,16936,
Uttar Pradesh - 2024,03-Jul 11am,17565,
Uttar Pradesh - 2024,03-Jul 12pm,17323,
Uttar Pradesh - 2024,03-Jul 1pm,16634,
Uttar Pradesh - 2024,03-Jul 2pm,16435,
Uttar Pradesh - 2024,03-Jul 3pm,15313,
Uttar Pradesh - 2024,03-Jul 4pm,15422,
Uttar Pradesh - 2024,03-Jul 5pm,15717,
Uttar Pradesh - 2024,03-Jul 6pm,16523,
Uttar Pradesh - 2024,03-Jul 7pm,19260,
Uttar Pradesh - 2024,03-Jul 8pm,22643,
Uttar Pradesh - 2024,03-Jul 9pm,23452,
Uttar Pradesh - 2024,03-Jul 10pm,23878,
Uttar Pradesh - 2024,03-Jul 11pm,23673,
Uttar Pradesh - 2024,04-Jul 12am,22952,
Uttar Pradesh - 2024,04-Jul 1am,22007,
Uttar Pradesh - 2024,04-Jul 2am,20870,
Uttar Pradesh - 2024,04-Jul 3am,19783,
Uttar Pradesh - 2024,04-Jul 4am,18768,
Uttar Pradesh - 2024,04-Jul 5am,17614,
Uttar Pradesh - 2024,04-Jul 6am,16041,
Uttar Pradesh - 2024,04-Jul 7am,15271,
Uttar Pradesh - 2024,04-Jul 8am,15492,
Uttar Pradesh - 2024,04-Jul 9am,16508,
Uttar Pradesh - 2024,04-Jul 10am,17570,
Uttar Pradesh - 2024,04-Jul 11am,18912,
Uttar Pradesh - 2024,04-Jul 12pm,19350,
Uttar Pradesh - 2024,04-Jul 1pm,19371,
Uttar Pradesh - 2024,04-Jul 2pm,19341,
Uttar Pradesh - 2024,04-Jul 3pm,18618,
Uttar Pradesh - 2024,04-Jul 4pm,18264,
Uttar Pradesh - 2024,04-Jul 5pm,17253,
Uttar Pradesh - 2024,04-Jul 6pm,18355,
Uttar Pradesh - 2024,04-Jul 7pm,19973,
Uttar Pradesh - 2024,04-Jul 8pm,23694,
Uttar Pradesh - 2024,04-Jul 9pm,24137,
Uttar Pradesh - 2024,04-Jul 10pm,24269,
Uttar Pradesh - 2024,04-Jul 11pm,23980,
Uttar Pradesh - 2024,05-Jul 12am,23404,
Uttar Pradesh - 2024,05-Jul 1am,22633,
Uttar Pradesh - 2024,05-Jul 2am,21762,
Uttar Pradesh - 2024,05-Jul 3am,20791,
Uttar Pradesh - 2024,05-Jul 4am,19954,
Uttar Pradesh - 2024,05-Jul 5am,19015,
Uttar Pradesh - 2024,05-Jul 6am,17277,
Uttar Pradesh - 2024,05-Jul 7am,16353,
Uttar Pradesh - 2024,05-Jul 8am,16346,
Uttar Pradesh - 2024,05-Jul 9am,17108,
Uttar Pradesh - 2024,05-Jul 10am,18800,
Uttar Pradesh - 2024,05-Jul 11am,18999,
Uttar Pradesh - 2024,05-Jul 12pm,19437,
Uttar Pradesh - 2024,05-Jul 1pm,18596,
Uttar Pradesh - 2024,05-Jul 2pm,19074,
Uttar Pradesh - 2024,05-Jul 3pm,17601,
Uttar Pradesh - 2024,05-Jul 4pm,16433,
Uttar Pradesh - 2024,05-Jul 5pm,15378,
Uttar Pradesh - 2024,05-Jul 6pm,16657,
Uttar Pradesh - 2024,05-Jul 7pm,18509,
Uttar Pradesh - 2024,05-Jul 8pm,21769,
Uttar Pradesh - 2024,05-Jul 9pm,22643,
Uttar Pradesh - 2024,05-Jul 10pm,23060,
Uttar Pradesh - 2024,05-Jul 11pm,23123,
Uttar Pradesh - 2024,06-Jul 12am,22075,
Uttar Pradesh - 2024,06-Jul 1am,20862,
Uttar Pradesh - 2024,06-Jul 2am,20024,
Uttar Pradesh - 2024,06-Jul 3am,19162,
Uttar Pradesh - 2024,06-Jul 4am,18526,
Uttar Pradesh - 2024,06-Jul 5am,18203,
Uttar Pradesh - 2024,06-Jul 6am,16361,
Uttar Pradesh - 2024,06-Jul 7am,15811,
Uttar Pradesh - 2024,06-Jul 8am,15913,
Uttar Pradesh - 2024,06-Jul 9am,16716,
Uttar Pradesh - 2024,06-Jul 10am,17405,
Uttar Pradesh - 2024,06-Jul 11am,19078,
Uttar Pradesh - 2024,06-Jul 12pm,18507,
Uttar Pradesh - 2024,06-Jul 1pm,18622,
Uttar Pradesh - 2024,06-Jul 2pm,18083,
Uttar Pradesh - 2024,06-Jul 3pm,17668,
Uttar Pradesh - 2024,06-Jul 4pm,16111,
Uttar Pradesh - 2024,06-Jul 5pm,15467,
Uttar Pradesh - 2024,06-Jul 6pm,15439,
Uttar Pradesh - 2024,06-Jul 7pm,17199,
Uttar Pradesh - 2024,06-Jul 8pm,19996,
Uttar Pradesh - 2024,06-Jul 9pm,20473,
Uttar Pradesh - 2024,06-Jul 10pm,20307,
Uttar Pradesh - 2024,06-Jul 11pm,20438,
Uttar Pradesh - 2024,07-Jul 12am,19212,
Uttar Pradesh - 2024,07-Jul 1am,18457,
Uttar Pradesh - 2024,07-Jul 2am,17290,
Uttar Pradesh - 2024,07-Jul 3am,16606,
Uttar Pradesh - 2024,07-Jul 4am,16000,
Uttar Pradesh - 2024,07-Jul 5am,15195,
Uttar Pradesh - 2024,07-Jul 6am,14067,
Uttar Pradesh - 2024,07-Jul 7am,12542,
Uttar Pradesh - 2024,07-Jul 8am,13850,
Uttar Pradesh - 2024,07-Jul 9am,15460,
Uttar Pradesh - 2024,07-Jul 10am,16553,
Uttar Pradesh - 2024,07-Jul 11am,17319,
Uttar Pradesh - 2024,07-Jul 12pm,17504,
Uttar Pradesh - 2024,07-Jul 1pm,17774,
Uttar Pradesh - 2024,07-Jul 2pm,16421,
Uttar Pradesh - 2024,07-Jul 3pm,15915,
Uttar Pradesh - 2024,07-Jul 4pm,15214,
Uttar Pradesh - 2024,07-Jul 5pm,15311,
Uttar Pradesh - 2024,07-Jul 6pm,15287,
Uttar Pradesh - 2024,07-Jul 7pm,16766,
Uttar Pradesh - 2024,07-Jul 8pm,21186,
Uttar Pradesh - 2024,07-Jul 9pm,22011,
Uttar Pradesh - 2024,07-Jul 10pm,22367,
Uttar Pradesh - 2024,07-Jul 11pm,22112,
Uttar Pradesh - 2024,08-Jul 12am,21686,
Uttar Pradesh - 2024,08-Jul 1am,20882,
Uttar Pradesh - 2024,08-Jul 2am,20121,
Uttar Pradesh - 2024,08-Jul 3am,19562,
Uttar Pradesh - 2024,08-Jul 4am,19005,
Uttar Pradesh - 2024,08-Jul 5am,18402,
Uttar Pradesh - 2024,08-Jul 6am,17069,
Uttar Pradesh - 2024,08-Jul 7am,15871,
Uttar Pradesh - 2024,08-Jul 8am,15516,
Uttar Pradesh - 2024,08-Jul 9am,16449,
Uttar Pradesh - 2024,08-Jul 10am,18413,
Uttar Pradesh - 2024,08-Jul 11am,19575,
Uttar Pradesh - 2024,08-Jul 12pm,19807,
Uttar Pradesh - 2024,08-Jul 1pm,19617,
Uttar Pradesh - 2024,08-Jul 2pm,19186,
Uttar Pradesh - 2024,08-Jul 3pm,18356,
Uttar Pradesh - 2024,08-Jul 4pm,17701,
Uttar Pradesh - 2024,08-Jul 5pm,17952,
Uttar Pradesh - 2024,08-Jul 6pm,18353,
Uttar Pradesh - 2024,08-Jul 7pm,20766,
Uttar Pradesh - 2024,08-Jul 8pm,23304,
Uttar Pradesh - 2024,08-Jul 9pm,23632,
Uttar Pradesh - 2024,08-Jul 10pm,25022,
Uttar Pradesh - 2024,08-Jul 11pm,24998,
Uttar Pradesh - 2024,09-Jul 12am,24837,
Uttar Pradesh - 2024,09-Jul 1am,24268,
Uttar Pradesh - 2024,09-Jul 2am,23532,
Uttar Pradesh - 2024,09-Jul 3am,22869,
Uttar Pradesh - 2024,09-Jul 4am,22427,
Uttar Pradesh - 2024,09-Jul 5am,22066,
Uttar Pradesh - 2024,09-Jul 6am,19149,
Uttar Pradesh - 2024,09-Jul 7am,18164,
Uttar Pradesh - 2024,09-Jul 8am,17580,
Uttar Pradesh - 2024,09-Jul 9am,19335,
Uttar Pradesh - 2024,09-Jul 10am,21712,
Uttar Pradesh - 2024,09-Jul 11am,23163,
Uttar Pradesh - 2024,09-Jul 12pm,23593,
Uttar Pradesh - 2024,09-Jul 1pm,23119,
Uttar Pradesh - 2024,09-Jul 2pm,21768,
Uttar Pradesh - 2024,09-Jul 3pm,21521,
Uttar Pradesh - 2024,09-Jul 4pm,20889,
Uttar Pradesh - 2024,09-Jul 5pm,19168,
Uttar Pradesh - 2024,09-Jul 6pm,19548,
Uttar Pradesh - 2024,09-Jul 7pm,21643,
Uttar Pradesh - 2024,09-Jul 8pm,24806,
Uttar Pradesh - 2024,09-Jul 9pm,24827,
Uttar Pradesh - 2024,09-Jul 10pm,25603,
Uttar Pradesh - 2024,09-Jul 11pm,25804,
Uttar Pradesh - 2024,10-Jul 12am,26063,
Uttar Pradesh - 2024,10-Jul 1am,25877,
Uttar Pradesh - 2024,10-Jul 2am,25103,
Uttar Pradesh - 2024,10-Jul 3am,24521,
Uttar Pradesh - 2024,10-Jul 4am,24075,
Uttar Pradesh - 2024,10-Jul 5am,23181,
Uttar Pradesh - 2024,10-Jul 6am,21082,
Uttar Pradesh - 2024,10-Jul 7am,19461,
Uttar Pradesh - 2024,10-Jul 8am,19266,
Uttar Pradesh - 2024,10-Jul 9am,20597,
Uttar Pradesh - 2024,10-Jul 10am,21827,
Uttar Pradesh - 2024,10-Jul 11am,23218,
Uttar Pradesh - 2024,10-Jul 12pm,23434,
Uttar Pradesh - 2024,10-Jul 1pm,22589,
Uttar Pradesh - 2024,10-Jul 2pm,21576,
Uttar Pradesh - 2024,10-Jul 3pm,20693,
Uttar Pradesh - 2024,10-Jul 4pm,18806,
Uttar Pradesh - 2024,10-Jul 5pm,17980,
Uttar Pradesh - 2024,10-Jul 6pm,18063,
Uttar Pradesh - 2024,10-Jul 7pm,21225,
Uttar Pradesh - 2024,10-Jul 8pm,25159,
Uttar Pradesh - 2024,10-Jul 9pm,26123,
Uttar Pradesh - 2024,10-Jul 10pm,26551,
Uttar Pradesh - 2024,10-Jul 11pm,26690,
Uttar Pradesh - 2024,11-Jul 12am,26287,
Uttar Pradesh - 2024,11-Jul 1am,25608,
Uttar Pradesh - 2024,11-Jul 2am,24830,
Uttar Pradesh - 2024,11-Jul 3am,24331,
Uttar Pradesh - 2024,11-Jul 4am,23832,
Uttar Pradesh - 2024,11-Jul 5am,22979,
Uttar Pradesh - 2024,11-Jul 6am,20737,
Uttar Pradesh - 2024,11-Jul 7am,18774,
Uttar Pradesh - 2024,11-Jul 8am,18429,
Uttar Pradesh - 2024,11-Jul 9am,19703,
Uttar Pradesh - 2024,11-Jul 10am,21763,
Uttar Pradesh - 2024,11-Jul 11am,22817,
Uttar Pradesh - 2024,11-Jul 12pm,23614,
Uttar Pradesh - 2024,11-Jul 1pm,23466,
Uttar Pradesh - 2024,11-Jul 2pm,22771,
Uttar Pradesh - 2024,11-Jul 3pm,21665,
Uttar Pradesh - 2024,11-Jul 4pm,20671,
Uttar Pradesh - 2024,11-Jul 5pm,20074,
Uttar Pradesh - 2024,11-Jul 6pm,20433,
Uttar Pradesh - 2024,11-Jul 7pm,23147,
Uttar Pradesh - 2024,11-Jul 8pm,25602,
Uttar Pradesh - 2024,11-Jul 9pm,26121,
Uttar Pradesh - 2024,11-Jul 10pm,27155,
Uttar Pradesh - 2024,11-Jul 11pm,27170,
Uttar Pradesh - 2024,12-Jul 12am,26272,
Uttar Pradesh - 2024,12-Jul 1am,25094,
Uttar Pradesh - 2024,12-Jul 2am,23848,
Uttar Pradesh - 2024,12-Jul 3am,23332,
Uttar Pradesh - 2024,12-Jul 4am,22684,
Uttar Pradesh - 2024,12-Jul 5am,21773,
Uttar Pradesh - 2024,12-Jul 6am,19927,
Uttar Pradesh - 2024,12-Jul 7am,18280,
Uttar Pradesh - 2024,12-Jul 8am,17691,
Uttar Pradesh - 2024,12-Jul 9am,19205,
Uttar Pradesh - 2024,12-Jul 10am,21229,
Uttar Pradesh - 2024,12-Jul 11am,22467,
Uttar Pradesh - 2024,12-Jul 12pm,23637,
Uttar Pradesh - 2024,12-Jul 1pm,22967,
Uttar Pradesh - 2024,12-Jul 2pm,22404,
Uttar Pradesh - 2024,12-Jul 3pm,22370,
Uttar Pradesh - 2024,12-Jul 4pm,21249,
Uttar Pradesh - 2024,12-Jul 5pm,20449,
Uttar Pradesh - 2024,12-Jul 6pm,20105,
Uttar Pradesh - 2024,12-Jul 7pm,22856,
Uttar Pradesh - 2024,12-Jul 8pm,26517,
Uttar Pradesh - 2024,12-Jul 9pm,27111,
Uttar Pradesh - 2024,12-Jul 10pm,27515,
Uttar Pradesh - 2024,12-Jul 11pm,27514,
Uttar Pradesh - 2024,13-Jul 12am,27228,
Uttar Pradesh - 2024,13-Jul 1am,26425,
Uttar Pradesh - 2024,13-Jul 2am,25417,
Uttar Pradesh - 2024,13-Jul 3am,24721,
Uttar Pradesh - 2024,13-Jul 4am,23892,
Uttar Pradesh - 2024,13-Jul 5am,22741,
Uttar Pradesh - 2024,13-Jul 6am,20339,
Uttar Pradesh - 2024,13-Jul 7am,18105,
Uttar Pradesh - 2024,13-Jul 8am,16572,
Uttar Pradesh - 2024,13-Jul 9am,18019,
Uttar Pradesh - 2024,13-Jul 10am,20149,
Uttar Pradesh - 2024,13-Jul 11am,21514,
Uttar Pradesh - 2024,13-Jul 12pm,21493,
Uttar Pradesh - 2024,13-Jul 1pm,21897,
Uttar Pradesh - 2024,13-Jul 2pm,21410,
Uttar Pradesh - 2024,13-Jul 3pm,21306,
Uttar Pradesh - 2024,13-Jul 4pm,20457,
Uttar Pradesh - 2024,13-Jul 5pm,19056,
Uttar Pradesh - 2024,13-Jul 6pm,19607,
Uttar Pradesh - 2024,13-Jul 7pm,22511,
Uttar Pradesh - 2024,13-Jul 8pm,26299,
Uttar Pradesh - 2024,13-Jul 9pm,27098,
Uttar Pradesh - 2024,13-Jul 10pm,27441,
Uttar Pradesh - 2024,13-Jul 11pm,27636,
Uttar Pradesh - 2024,14-Jul 12am,27196,
Uttar Pradesh - 2024,14-Jul 1am,26363,
Uttar Pradesh - 2024,14-Jul 2am,25336,
Uttar Pradesh - 2024,14-Jul 3am,24662,
Uttar Pradesh - 2024,14-Jul 4am,24076,
Uttar Pradesh - 2024,14-Jul 5am,22925,
Uttar Pradesh - 2024,14-Jul 6am,20397,
Uttar Pradesh - 2024,14-Jul 7am,18239,
Uttar Pradesh - 2024,14-Jul 8am,17585,
Uttar Pradesh - 2024,14-Jul 9am,19700,
Uttar Pradesh - 2024,14-Jul 10am,22284,
Uttar Pradesh - 2024,14-Jul 11am,22894,
Uttar Pradesh - 2024,14-Jul 12pm,23252,
Uttar Pradesh - 2024,14-Jul 1pm,23101,
Uttar Pradesh - 2024,14-Jul 2pm,22926,
Uttar Pradesh - 2024,14-Jul 3pm,22508,
Uttar Pradesh - 2024,14-Jul 4pm,21533,
Uttar Pradesh - 2024,14-Jul 5pm,19902,
Uttar Pradesh - 2024,14-Jul 6pm,19822,
Uttar Pradesh - 2024,14-Jul 7pm,22973,
Uttar Pradesh - 2024,14-Jul 8pm,26327,
Uttar Pradesh - 2024,14-Jul 9pm,27305,
Uttar Pradesh - 2024,14-Jul 10pm,28020,
Uttar Pradesh - 2024,14-Jul 11pm,28135,
Uttar Pradesh - 2024,15-Jul 12am,27843,
Uttar Pradesh - 2024,15-Jul 1am,27400,
Uttar Pradesh - 2024,15-Jul 2am,27179,
Uttar Pradesh - 2024,15-Jul 3am,26469,
Uttar Pradesh - 2024,15-Jul 4am,25973,
Uttar Pradesh - 2024,15-Jul 5am,24564,
Uttar Pradesh - 2024,15-Jul 6am,21827,
Uttar Pradesh - 2024,15-Jul 7am,18834,
Uttar Pradesh - 2024,15-Jul 8am,18505,
Uttar Pradesh - 2024,15-Jul 9am,19450,
Uttar Pradesh - 2024,15-Jul 10am,21460,
Uttar Pradesh - 2024,15-Jul 11am,22475,
Uttar Pradesh - 2024,15-Jul 12pm,22701,
Uttar Pradesh - 2024,15-Jul 1pm,22529,
Uttar Pradesh - 2024,15-Jul 2pm,23683,
Uttar Pradesh - 2024,15-Jul 3pm,23677,
Uttar Pradesh - 2024,15-Jul 4pm,22641,
Uttar Pradesh - 2024,15-Jul 5pm,22366,
Uttar Pradesh - 2024,15-Jul 6pm,23339,
Uttar Pradesh - 2024,15-Jul 7pm,24317,
Uttar Pradesh - 2024,15-Jul 8pm,26527,
Uttar Pradesh - 2024,15-Jul 9pm,27673,
Uttar Pradesh - 2024,15-Jul 10pm,28658,
Uttar Pradesh - 2024,15-Jul 11pm,29031,
Uttar Pradesh - 2024,16-Jul 12am,28439,
Uttar Pradesh - 2024,16-Jul 1am,28188,
Uttar Pradesh - 2024,16-Jul 2am,28039,
Uttar Pradesh - 2024,16-Jul 3am,27467,
Uttar Pradesh - 2024,16-Jul 4am,26851,
Uttar Pradesh - 2024,16-Jul 5am,26100,
Uttar Pradesh - 2024,16-Jul 6am,23410,
Uttar Pradesh - 2024,16-Jul 7am,21342,
Uttar Pradesh - 2024,16-Jul 8am,21402,
Uttar Pradesh - 2024,16-Jul 9am,23738,
Uttar Pradesh - 2024,16-Jul 10am,24435,
Uttar Pradesh - 2024,16-Jul 11am,25892,
Uttar Pradesh - 2024,16-Jul 12pm,25778,
Uttar Pradesh - 2024,16-Jul 1pm,26611,
Uttar Pradesh - 2024,16-Jul 2pm,26943,
Uttar Pradesh - 2024,16-Jul 3pm,24728,
Uttar Pradesh - 2024,16-Jul 4pm,23817,
Uttar Pradesh - 2024,16-Jul 5pm,21394,
Uttar Pradesh - 2024,16-Jul 6pm,24010,
Uttar Pradesh - 2024,16-Jul 7pm,24804,
Uttar Pradesh - 2024,16-Jul 8pm,27139,
Uttar Pradesh - 2024,16-Jul 9pm,27565,
Uttar Pradesh - 2024,16-Jul 10pm,28268,
Uttar Pradesh - 2024,16-Jul 11pm,28087,
Uttar Pradesh - 2024,17-Jul 12am,28600,
Uttar Pradesh - 2024,17-Jul 1am,29190,
Uttar Pradesh - 2024,17-Jul 2am,28595,
Uttar Pradesh - 2024,17-Jul 3am,27909,
Uttar Pradesh - 2024,17-Jul 4am,27056,
Uttar Pradesh - 2024,17-Jul 5am,25605,
Uttar Pradesh - 2024,17-Jul 6am,22596,
Uttar Pradesh - 2024,17-Jul 7am,23167,
Uttar Pradesh - 2024,17-Jul 8am,23513,
Uttar Pradesh - 2024,17-Jul 9am,24680,
Uttar Pradesh - 2024,17-Jul 10am,24818,
Uttar Pradesh - 2024,17-Jul 11am,26187,
Uttar Pradesh - 2024,17-Jul 12pm,27246,
Uttar Pradesh - 2024,17-Jul 1pm,26786,
Uttar Pradesh - 2024,17-Jul 2pm,24872,
Uttar Pradesh - 2024,17-Jul 3pm,22271,
Uttar Pradesh - 2024,17-Jul 4pm,21406,
Uttar Pradesh - 2024,17-Jul 5pm,20004,
Uttar Pradesh - 2024,17-Jul 6pm,19730,
Uttar Pradesh - 2024,17-Jul 7pm,20792,
Uttar Pradesh - 2024,17-Jul 8pm,27082,
Uttar Pradesh - 2024,17-Jul 9pm,27975,
Uttar Pradesh - 2024,17-Jul 10pm,29142,
Uttar Pradesh - 2024,17-Jul 11pm,28940,
Uttar Pradesh - 2024,18-Jul 12am,28920,
Uttar Pradesh - 2024,18-Jul 1am,28826,
Uttar Pradesh - 2024,18-Jul 2am,28365,
Uttar Pradesh - 2024,18-Jul 3am,27979,
Uttar Pradesh - 2024,18-Jul 4am,27505,
Uttar Pradesh - 2024,18-Jul 5am,26446,
Uttar Pradesh - 2024,18-Jul 6am,22708,
Uttar Pradesh - 2024,18-Jul 7am,22811,
Uttar Pradesh - 2024,18-Jul 8am,23797,
Uttar Pradesh - 2024,18-Jul 9am,24405,
Uttar Pradesh - 2024,18-Jul 10am,24981,
Uttar Pradesh - 2024,18-Jul 11am,25222,
Uttar Pradesh - 2024,18-Jul 12pm,25440,
Uttar Pradesh - 2024,18-Jul 1pm,25273,
Uttar Pradesh - 2024,18-Jul 2pm,24489,
Uttar Pradesh - 2024,18-Jul 3pm,24599,
Uttar Pradesh - 2024,18-Jul 4pm,26055,
Uttar Pradesh - 2024,18-Jul 5pm,24043,
Uttar Pradesh - 2024,18-Jul 6pm,20914,
Uttar Pradesh - 2024,18-Jul 7pm,22445,
Uttar Pradesh - 2024,18-Jul 8pm,27032,
Uttar Pradesh - 2024,18-Jul 9pm,27681,
Uttar Pradesh - 2024,18-Jul 10pm,28429,
Uttar Pradesh - 2024,18-Jul 11pm,28704,
Uttar Pradesh - 2024,19-Jul 12am,28760,
Uttar Pradesh - 2024,19-Jul 1am,28759,
Uttar Pradesh - 2024,19-Jul 2am,28176,
Uttar Pradesh - 2024,19-Jul 3am,27386,
Uttar Pradesh - 2024,19-Jul 4am,26604,
Uttar Pradesh - 2024,19-Jul 5am,25415,
Uttar Pradesh - 2024,19-Jul 6am,22158,
Uttar Pradesh - 2024,19-Jul 7am,20806,
Uttar Pradesh - 2024,19-Jul 8am,19953,
Uttar Pradesh - 2024,19-Jul 9am,21970,
Uttar Pradesh - 2024,19-Jul 10am,23563,
Uttar Pradesh - 2024,19-Jul 11am,25068,
Uttar Pradesh - 2024,19-Jul 12pm,24254,
Uttar Pradesh - 2024,19-Jul 1pm,24428,
Uttar Pradesh - 2024,19-Jul 2pm,23960,
Uttar Pradesh - 2024,19-Jul 3pm,24821,
Uttar Pradesh - 2024,19-Jul 4pm,22910,
Uttar Pradesh - 2024,19-Jul 5pm,21060,
Uttar Pradesh - 2024,19-Jul 6pm,21398,
Uttar Pradesh - 2024,19-Jul 7pm,24102,
Uttar Pradesh - 2024,19-Jul 8pm,27483,
Uttar Pradesh - 2024,19-Jul 9pm,28216,
Uttar Pradesh - 2024,19-Jul 10pm,29192,
Uttar Pradesh - 2024,19-Jul 11pm,28939,
Uttar Pradesh - 2024,20-Jul 12am,28256,
Uttar Pradesh - 2024,20-Jul 1am,27771,
Uttar Pradesh - 2024,20-Jul 2am,27119,
Uttar Pradesh - 2024,20-Jul 3am,26397,
Uttar Pradesh - 2024,20-Jul 4am,26397,
Uttar Pradesh - 2024,20-Jul 5am,26397,
Uttar Pradesh - 2024,20-Jul 6am,26397,
Uttar Pradesh - 2024,20-Jul 7am,26397,
Uttar Pradesh - 2024,20-Jul 8am,26397,
Uttar Pradesh - 2024,20-Jul 9am,26397,
Uttar Pradesh - 2024,20-Jul 10am,25576,
Uttar Pradesh - 2024,20-Jul 11am,25728,
Uttar Pradesh - 2024,20-Jul 12pm,26724,
Uttar Pradesh - 2024,20-Jul 1pm,26033,
Uttar Pradesh - 2024,20-Jul 2pm,25626,
Uttar Pradesh - 2024,20-Jul 3pm,25497,
Uttar Pradesh - 2024,20-Jul 4pm,23721,
Uttar Pradesh - 2024,20-Jul 5pm,22424,
Uttar Pradesh - 2024,20-Jul 6pm,23033,
Uttar Pradesh - 2024,20-Jul 7pm,27255,
Uttar Pradesh - 2024,20-Jul 8pm,27715,
Uttar Pradesh - 2024,20-Jul 9pm,29001,
Uttar Pradesh - 2024,20-Jul 10pm,28515,
Uttar Pradesh - 2024,20-Jul 11pm,28798,
Uttar Pradesh - 2024,21-Jul 12am,28766,
Uttar Pradesh - 2024,21-Jul 1am,28305,
Uttar Pradesh - 2024,21-Jul 2am,27730,
Uttar Pradesh - 2024,21-Jul 3am,27389,
Uttar Pradesh - 2024,21-Jul 4am,27050,
Uttar Pradesh - 2024,21-Jul 5am,23567,
Uttar Pradesh - 2024,21-Jul 6am,23988,
Uttar Pradesh - 2024,21-Jul 7am,23122,
Uttar Pradesh - 2024,21-Jul 8am,24017,
Uttar Pradesh - 2024,21-Jul 9am,24138,
Uttar Pradesh - 2024,21-Jul 10am,25017,
Uttar Pradesh - 2024,21-Jul 11am,25104,
Uttar Pradesh - 2024,21-Jul 12pm,24981,
Uttar Pradesh - 2024,21-Jul 1pm,25259,
Uttar Pradesh - 2024,21-Jul 2pm,25267,
Uttar Pradesh - 2024,21-Jul 3pm,24178,
Uttar Pradesh - 2024,21-Jul 4pm,22467,
Uttar Pradesh - 2024,21-Jul 5pm,21494,
Uttar Pradesh - 2024,21-Jul 6pm,21512,
Uttar Pradesh - 2024,21-Jul 7pm,27142,
Uttar Pradesh - 2024,21-Jul 8pm,28910,
Uttar Pradesh - 2024,21-Jul 9pm,29307,
Uttar Pradesh - 2024,21-Jul 10pm,29629,
Uttar Pradesh - 2024,21-Jul 11pm,29729,
Uttar Pradesh - 2024,22-Jul 12am,29469,
Uttar Pradesh - 2024,22-Jul 1am,29196,
Uttar Pradesh - 2024,22-Jul 2am,28439,
Uttar Pradesh - 2024,22-Jul 3am,28103,
Uttar Pradesh - 2024,22-Jul 4am,27820,
Uttar Pradesh - 2024,22-Jul 5am,23380,
Uttar Pradesh - 2024,22-Jul 6am,22742,
Uttar Pradesh - 2024,22-Jul 7am,22098,
Uttar Pradesh - 2024,22-Jul 8am,23221,
Uttar Pradesh - 2024,22-Jul 9am,23962,
Uttar Pradesh - 2024,22-Jul 10am,25277,
Uttar Pradesh - 2024,22-Jul 11am,24950,
Uttar Pradesh - 2024,22-Jul 12pm,25279,
Uttar Pradesh - 2024,22-Jul 1pm,24932,
Uttar Pradesh - 2024,22-Jul 2pm,24640,
Uttar Pradesh - 2024,22-Jul 3pm,23652,
Uttar Pradesh - 2024,22-Jul 4pm,22489,
Uttar Pradesh - 2024,22-Jul 5pm,21648,
Uttar Pradesh - 2024,22-Jul 6pm,22543,
Uttar Pradesh - 2024,22-Jul 7pm,27549,
Uttar Pradesh - 2024,22-Jul 8pm,28836,
Uttar Pradesh - 2024,22-Jul 9pm,29447,
Uttar Pradesh - 2024,22-Jul 10pm,29469,
Uttar Pradesh - 2024,22-Jul 11pm,30018,
Uttar Pradesh - 2024,23-Jul 12am,29615,
Uttar Pradesh - 2024,23-Jul 1am,28937,
Uttar Pradesh - 2024,23-Jul 2am,28276,
Uttar Pradesh - 2024,23-Jul 3am,27993,
Uttar Pradesh - 2024,23-Jul 4am,27613,
Uttar Pradesh - 2024,23-Jul 5am,24748,
Uttar Pradesh - 2024,23-Jul 6am,22876,
Uttar Pradesh - 2024,23-Jul 7am,20459,
Uttar Pradesh - 2024,23-Jul 8am,20884,
Uttar Pradesh - 2024,23-Jul 9am,22381,
Uttar Pradesh - 2024,23-Jul 10am,24931,
Uttar Pradesh - 2024,23-Jul 11am,24916,
Uttar Pradesh - 2024,23-Jul 12pm,25971,
Uttar Pradesh - 2024,23-Jul 1pm,25610,
Uttar Pradesh - 2024,23-Jul 2pm,24267,
Uttar Pradesh - 2024,23-Jul 3pm,22623,
Uttar Pradesh - 2024,23-Jul 4pm,21301,
Uttar Pradesh - 2024,23-Jul 5pm,21573,
Uttar Pradesh - 2024,23-Jul 6pm,22805,
Uttar Pradesh - 2024,23-Jul 7pm,27115,
Uttar Pradesh - 2024,23-Jul 8pm,28597,
Uttar Pradesh - 2024,23-Jul 9pm,29288,
Uttar Pradesh - 2024,23-Jul 10pm,29475,
Uttar Pradesh - 2024,23-Jul 11pm,29355,
Uttar Pradesh - 2024,24-Jul 12am,28799,
Uttar Pradesh - 2024,24-Jul 1am,27920,
Uttar Pradesh - 2024,24-Jul 2am,27083,
Uttar Pradesh - 2024,24-Jul 3am,26019,
Uttar Pradesh - 2024,24-Jul 4am,25570,
Uttar Pradesh - 2024,24-Jul 5am,22704,
Uttar Pradesh - 2024,24-Jul 6am,20656,
Uttar Pradesh - 2024,24-Jul 7am,17961,
Uttar Pradesh - 2024,24-Jul 8am,18780,
Uttar Pradesh - 2024,24-Jul 9am,20668,
Uttar Pradesh - 2024,24-Jul 10am,23720,
Uttar Pradesh - 2024,24-Jul 11am,24595,
Uttar Pradesh - 2024,24-Jul 12pm,24573,
Uttar Pradesh - 2024,24-Jul 1pm,24204,
Uttar Pradesh - 2024,24-Jul 2pm,23360,
Uttar Pradesh - 2024,24-Jul 3pm,21921,
Uttar Pradesh - 2024,24-Jul 4pm,21525,
Uttar Pradesh - 2024,24-Jul 5pm,20573,
Uttar Pradesh - 2024,24-Jul 6pm,22004,
Uttar Pradesh - 2024,24-Jul 7pm,26212,
Uttar Pradesh - 2024,24-Jul 8pm,27803,
Uttar Pradesh - 2024,24-Jul 9pm,28343,
Uttar Pradesh - 2024,24-Jul 10pm,28869,
Uttar Pradesh - 2024,24-Jul 11pm,28569,
Uttar Pradesh - 2024,25-Jul 12am,28099,
Uttar Pradesh - 2024,25-Jul 1am,27506,
Uttar Pradesh - 2024,25-Jul 2am,26581,
Uttar Pradesh - 2024,25-Jul 3am,25861,
Uttar Pradesh - 2024,25-Jul 4am,25271,
Uttar Pradesh - 2024,25-Jul 5am,22875,
Uttar Pradesh - 2024,25-Jul 6am,20437,
Uttar Pradesh - 2024,25-Jul 7am,18947,
Uttar Pradesh - 2024,25-Jul 8am,20105,
Uttar Pradesh - 2024,25-Jul 9am,22138,
Uttar Pradesh - 2024,25-Jul 10am,24075,
Uttar Pradesh - 2024,25-Jul 11am,24573,
Uttar Pradesh - 2024,25-Jul 12pm,24797,
Uttar Pradesh - 2024,25-Jul 1pm,24310,
Uttar Pradesh - 2024,25-Jul 2pm,23950,
Uttar Pradesh - 2024,25-Jul 3pm,22715,
Uttar Pradesh - 2024,25-Jul 4pm,22136,
Uttar Pradesh - 2024,25-Jul 5pm,21731,
Uttar Pradesh - 2024,25-Jul 6pm,22810,
Uttar Pradesh - 2024,25-Jul 7pm,26823,
Uttar Pradesh - 2024,25-Jul 8pm,28209,
Uttar Pradesh - 2024,25-Jul 9pm,29464,
Uttar Pradesh - 2024,25-Jul 10pm,29514,
Uttar Pradesh - 2024,25-Jul 11pm,29142,
Uttar Pradesh - 2024,26-Jul 12am,28556,
Uttar Pradesh - 2024,26-Jul 1am,27835,
Uttar Pradesh - 2024,26-Jul 2am,27323,
Uttar Pradesh - 2024,26-Jul 3am,26519,
Uttar Pradesh - 2024,26-Jul 4am,25760,
Uttar Pradesh - 2024,26-Jul 5am,22979,
Uttar Pradesh - 2024,26-Jul 6am,19679,
Uttar Pradesh - 2024,26-Jul 7am,18206,
Uttar Pradesh - 2024,26-Jul 8am,20324,
Uttar Pradesh - 2024,26-Jul 9am,23492,
Uttar Pradesh - 2024,26-Jul 10am,24794,
Uttar Pradesh - 2024,26-Jul 11am,25295,
Uttar Pradesh - 2024,26-Jul 12pm,25132,
Uttar Pradesh - 2024,26-Jul 1pm,25324,
Uttar Pradesh - 2024,26-Jul 2pm,24484,
Uttar Pradesh - 2024,26-Jul 3pm,23081,
Uttar Pradesh - 2024,26-Jul 4pm,22362,
Uttar Pradesh - 2024,26-Jul 5pm,21712,
Uttar Pradesh - 2024,26-Jul 6pm,22916,
Uttar Pradesh - 2024,26-Jul 7pm,26783,
Uttar Pradesh - 2024,26-Jul 8pm,27677,
Uttar Pradesh - 2024,26-Jul 9pm,28118,
Uttar Pradesh - 2024,26-Jul 10pm,28388,
Uttar Pradesh - 2024,26-Jul 11pm,28413,
Uttar Pradesh - 2024,27-Jul 12am,28597,
Uttar Pradesh - 2024,27-Jul 1am,27890,
Uttar Pradesh - 2024,27-Jul 2am,26833,
Uttar Pradesh - 2024,27-Jul 3am,26760,
Uttar Pradesh - 2024,27-Jul 4am,26296,
Uttar Pradesh - 2024,27-Jul 5am,23148,
Uttar Pradesh - 2024,27-Jul 6am,21326,
Uttar Pradesh - 2024,27-Jul 7am,19740,
Uttar Pradesh - 2024,27-Jul 8am,20458,
Uttar Pradesh - 2024,27-Jul 9am,23198,
Uttar Pradesh - 2024,27-Jul 10am,24800,
Uttar Pradesh - 2024,27-Jul 11am,24891,
Uttar Pradesh - 2024,27-Jul 12pm,25291,
Uttar Pradesh - 2024,27-Jul 1pm,25108,
Uttar Pradesh - 2024,27-Jul 2pm,25383,
Uttar Pradesh - 2024,27-Jul 3pm,23800,
Uttar Pradesh - 2024,27-Jul 4pm,22395,
Uttar Pradesh - 2024,27-Jul 5pm,21497,
Uttar Pradesh - 2024,27-Jul 6pm,22298,
Uttar Pradesh - 2024,27-Jul 7pm,26305,
Uttar Pradesh - 2024,27-Jul 8pm,27204,
Uttar Pradesh - 2024,27-Jul 9pm,27782,
Uttar Pradesh - 2024,27-Jul 10pm,28307,
Uttar Pradesh - 2024,27-Jul 11pm,28155,
Uttar Pradesh - 2024,28-Jul 12am,28288,
Uttar Pradesh - 2024,28-Jul 1am,27817,
Uttar Pradesh - 2024,28-Jul 2am,27266,
Uttar Pradesh - 2024,28-Jul 3am,26680,
Uttar Pradesh - 2024,28-Jul 4am,26087,
Uttar Pradesh - 2024,28-Jul 5am,23041,
Uttar Pradesh - 2024,28-Jul 6am,21246,
Uttar Pradesh - 2024,28-Jul 7am,19766,
Uttar Pradesh - 2024,28-Jul 8am,21480,
Uttar Pradesh - 2024,28-Jul 9am,22186,
Uttar Pradesh - 2024,28-Jul 10am,23505,
Uttar Pradesh - 2024,28-Jul 11am,23931,
Uttar Pradesh - 2024,28-Jul 12pm,24251,
Uttar Pradesh - 2024,28-Jul 1pm,24082,
Uttar Pradesh - 2024,28-Jul 2pm,24276,
Uttar Pradesh - 2024,28-Jul 3pm,23681,
Uttar Pradesh - 2024,28-Jul 4pm,22617,
Uttar Pradesh - 2024,28-Jul 5pm,21671,
Uttar Pradesh - 2024,28-Jul 6pm,22791,
Uttar Pradesh - 2024,28-Jul 7pm,27225,
Uttar Pradesh - 2024,28-Jul 8pm,28627,
Uttar Pradesh - 2024,28-Jul 9pm,28546,
Uttar Pradesh - 2024,28-Jul 10pm,28991,
Uttar Pradesh - 2024,28-Jul 11pm,28938,
Uttar Pradesh - 2024,29-Jul 12am,29480,
Uttar Pradesh - 2024,29-Jul 1am,29018,
Uttar Pradesh - 2024,29-Jul 2am,28460,
Uttar Pradesh - 2024,29-Jul 3am,27932,
Uttar Pradesh - 2024,29-Jul 4am,27585,
Uttar Pradesh - 2024,29-Jul 5am,23476,
Uttar Pradesh - 2024,29-Jul 6am,22411,
Uttar Pradesh - 2024,29-Jul 7am,21272,
Uttar Pradesh - 2024,29-Jul 8am,22723,
Uttar Pradesh - 2024,29-Jul 9am,25231,
Uttar Pradesh - 2024,29-Jul 10am,26826,
Uttar Pradesh - 2024,29-Jul 11am,27088,
Uttar Pradesh - 2024,29-Jul 12pm,27219,
Uttar Pradesh - 2024,29-Jul 1pm,27668,
Uttar Pradesh - 2024,29-Jul 2pm,27823,
Uttar Pradesh - 2024,29-Jul 3pm,26541,
Uttar Pradesh - 2024,29-Jul 4pm,25362,
Uttar Pradesh - 2024,29-Jul 5pm,24186,
Uttar Pradesh - 2024,29-Jul 6pm,23387,
Uttar Pradesh - 2024,29-Jul 7pm,26557,
Uttar Pradesh - 2024,29-Jul 8pm,28293,
Uttar Pradesh - 2024,29-Jul 9pm,28648,
Uttar Pradesh - 2024,29-Jul 10pm,28608,
Uttar Pradesh - 2024,29-Jul 11pm,28908,
Uttar Pradesh - 2024,30-Jul 12am,28687,
Uttar Pradesh - 2024,30-Jul 1am,29224,
Uttar Pradesh - 2024,30-Jul 2am,28326,
Uttar Pradesh - 2024,30-Jul 3am,28098,
Uttar Pradesh - 2024,30-Jul 4am,27494,
Uttar Pradesh - 2024,30-Jul 5am,22338,
Uttar Pradesh - 2024,30-Jul 6am,22648,
Uttar Pradesh - 2024,30-Jul 7am,23514,
Uttar Pradesh - 2024,30-Jul 8am,24341,
Uttar Pradesh - 2024,30-Jul 9am,24747,
Uttar Pradesh - 2024,30-Jul 10am,26679,
Uttar Pradesh - 2024,30-Jul 11am,27982,
Uttar Pradesh - 2024,30-Jul 12pm,29590,
Uttar Pradesh - 2024,30-Jul 1pm,29301,
Uttar Pradesh - 2024,30-Jul 2pm,27651,
Uttar Pradesh - 2024,30-Jul 3pm,26769,
Uttar Pradesh - 2024,30-Jul 4pm,25353,
Uttar Pradesh - 2024,30-Jul 5pm,23378,
Uttar Pradesh - 2024,30-Jul 6pm,22570,
Uttar Pradesh - 2024,30-Jul 7pm,25488,
Uttar Pradesh - 2024,30-Jul 8pm,26443,
Uttar Pradesh - 2024,30-Jul 9pm,27879,
Uttar Pradesh - 2024,30-Jul 10pm,28642,
Uttar Pradesh - 2024,30-Jul 11pm,29033,
Uttar Pradesh - 2024,31-Jul 12am,29662,
Uttar Pradesh - 2024,31-Jul 1am,29709,
Uttar Pradesh - 2024,31-Jul 2am,29515,
Uttar Pradesh - 2024,31-Jul 3am,29287,
Uttar Pradesh - 2024,31-Jul 4am,28322,
Uttar Pradesh - 2024,31-Jul 5am,25576,
Uttar Pradesh - 2024,31-Jul 6am,23202,
Uttar Pradesh - 2024,31-Jul 7am,22212,
Uttar Pradesh - 2024,31-Jul 8am,22060,
Uttar Pradesh - 2024,31-Jul 9am,23417,
Uttar Pradesh - 2024,31-Jul 10am,24841,
Uttar Pradesh - 2024,31-Jul 11am,25226,
Uttar Pradesh - 2024,31-Jul 12pm,25551,
Uttar Pradesh - 2024,31-Jul 1pm,24393,
Uttar Pradesh - 2024,31-Jul 2pm,24499,
Uttar Pradesh - 2024,31-Jul 3pm,23051,
Uttar Pradesh - 2024,31-Jul 4pm,20638,
Uttar Pradesh - 2024,31-Jul 5pm,18764,
Uttar Pradesh - 2024,31-Jul 6pm,18758,
Uttar Pradesh - 2024,31-Jul 7pm,18160,
Uttar Pradesh - 2024,31-Jul 8pm,18913,
Uttar Pradesh - 2024,31-Jul 9pm,20608,
Uttar Pradesh - 2024,31-Jul 10pm,21461,
Uttar Pradesh - 2024,31-Jul 11pm,21958,
Uttar Pradesh - 2024,01-Aug 12am,21696,
Uttar Pradesh - 2024,01-Aug 1am,21357,
Uttar Pradesh - 2024,01-Aug 2am,20934,
Uttar Pradesh - 2024,01-Aug 3am,20452,
Uttar Pradesh - 2024,01-Aug 4am,19904,
Uttar Pradesh - 2024,01-Aug 5am,18400,
Uttar Pradesh - 2024,01-Aug 6am,17727,
Uttar Pradesh - 2024,01-Aug 7am,16756,
Uttar Pradesh - 2024,01-Aug 8am,17895,
Uttar Pradesh - 2024,01-Aug 9am,18714,
Uttar Pradesh - 2024,01-Aug 10am,21070,
Uttar Pradesh - 2024,01-Aug 11am,21616,
Uttar Pradesh - 2024,01-Aug 12pm,22651,
Uttar Pradesh - 2024,01-Aug 1pm,22335,
Uttar Pradesh - 2024,01-Aug 2pm,22168,
Uttar Pradesh - 2024,01-Aug 3pm,22273,
Uttar Pradesh - 2024,01-Aug 4pm,21168,
Uttar Pradesh - 2024,01-Aug 5pm,21281,
Uttar Pradesh - 2024,01-Aug 6pm,22412,
Uttar Pradesh - 2024,01-Aug 7pm,25392,
Uttar Pradesh - 2024,01-Aug 8pm,26725,
Uttar Pradesh - 2024,01-Aug 9pm,26914,
Uttar Pradesh - 2024,01-Aug 10pm,26971,
Uttar Pradesh - 2024,01-Aug 11pm,26229,
Uttar Pradesh - 2024,02-Aug 12am,25482,
Uttar Pradesh - 2024,02-Aug 1am,24569,
Uttar Pradesh - 2024,02-Aug 2am,23577,
Uttar Pradesh - 2024,02-Aug 3am,22819,
Uttar Pradesh - 2024,02-Aug 4am,22251,
Uttar Pradesh - 2024,02-Aug 5am,20758,
Uttar Pradesh - 2024,02-Aug 6am,19113,
Uttar Pradesh - 2024,02-Aug 7am,17531,
Uttar Pradesh - 2024,02-Aug 8am,19412,
Uttar Pradesh - 2024,02-Aug 9am,21220,
Uttar Pradesh - 2024,02-Aug 10am,22585,
Uttar Pradesh - 2024,02-Aug 11am,23275,
Uttar Pradesh - 2024,02-Aug 12pm,23300,
Uttar Pradesh - 2024,02-Aug 1pm,22009,
Uttar Pradesh - 2024,02-Aug 2pm,21317,
Uttar Pradesh - 2024,02-Aug 3pm,20786,
Uttar Pradesh - 2024,02-Aug 4pm,19640,
Uttar Pradesh - 2024,02-Aug 5pm,19448,
Uttar Pradesh - 2024,02-Aug 6pm,20848,
Uttar Pradesh - 2024,02-Aug 7pm,25537,
Uttar Pradesh - 2024,02-Aug 8pm,27088,
Uttar Pradesh - 2024,02-Aug 9pm,27545,
Uttar Pradesh - 2024,02-Aug 10pm,27875,
Uttar Pradesh - 2024,02-Aug 11pm,27606,
Uttar Pradesh - 2024,03-Aug 12am,26996,
Uttar Pradesh - 2024,03-Aug 1am,25936,
Uttar Pradesh - 2024,03-Aug 2am,24823,
Uttar Pradesh - 2024,03-Aug 3am,23832,
Uttar Pradesh - 2024,03-Aug 4am,23215,
Uttar Pradesh - 2024,03-Aug 5am,21294,
Uttar Pradesh - 2024,03-Aug 6am,19243,
Uttar Pradesh - 2024,03-Aug 7am,17606,
Uttar Pradesh - 2024,03-Aug 8am,19212,
Uttar Pradesh - 2024,03-Aug 9am,19258,
Uttar Pradesh - 2024,03-Aug 10am,20487,
Uttar Pradesh - 2024,03-Aug 11am,20243,
Uttar Pradesh - 2024,03-Aug 12pm,20580,
Uttar Pradesh - 2024,03-Aug 1pm,20154,
Uttar Pradesh - 2024,03-Aug 2pm,19520,
Uttar Pradesh - 2024,03-Aug 3pm,18744,
Uttar Pradesh - 2024,03-Aug 4pm,18105,
Uttar Pradesh - 2024,03-Aug 5pm,17717,
Uttar Pradesh - 2024,03-Aug 6pm,18343,
Uttar Pradesh - 2024,03-Aug 7pm,22140,
Uttar Pradesh - 2024,03-Aug 8pm,23163,
Uttar Pradesh - 2024,03-Aug 9pm,23466,
Uttar Pradesh - 2024,03-Aug 10pm,23775,
Uttar Pradesh - 2024,03-Aug 11pm,23555,
Uttar Pradesh - 2024,04-Aug 12am,22658,
Uttar Pradesh - 2024,04-Aug 1am,21693,
Uttar Pradesh - 2024,04-Aug 2am,20654,
Uttar Pradesh - 2024,04-Aug 3am,19748,
Uttar Pradesh - 2024,04-Aug 4am,19056,
Uttar Pradesh - 2024,04-Aug 5am,17963,
Uttar Pradesh - 2024,04-Aug 6am,16342,
Uttar Pradesh - 2024,04-Aug 7am,15459,
Uttar Pradesh - 2024,04-Aug 8am,16462,
Uttar Pradesh - 2024,04-Aug 9am,16670,
Uttar Pradesh - 2024,04-Aug 10am,16793,
Uttar Pradesh - 2024,04-Aug 11am,16810,
Uttar Pradesh - 2024,04-Aug 12pm,17236,
Uttar Pradesh - 2024,04-Aug 1pm,17486,
Uttar Pradesh - 2024,04-Aug 2pm,17791,
Uttar Pradesh - 2024,04-Aug 3pm,17109,
Uttar Pradesh - 2024,04-Aug 4pm,16635,
Uttar Pradesh - 2024,04-Aug 5pm,16520,
Uttar Pradesh - 2024,04-Aug 6pm,16441,
Uttar Pradesh - 2024,04-Aug 7pm,20883,
Uttar Pradesh - 2024,04-Aug 8pm,23346,
Uttar Pradesh - 2024,04-Aug 9pm,24348,
Uttar Pradesh - 2024,04-Aug 10pm,25137,
Uttar Pradesh - 2024,04-Aug 11pm,25199,
Uttar Pradesh - 2024,05-Aug 12am,24500,
Uttar Pradesh - 2024,05-Aug 1am,23865,
Uttar Pradesh - 2024,05-Aug 2am,23253,
Uttar Pradesh - 2024,05-Aug 3am,22455,
Uttar Pradesh - 2024,05-Aug 4am,21936,
Uttar Pradesh - 2024,05-Aug 5am,20648,
Uttar Pradesh - 2024,05-Aug 6am,18585,
Uttar Pradesh - 2024,05-Aug 7am,17301,
Uttar Pradesh - 2024,05-Aug 8am,17438,
Uttar Pradesh - 2024,05-Aug 9am,19724,
Uttar Pradesh - 2024,05-Aug 10am,21393,
Uttar Pradesh - 2024,05-Aug 11am,22135,
Uttar Pradesh - 2024,05-Aug 12pm,23185,
Uttar Pradesh - 2024,05-Aug 1pm,22632,
Uttar Pradesh - 2024,05-Aug 2pm,23069,
Uttar Pradesh - 2024,05-Aug 3pm,22579,
Uttar Pradesh - 2024,05-Aug 4pm,21712,
Uttar Pradesh - 2024,05-Aug 5pm,20560,
Uttar Pradesh - 2024,05-Aug 6pm,22111,
Uttar Pradesh - 2024,05-Aug 7pm,25067,
Uttar Pradesh - 2024,05-Aug 8pm,25616,
Uttar Pradesh - 2024,05-Aug 9pm,26162,
Uttar Pradesh - 2024,05-Aug 10pm,27568,
Uttar Pradesh - 2024,05-Aug 11pm,28117,
Uttar Pradesh - 2024,06-Aug 12am,28143,
Uttar Pradesh - 2024,06-Aug 1am,27398,
Uttar Pradesh - 2024,06-Aug 2am,26564,
Uttar Pradesh - 2024,06-Aug 3am,25902,
Uttar Pradesh - 2024,06-Aug 4am,25171,
Uttar Pradesh - 2024,06-Aug 5am,22956,
Uttar Pradesh - 2024,06-Aug 6am,21176,
Uttar Pradesh - 2024,06-Aug 7am,19760,
Uttar Pradesh - 2024,06-Aug 8am,21091,
Uttar Pradesh - 2024,06-Aug 9am,22447,
Uttar Pradesh - 2024,06-Aug 10am,23661,
Uttar Pradesh - 2024,06-Aug 11am,24025,
Uttar Pradesh - 2024,06-Aug 12pm,24112,
Uttar Pradesh - 2024,06-Aug 1pm,23746,
Uttar Pradesh - 2024,06-Aug 2pm,23111,
Uttar Pradesh - 2024,06-Aug 3pm,22797,
Uttar Pradesh - 2024,06-Aug 4pm,21224,
Uttar Pradesh - 2024,06-Aug 5pm,21077,
Uttar Pradesh - 2024,06-Aug 6pm,22074,
Uttar Pradesh - 2024,06-Aug 7pm,25984,
Uttar Pradesh - 2024,06-Aug 8pm,27112,
Uttar Pradesh - 2024,06-Aug 9pm,27488,
Uttar Pradesh - 2024,06-Aug 10pm,27755,
Uttar Pradesh - 2024,06-Aug 11pm,27819,
Uttar Pradesh - 2024,07-Aug 12am,26870,
Uttar Pradesh - 2024,07-Aug 1am,25783,
Uttar Pradesh - 2024,07-Aug 2am,24520,
Uttar Pradesh - 2024,07-Aug 3am,23359,
Uttar Pradesh - 2024,07-Aug 4am,22463,
Uttar Pradesh - 2024,07-Aug 5am,20442,
Uttar Pradesh - 2024,07-Aug 6am,18738,
Uttar Pradesh - 2024,07-Aug 7am,16421,
Uttar Pradesh - 2024,07-Aug 8am,17186,
Uttar Pradesh - 2024,07-Aug 9am,18812,
Uttar Pradesh - 2024,07-Aug 10am,20536,
Uttar Pradesh - 2024,07-Aug 11am,20600,
Uttar Pradesh - 2024,07-Aug 12pm,21064,
Uttar Pradesh - 2024,07-Aug 1pm,20427,
Uttar Pradesh - 2024,07-Aug 2pm,19779,
Uttar Pradesh - 2024,07-Aug 3pm,17942,
Uttar Pradesh - 2024,07-Aug 4pm,18001,
Uttar Pradesh - 2024,07-Aug 5pm,18814,
Uttar Pradesh - 2024,07-Aug 6pm,20672,
Uttar Pradesh - 2024,07-Aug 7pm,24553,
Uttar Pradesh - 2024,07-Aug 8pm,25533,
Uttar Pradesh - 2024,07-Aug 9pm,25884,
Uttar Pradesh - 2024,07-Aug 10pm,26014,
Uttar Pradesh - 2024,07-Aug 11pm,25465,
Uttar Pradesh - 2024,08-Aug 12am,24547,
Uttar Pradesh - 2024,08-Aug 1am,23470,
Uttar Pradesh - 2024,08-Aug 2am,22676,
Uttar Pradesh - 2024,08-Aug 3am,21598,
Uttar Pradesh - 2024,08-Aug 4am,20944,
Uttar Pradesh - 2024,08-Aug 5am,19316,
Uttar Pradesh - 2024,08-Aug 6am,17673,
Uttar Pradesh - 2024,08-Aug 7am,16453,
Uttar Pradesh - 2024,08-Aug 8am,17776,
Uttar Pradesh - 2024,08-Aug 9am,19423,
Uttar Pradesh - 2024,08-Aug 10am,21431,
Uttar Pradesh - 2024,08-Aug 11am,21788,
Uttar Pradesh - 2024,08-Aug 12pm,21781,
Uttar Pradesh - 2024,08-Aug 1pm,21185,
Uttar Pradesh - 2024,08-Aug 2pm,20614,
Uttar Pradesh - 2024,08-Aug 3pm,18962,
Uttar Pradesh - 2024,08-Aug 4pm,17666,
Uttar Pradesh - 2024,08-Aug 5pm,17905,
Uttar Pradesh - 2024,08-Aug 6pm,19328,
Uttar Pradesh - 2024,08-Aug 7pm,24509,
Uttar Pradesh - 2024,08-Aug 8pm,25571,
Uttar Pradesh - 2024,08-Aug 9pm,25984,
Uttar Pradesh - 2024,08-Aug 10pm,26069,
Uttar Pradesh - 2024,08-Aug 11pm,25520,
Uttar Pradesh - 2024,09-Aug 12am,24600,
Uttar Pradesh - 2024,09-Aug 1am,23650,
Uttar Pradesh - 2024,09-Aug 2am,22573,
Uttar Pradesh - 2024,09-Aug 3am,21804,
Uttar Pradesh - 2024,09-Aug 4am,21211,
Uttar Pradesh - 2024,09-Aug 5am,19476,
Uttar Pradesh - 2024,09-Aug 6am,17235,
Uttar Pradesh - 2024,09-Aug 7am,16730,
Uttar Pradesh - 2024,09-Aug 8am,17223,
Uttar Pradesh - 2024,09-Aug 9am,19837,
Uttar Pradesh - 2024,09-Aug 10am,21548,
Uttar Pradesh - 2024,09-Aug 11am,21899,
Uttar Pradesh - 2024,09-Aug 12pm,21973,
Uttar Pradesh - 2024,09-Aug 1pm,20954,
Uttar Pradesh - 2024,09-Aug 2pm,19953,
Uttar Pradesh - 2024,09-Aug 3pm,19511,
Uttar Pradesh - 2024,09-Aug 4pm,18325,
Uttar Pradesh - 2024,09-Aug 5pm,17453,
Uttar Pradesh - 2024,09-Aug 6pm,19314,
Uttar Pradesh - 2024,09-Aug 7pm,23801,
Uttar Pradesh - 2024,09-Aug 8pm,24932,
Uttar Pradesh - 2024,09-Aug 9pm,25268,
Uttar Pradesh - 2024,09-Aug 10pm,25293,
Uttar Pradesh - 2024,09-Aug 11pm,24713,
Uttar Pradesh - 2024,10-Aug 12am,24079,
Uttar Pradesh - 2024,10-Aug 1am,23222,
Uttar Pradesh - 2024,10-Aug 2am,22231,
Uttar Pradesh - 2024,10-Aug 3am,21297,
Uttar Pradesh - 2024,10-Aug 4am,20867,
Uttar Pradesh - 2024,10-Aug 5am,19493,
Uttar Pradesh - 2024,10-Aug 6am,17272,
Uttar Pradesh - 2024,10-Aug 7am,16718,
Uttar Pradesh - 2024,10-Aug 8am,17768,
Uttar Pradesh - 2024,10-Aug 9am,19985,
Uttar Pradesh - 2024,10-Aug 10am,20874,
Uttar Pradesh - 2024,10-Aug 11am,21187,
Uttar Pradesh - 2024,10-Aug 12pm,20978,
Uttar Pradesh - 2024,10-Aug 1pm,20367,
Uttar Pradesh - 2024,10-Aug 2pm,19671,
Uttar Pradesh - 2024,10-Aug 3pm,18777,
Uttar Pradesh - 2024,10-Aug 4pm,17995,
Uttar Pradesh - 2024,10-Aug 5pm,18083,
Uttar Pradesh - 2024,10-Aug 6pm,20022,
Uttar Pradesh - 2024,10-Aug 7pm,24411,
Uttar Pradesh - 2024,10-Aug 8pm,25250,
Uttar Pradesh - 2024,10-Aug 9pm,25471,
Uttar Pradesh - 2024,10-Aug 10pm,25397,
Uttar Pradesh - 2024,10-Aug 11pm,25054,
Uttar Pradesh - 2024,11-Aug 12am,24233,
Uttar Pradesh - 2024,11-Aug 1am,23270,
Uttar Pradesh - 2024,11-Aug 2am,22373,
Uttar Pradesh - 2024,11-Aug 3am,21685,
Uttar Pradesh - 2024,11-Aug 4am,21177,
Uttar Pradesh - 2024,11-Aug 5am,19241,
Uttar Pradesh - 2024,11-Aug 6am,17153,
Uttar Pradesh - 2024,11-Aug 7am,16301,
Uttar Pradesh - 2024,11-Aug 8am,16479,
Uttar Pradesh - 2024,11-Aug 9am,18610,
Uttar Pradesh - 2024,11-Aug 10am,20469,
Uttar Pradesh - 2024,11-Aug 11am,20020,
Uttar Pradesh - 2024,11-Aug 12pm,19798,
Uttar Pradesh - 2024,11-Aug 1pm,19258,
Uttar Pradesh - 2024,11-Aug 2pm,17986,
Uttar Pradesh - 2024,11-Aug 3pm,16965,
Uttar Pradesh - 2024,11-Aug 4pm,17112,
Uttar Pradesh - 2024,11-Aug 5pm,16403,
Uttar Pradesh - 2024,11-Aug 6pm,17364,
Uttar Pradesh - 2024,11-Aug 7pm,22490,
Uttar Pradesh - 2024,11-Aug 8pm,23343,
Uttar Pradesh - 2024,11-Aug 9pm,23584,
Uttar Pradesh - 2024,11-Aug 10pm,23860,
Uttar Pradesh - 2024,11-Aug 11pm,23361,
Uttar Pradesh - 2024,12-Aug 12am,22692,
Uttar Pradesh - 2024,12-Aug 1am,21922,
Uttar Pradesh - 2024,12-Aug 2am,21297,
Uttar Pradesh - 2024,12-Aug 3am,20556,
Uttar Pradesh - 2024,12-Aug 4am,20211,
Uttar Pradesh - 2024,12-Aug 5am,18777,
Uttar Pradesh - 2024,12-Aug 6am,16846,
Uttar Pradesh - 2024,12-Aug 7am,15771,
Uttar Pradesh - 2024,12-Aug 8am,16601,
Uttar Pradesh - 2024,12-Aug 9am,19213,
Uttar Pradesh - 2024,12-Aug 10am,20756,
Uttar Pradesh - 2024,12-Aug 11am,20481,
Uttar Pradesh - 2024,12-Aug 12pm,20493,
Uttar Pradesh - 2024,12-Aug 1pm,19582,
Uttar Pradesh - 2024,12-Aug 2pm,18745,
Uttar Pradesh - 2024,12-Aug 3pm,18602,
Uttar Pradesh - 2024,12-Aug 4pm,17478,
Uttar Pradesh - 2024,12-Aug 5pm,17620,
Uttar Pradesh - 2024,12-Aug 6pm,18957,
Uttar Pradesh - 2024,12-Aug 7pm,23922,
Uttar Pradesh - 2024,12-Aug 8pm,25097,
Uttar Pradesh - 2024,12-Aug 9pm,25346,
Uttar Pradesh - 2024,12-Aug 10pm,24999,
Uttar Pradesh - 2024,12-Aug 11pm,24498,
Uttar Pradesh - 2024,13-Aug 12am,23591,
Uttar Pradesh - 2024,13-Aug 1am,22938,
Uttar Pradesh - 2024,13-Aug 2am,22214,
Uttar Pradesh - 2024,13-Aug 3am,21349,
Uttar Pradesh - 2024,13-Aug 4am,20974,
Uttar Pradesh - 2024,13-Aug 5am,19497,
Uttar Pradesh - 2024,13-Aug 6am,17768,
Uttar Pradesh - 2024,13-Aug 7am,16158,
Uttar Pradesh - 2024,13-Aug 8am,17415,
Uttar Pradesh - 2024,13-Aug 9am,19291,
Uttar Pradesh - 2024,13-Aug 10am,21834,
Uttar Pradesh - 2024,13-Aug 11am,21743,
Uttar Pradesh - 2024,13-Aug 12pm,21224,
Uttar Pradesh - 2024,13-Aug 1pm,20984,
Uttar Pradesh - 2024,13-Aug 2pm,20411,
Uttar Pradesh - 2024,13-Aug 3pm,20017,
Uttar Pradesh - 2024,13-Aug 4pm,18581,
Uttar Pradesh - 2024,13-Aug 5pm,17805,
Uttar Pradesh - 2024,13-Aug 6pm,19981,
Uttar Pradesh - 2024,13-Aug 7pm,24416,
Uttar Pradesh - 2024,13-Aug 8pm,25195,
Uttar Pradesh - 2024,13-Aug 9pm,25709,
Uttar Pradesh - 2024,13-Aug 10pm,26386,
Uttar Pradesh - 2024,13-Aug 11pm,26228,
Uttar Pradesh - 2024,14-Aug 12am,25501,
Uttar Pradesh - 2024,14-Aug 1am,24622,
Uttar Pradesh - 2024,14-Aug 2am,24010,
Uttar Pradesh - 2024,14-Aug 3am,23306,
Uttar Pradesh - 2024,14-Aug 4am,22846,
Uttar Pradesh - 2024,14-Aug 5am,21115,
Uttar Pradesh - 2024,14-Aug 6am,18654,
Uttar Pradesh - 2024,14-Aug 7am,18081,
Uttar Pradesh - 2024,14-Aug 8am,19127,
Uttar Pradesh - 2024,14-Aug 9am,20781,
Uttar Pradesh - 2024,14-Aug 10am,22323,
Uttar Pradesh - 2024,14-Aug 11am,22786,
Uttar Pradesh - 2024,14-Aug 12pm,22792,
Uttar Pradesh - 2024,14-Aug 1pm,21396,
Uttar Pradesh - 2024,14-Aug 2pm,21566,
Uttar Pradesh - 2024,14-Aug 3pm,21143,
Uttar Pradesh - 2024,14-Aug 4pm,20063,
Uttar Pradesh - 2024,14-Aug 5pm,19503,
Uttar Pradesh - 2024,14-Aug 6pm,21129,
Uttar Pradesh - 2024,14-Aug 7pm,23227,
Uttar Pradesh - 2024,14-Aug 8pm,23559,
Uttar Pradesh - 2024,14-Aug 9pm,24537,
Uttar Pradesh - 2024,14-Aug 10pm,25189,
Uttar Pradesh - 2024,14-Aug 11pm,26011,
Uttar Pradesh - 2024,15-Aug 12am,25272,
Uttar Pradesh - 2024,15-Aug 1am,24402,
Uttar Pradesh - 2024,15-Aug 2am,23350,
Uttar Pradesh - 2024,15-Aug 3am,22932,
Uttar Pradesh - 2024,15-Aug 4am,22412,
Uttar Pradesh - 2024,15-Aug 5am,22179,
Uttar Pradesh - 2024,15-Aug 6am,21255,
Uttar Pradesh - 2024,15-Aug 7am,20851,
Uttar Pradesh - 2024,15-Aug 8am,21571,
Uttar Pradesh - 2024,15-Aug 9am,22127,
Uttar Pradesh - 2024,15-Aug 10am,22331,
Uttar Pradesh - 2024,15-Aug 11am,22829,
Uttar Pradesh - 2024,15-Aug 12pm,23325,
Uttar Pradesh - 2024,15-Aug 1pm,23147,
Uttar Pradesh - 2024,15-Aug 2pm,23536,
Uttar Pradesh - 2024,15-Aug 3pm,23420,
Uttar Pradesh - 2024,15-Aug 4pm,21894,
Uttar Pradesh - 2024,15-Aug 5pm,20619,
Uttar Pradesh - 2024,15-Aug 6pm,21272,
Uttar Pradesh - 2024,15-Aug 7pm,25129,
Uttar Pradesh - 2024,15-Aug 8pm,26115,
Uttar Pradesh - 2024,15-Aug 9pm,26603,
Uttar Pradesh - 2024,15-Aug 10pm,26615,
Uttar Pradesh - 2024,15-Aug 11pm,26282,
Uttar Pradesh - 2024,16-Aug 12am,25480,
Uttar Pradesh - 2024,16-Aug 1am,24755,
Uttar Pradesh - 2024,16-Aug 2am,24115,
Uttar Pradesh - 2024,16-Aug 3am,23514,
Uttar Pradesh - 2024,16-Aug 4am,23067,
Uttar Pradesh - 2024,16-Aug 5am,20676,
Uttar Pradesh - 2024,16-Aug 6am,19150,
Uttar Pradesh - 2024,16-Aug 7am,17773,
Uttar Pradesh - 2024,16-Aug 8am,19191,
Uttar Pradesh - 2024,16-Aug 9am,21792,
Uttar Pradesh - 2024,16-Aug 10am,23603,
Uttar Pradesh - 2024,16-Aug 11am,24802,
Uttar Pradesh - 2024,16-Aug 12pm,24026,
Uttar Pradesh - 2024,16-Aug 1pm,23942,
Uttar Pradesh - 2024,16-Aug 2pm,23005,
Uttar Pradesh - 2024,16-Aug 3pm,22416,
Uttar Pradesh - 2024,16-Aug 4pm,20611,
Uttar Pradesh - 2024,16-Aug 5pm,19428,
Uttar Pradesh - 2024,16-Aug 6pm,21933,
Uttar Pradesh - 2024,16-Aug 7pm,26202,
Uttar Pradesh - 2024,16-Aug 8pm,27125,
Uttar Pradesh - 2024,16-Aug 9pm,27754,
Uttar Pradesh - 2024,16-Aug 10pm,28481,
Uttar Pradesh - 2024,16-Aug 11pm,28188,
Uttar Pradesh - 2024,17-Aug 12am,27423,
Uttar Pradesh - 2024,17-Aug 1am,26339,
Uttar Pradesh - 2024,17-Aug 2am,25435,
Uttar Pradesh - 2024,17-Aug 3am,24756,
Uttar Pradesh - 2024,17-Aug 4am,24140,
Uttar Pradesh - 2024,17-Aug 5am,22327,
Uttar Pradesh - 2024,17-Aug 6am,20077,
Uttar Pradesh - 2024,17-Aug 7am,18571,
Uttar Pradesh - 2024,17-Aug 8am,19760,
Uttar Pradesh - 2024,17-Aug 9am,22543,
Uttar Pradesh - 2024,17-Aug 10am,24781,
Uttar Pradesh - 2024,17-Aug 11am,25743,
Uttar Pradesh - 2024,17-Aug 12pm,26138,
Uttar Pradesh - 2024,17-Aug 1pm,26144,
Uttar Pradesh - 2024,17-Aug 2pm,25475,
Uttar Pradesh - 2024,17-Aug 3pm,24755,
Uttar Pradesh - 2024,17-Aug 4pm,21973,
Uttar Pradesh - 2024,17-Aug 5pm,20176,
Uttar Pradesh - 2024,17-Aug 6pm,21557,
Uttar Pradesh - 2024,17-Aug 7pm,26495,
Uttar Pradesh - 2024,17-Aug 8pm,27553,
Uttar Pradesh - 2024,17-Aug 9pm,27830,
Uttar Pradesh - 2024,17-Aug 10pm,27968,
Uttar Pradesh - 2024,17-Aug 11pm,27998,
Uttar Pradesh - 2024,18-Aug 12am,27281,
Uttar Pradesh - 2024,18-Aug 1am,26366,
Uttar Pradesh - 2024,18-Aug 2am,25162,
Uttar Pradesh - 2024,18-Aug 3am,23691,
Uttar Pradesh - 2024,18-Aug 4am,22573,
Uttar Pradesh - 2024,18-Aug 5am,20332,
Uttar Pradesh - 2024,18-Aug 6am,18105,
Uttar Pradesh - 2024,18-Aug 7am,16916,
Uttar Pradesh - 2024,18-Aug 8am,17947,
Uttar Pradesh - 2024,18-Aug 9am,18930,
Uttar Pradesh - 2024,18-Aug 10am,20777,
Uttar Pradesh - 2024,18-Aug 11am,21711,
Uttar Pradesh - 2024,18-Aug 12pm,22506,
Uttar Pradesh - 2024,18-Aug 1pm,21819,
Uttar Pradesh - 2024,18-Aug 2pm,20497,
Uttar Pradesh - 2024,18-Aug 3pm,19207,
Uttar Pradesh - 2024,18-Aug 4pm,18176,
Uttar Pradesh - 2024,18-Aug 5pm,17554,
Uttar Pradesh - 2024,18-Aug 6pm,18945,
Uttar Pradesh - 2024,18-Aug 7pm,24264,
Uttar Pradesh - 2024,18-Aug 8pm,24986,
Uttar Pradesh - 2024,18-Aug 9pm,25645,
Uttar Pradesh - 2024,18-Aug 10pm,26157,
Uttar Pradesh - 2024,18-Aug 11pm,26033,
Uttar Pradesh - 2024,19-Aug 12am,25422,
Uttar Pradesh - 2024,19-Aug 1am,24625,
Uttar Pradesh - 2024,19-Aug 2am,24043,
Uttar Pradesh - 2024,19-Aug 3am,23251,
Uttar Pradesh - 2024,19-Aug 4am,22812,
Uttar Pradesh - 2024,19-Aug 5am,21262,
Uttar Pradesh - 2024,19-Aug 6am,19325,
Uttar Pradesh - 2024,19-Aug 7am,17708,
Uttar Pradesh - 2024,19-Aug 8am,19056,
Uttar Pradesh - 2024,19-Aug 9am,20720,
Uttar Pradesh - 2024,19-Aug 10am,21726,
Uttar Pradesh - 2024,19-Aug 11am,22520,
Uttar Pradesh - 2024,19-Aug 12pm,23822,
Uttar Pradesh - 2024,19-Aug 1pm,23283,
Uttar Pradesh - 2024,19-Aug 2pm,22294,
Uttar Pradesh - 2024,19-Aug 3pm,21629,
Uttar Pradesh - 2024,19-Aug 4pm,20067,
Uttar Pradesh - 2024,19-Aug 5pm,18848,
Uttar Pradesh - 2024,19-Aug 6pm,19472,
Uttar Pradesh - 2024,19-Aug 7pm,22434,
Uttar Pradesh - 2024,19-Aug 8pm,23719,
Uttar Pradesh - 2024,19-Aug 9pm,24535,
Uttar Pradesh - 2024,19-Aug 10pm,24873,
Uttar Pradesh - 2024,19-Aug 11pm,24639,
Uttar Pradesh - 2024,20-Aug 12am,23974,
Uttar Pradesh - 2024,20-Aug 1am,23268,
Uttar Pradesh - 2024,20-Aug 2am,22709,
Uttar Pradesh - 2024,20-Aug 3am,21939,
Uttar Pradesh - 2024,20-Aug 4am,21427,
Uttar Pradesh - 2024,20-Aug 5am,19671,
Uttar Pradesh - 2024,20-Aug 6am,17391,
Uttar Pradesh - 2024,20-Aug 7am,16384,
Uttar Pradesh - 2024,20-Aug 8am,18516,
Uttar Pradesh - 2024,20-Aug 9am,18839,
Uttar Pradesh - 2024,20-Aug 10am,20162,
Uttar Pradesh - 2024,20-Aug 11am,20394,
Uttar Pradesh - 2024,20-Aug 12pm,21107,
Uttar Pradesh - 2024,20-Aug 1pm,20305,
Uttar Pradesh - 2024,20-Aug 2pm,19595,
Uttar Pradesh - 2024,20-Aug 3pm,18137,
Uttar Pradesh - 2024,20-Aug 4pm,17073,
Uttar Pradesh - 2024,20-Aug 5pm,17558,
Uttar Pradesh - 2024,20-Aug 6pm,20076,
Uttar Pradesh - 2024,20-Aug 7pm,24271,
Uttar Pradesh - 2024,20-Aug 8pm,25382,
Uttar Pradesh - 2024,20-Aug 9pm,25707,
Uttar Pradesh - 2024,20-Aug 10pm,25997,
Uttar Pradesh - 2024,20-Aug 11pm,25488,
Uttar Pradesh - 2024,21-Aug 12am,24662,
Uttar Pradesh - 2024,21-Aug 1am,23794,
Uttar Pradesh - 2024,21-Aug 2am,23229,
Uttar Pradesh - 2024,21-Aug 3am,22468,
Uttar Pradesh - 2024,21-Aug 4am,22105,
Uttar Pradesh - 2024,21-Aug 5am,20084,
Uttar Pradesh - 2024,21-Aug 6am,18222,
Uttar Pradesh - 2024,21-Aug 7am,17130,
Uttar Pradesh - 2024,21-Aug 8am,17791,
Uttar Pradesh - 2024,21-Aug 9am,19205,
Uttar Pradesh - 2024,21-Aug 10am,20746,
Uttar Pradesh - 2024,21-Aug 11am,21660,
Uttar Pradesh - 2024,21-Aug 12pm,21905,
Uttar Pradesh - 2024,21-Aug 1pm,21303,
Uttar Pradesh - 2024,21-Aug 2pm,20509,
Uttar Pradesh - 2024,21-Aug 3pm,19666,
Uttar Pradesh - 2024,21-Aug 4pm,19150,
Uttar Pradesh - 2024,21-Aug 5pm,19157,
Uttar Pradesh - 2024,21-Aug 6pm,20779,
Uttar Pradesh - 2024,21-Aug 7pm,25848,
Uttar Pradesh - 2024,21-Aug 8pm,26534,
Uttar Pradesh - 2024,21-Aug 9pm,26612,
Uttar Pradesh - 2024,21-Aug 10pm,26691,
Uttar Pradesh - 2024,21-Aug 11pm,26187,
Uttar Pradesh - 2024,22-Aug 12am,25338,
Uttar Pradesh - 2024,22-Aug 1am,24501,
Uttar Pradesh - 2024,22-Aug 2am,23798,
Uttar Pradesh - 2024,22-Aug 3am,23038,
Uttar Pradesh - 2024,22-Aug 4am,22454,
Uttar Pradesh - 2024,22-Aug 5am,20592,
Uttar Pradesh - 2024,22-Aug 6am,18062,
Uttar Pradesh - 2024,22-Aug 7am,16740,
Uttar Pradesh - 2024,22-Aug 8am,17285,
Uttar Pradesh - 2024,22-Aug 9am,19678,
Uttar Pradesh - 2024,22-Aug 10am,22270,
Uttar Pradesh - 2024,22-Aug 11am,22846,
Uttar Pradesh - 2024,22-Aug 12pm,22677,
Uttar Pradesh - 2024,22-Aug 1pm,21911,
Uttar Pradesh - 2024,22-Aug 2pm,20653,
Uttar Pradesh - 2024,22-Aug 3pm,20231,
Uttar Pradesh - 2024,22-Aug 4pm,19543,
Uttar Pradesh - 2024,22-Aug 5pm,19510,
Uttar Pradesh - 2024,22-Aug 6pm,21686,
Uttar Pradesh - 2024,22-Aug 7pm,25579,
Uttar Pradesh - 2024,22-Aug 8pm,26080,
Uttar Pradesh - 2024,22-Aug 9pm,26214,
Uttar Pradesh - 2024,22-Aug 10pm,26403,
Uttar Pradesh - 2024,22-Aug 11pm,25929,
Uttar Pradesh - 2024,23-Aug 12am,25137,
Uttar Pradesh - 2024,23-Aug 1am,24418,
Uttar Pradesh - 2024,23-Aug 2am,23861,
Uttar Pradesh - 2024,23-Aug 3am,22969,
Uttar Pradesh - 2024,23-Aug 4am,22347,
Uttar Pradesh - 2024,23-Aug 5am,20157,
Uttar Pradesh - 2024,23-Aug 6am,18242,
Uttar Pradesh - 2024,23-Aug 7am,17126,
Uttar Pradesh - 2024,23-Aug 8am,18097,
Uttar Pradesh - 2024,23-Aug 9am,20002,
Uttar Pradesh - 2024,23-Aug 10am,22279,
Uttar Pradesh - 2024,23-Aug 11am,22204,
Uttar Pradesh - 2024,23-Aug 12pm,21395,
Uttar Pradesh - 2024,23-Aug 1pm,20860,
Uttar Pradesh - 2024,23-Aug 2pm,20502,
Uttar Pradesh - 2024,23-Aug 3pm,19720,
Uttar Pradesh - 2024,23-Aug 4pm,19139,
Uttar Pradesh - 2024,23-Aug 5pm,18602,
Uttar Pradesh - 2024,23-Aug 6pm,19947,
Uttar Pradesh - 2024,23-Aug 7pm,25713,
Uttar Pradesh - 2024,23-Aug 8pm,26087,
Uttar Pradesh - 2024,23-Aug 9pm,26102,
Uttar Pradesh - 2024,23-Aug 10pm,25856,
Uttar Pradesh - 2024,23-Aug 11pm,25221,
Uttar Pradesh - 2024,24-Aug 12am,24540,
Uttar Pradesh - 2024,24-Aug 1am,23782,
Uttar Pradesh - 2024,24-Aug 2am,23053,
Uttar Pradesh - 2024,24-Aug 3am,22323,
Uttar Pradesh - 2024,24-Aug 4am,21877,
Uttar Pradesh - 2024,24-Aug 5am,20180,
Uttar Pradesh - 2024,24-Aug 6am,18223,
Uttar Pradesh - 2024,24-Aug 7am,16891,
Uttar Pradesh - 2024,24-Aug 8am,17530,
Uttar Pradesh - 2024,24-Aug 9am,19688,
Uttar Pradesh - 2024,24-Aug 10am,21830,
Uttar Pradesh - 2024,24-Aug 11am,21732,
Uttar Pradesh - 2024,24-Aug 12pm,21786,
Uttar Pradesh - 2024,24-Aug 1pm,21110,
Uttar Pradesh - 2024,24-Aug 2pm,20731,
Uttar Pradesh - 2024,24-Aug 3pm,20039,
Uttar Pradesh - 2024,24-Aug 4pm,18844,
Uttar Pradesh - 2024,24-Aug 5pm,18272,
Uttar Pradesh - 2024,24-Aug 6pm,20145,
Uttar Pradesh - 2024,24-Aug 7pm,25658,
Uttar Pradesh - 2024,24-Aug 8pm,26296,
Uttar Pradesh - 2024,24-Aug 9pm,26429,
Uttar Pradesh - 2024,24-Aug 10pm,26369,
Uttar Pradesh - 2024,24-Aug 11pm,26004,
Uttar Pradesh - 2024,25-Aug 12am,25304,
Uttar Pradesh - 2024,25-Aug 1am,24072,
Uttar Pradesh - 2024,25-Aug 2am,23649,
Uttar Pradesh - 2024,25-Aug 3am,23127,
Uttar Pradesh - 2024,25-Aug 4am,22603,
Uttar Pradesh - 2024,25-Aug 5am,20758,
Uttar Pradesh - 2024,25-Aug 6am,18571,
Uttar Pradesh - 2024,25-Aug 7am,17604,
Uttar Pradesh - 2024,25-Aug 8am,18116,
Uttar Pradesh - 2024,25-Aug 9am,19942,
Uttar Pradesh - 2024,25-Aug 10am,21657,
Uttar Pradesh - 2024,25-Aug 11am,21680,
Uttar Pradesh - 2024,25-Aug 12pm,22479,
Uttar Pradesh - 2024,25-Aug 1pm,22259,
Uttar Pradesh - 2024,25-Aug 2pm,21112,
Uttar Pradesh - 2024,25-Aug 3pm,20187,
Uttar Pradesh - 2024,25-Aug 4pm,18800,
Uttar Pradesh - 2024,25-Aug 5pm,17778,
Uttar Pradesh - 2024,25-Aug 6pm,19989,
Uttar Pradesh - 2024,25-Aug 7pm,25495,
Uttar Pradesh - 2024,25-Aug 8pm,26344,
Uttar Pradesh - 2024,25-Aug 9pm,26926,
Uttar Pradesh - 2024,25-Aug 10pm,26885,
Uttar Pradesh - 2024,25-Aug 11pm,26541,
Uttar Pradesh - 2024,26-Aug 12am,26187,
Uttar Pradesh - 2024,26-Aug 1am,25332,
Uttar Pradesh - 2024,26-Aug 2am,24597,
Uttar Pradesh - 2024,26-Aug 3am,23990,
Uttar Pradesh - 2024,26-Aug 4am,23605,
Uttar Pradesh - 2024,26-Aug 5am,23051,
Uttar Pradesh - 2024,26-Aug 6am,21901,
Uttar Pradesh - 2024,26-Aug 7am,22340,
Uttar Pradesh - 2024,26-Aug 8am,23116,
Uttar Pradesh - 2024,26-Aug 9am,24092,
Uttar Pradesh - 2024,26-Aug 10am,24775,
Uttar Pradesh - 2024,26-Aug 11am,25154,
Uttar Pradesh - 2024,26-Aug 12pm,25108,
Uttar Pradesh - 2024,26-Aug 1pm,24290,
Uttar Pradesh - 2024,26-Aug 2pm,24300,
Uttar Pradesh - 2024,26-Aug 3pm,24129,
Uttar Pradesh - 2024,26-Aug 4pm,22655,
Uttar Pradesh - 2024,26-Aug 5pm,21584,
Uttar Pradesh - 2024,26-Aug 6pm,22189,
Uttar Pradesh - 2024,26-Aug 7pm,24914,
Uttar Pradesh - 2024,26-Aug 8pm,25210,
Uttar Pradesh - 2024,26-Aug 9pm,25262,
Uttar Pradesh - 2024,26-Aug 10pm,25206,
Uttar Pradesh - 2024,26-Aug 11pm,24976,
Uttar Pradesh - 2024,27-Aug 12am,24779,
Uttar Pradesh - 2024,27-Aug 1am,24534,
Uttar Pradesh - 2024,27-Aug 2am,23852,
Uttar Pradesh - 2024,27-Aug 3am,22962,
Uttar Pradesh - 2024,27-Aug 4am,22384,
Uttar Pradesh - 2024,27-Aug 5am,22003,
Uttar Pradesh - 2024,27-Aug 6am,21013,
Uttar Pradesh - 2024,27-Aug 7am,20774,
Uttar Pradesh - 2024,27-Aug 8am,20998,
Uttar Pradesh - 2024,27-Aug 9am,21898,
Uttar Pradesh - 2024,27-Aug 10am,22338,
Uttar Pradesh - 2024,27-Aug 11am,22145,
Uttar Pradesh - 2024,27-Aug 12pm,22142,
Uttar Pradesh - 2024,27-Aug 1pm,21947,
Uttar Pradesh - 2024,27-Aug 2pm,22176,
Uttar Pradesh - 2024,27-Aug 3pm,21601,
Uttar Pradesh - 2024,27-Aug 4pm,20730,
Uttar Pradesh - 2024,27-Aug 5pm,19235,
Uttar Pradesh - 2024,27-Aug 6pm,20606,
Uttar Pradesh - 2024,27-Aug 7pm,24070,
Uttar Pradesh - 2024,27-Aug 8pm,24331,
Uttar Pradesh - 2024,27-Aug 9pm,24788,
Uttar Pradesh - 2024,27-Aug 10pm,25056,
Uttar Pradesh - 2024,27-Aug 11pm,24611,
Uttar Pradesh - 2024,28-Aug 12am,23510,
Uttar Pradesh - 2024,28-Aug 1am,22268,
Uttar Pradesh - 2024,28-Aug 2am,21552,
Uttar Pradesh - 2024,28-Aug 3am,20346,
Uttar Pradesh - 2024,28-Aug 4am,19386,
Uttar Pradesh - 2024,28-Aug 5am,17849,
Uttar Pradesh - 2024,28-Aug 6am,16643,
Uttar Pradesh - 2024,28-Aug 7am,15900,
Uttar Pradesh - 2024,28-Aug 8am,17194,
Uttar Pradesh - 2024,28-Aug 9am,17883,
Uttar Pradesh - 2024,28-Aug 10am,20184,
Uttar Pradesh - 2024,28-Aug 11am,20591,
Uttar Pradesh - 2024,28-Aug 12pm,21408,
Uttar Pradesh - 2024,28-Aug 1pm,20500,
Uttar Pradesh - 2024,28-Aug 2pm,19971,
Uttar Pradesh - 2024,28-Aug 3pm,18783,
Uttar Pradesh - 2024,28-Aug 4pm,17936,
Uttar Pradesh - 2024,28-Aug 5pm,17277,
Uttar Pradesh - 2024,28-Aug 6pm,20029,
Uttar Pradesh - 2024,28-Aug 7pm,24990,
Uttar Pradesh - 2024,28-Aug 8pm,25256,
Uttar Pradesh - 2024,28-Aug 9pm,25316,
Uttar Pradesh - 2024,28-Aug 10pm,24789,
Uttar Pradesh - 2024,28-Aug 11pm,23921,
Uttar Pradesh - 2024,29-Aug 12am,22764,
Uttar Pradesh - 2024,29-Aug 1am,21605,
Uttar Pradesh - 2024,29-Aug 2am,20232,
Uttar Pradesh - 2024,29-Aug 3am,19055,
Uttar Pradesh - 2024,29-Aug 4am,18294,
Uttar Pradesh - 2024,29-Aug 5am,17151,
Uttar Pradesh - 2024,29-Aug 6am,15406,
Uttar Pradesh - 2024,29-Aug 7am,14966,
Uttar Pradesh - 2024,29-Aug 8am,17119,
Uttar Pradesh - 2024,29-Aug 9am,18632,
Uttar Pradesh - 2024,29-Aug 10am,19624,
Uttar Pradesh - 2024,29-Aug 11am,20133,
Uttar Pradesh - 2024,29-Aug 12pm,20558,
Uttar Pradesh - 2024,29-Aug 1pm,20502,
Uttar Pradesh - 2024,29-Aug 2pm,20545,
Uttar Pradesh - 2024,29-Aug 3pm,20068,
Uttar Pradesh - 2024,29-Aug 4pm,18505,
Uttar Pradesh - 2024,29-Aug 5pm,18769,
Uttar Pradesh - 2024,29-Aug 6pm,20892,
Uttar Pradesh - 2024,29-Aug 7pm,26251,
Uttar Pradesh - 2024,29-Aug 8pm,26482,
Uttar Pradesh - 2024,29-Aug 9pm,26589,
Uttar Pradesh - 2024,29-Aug 10pm,26421,
Uttar Pradesh - 2024,29-Aug 11pm,26049,
Uttar Pradesh - 2024,30-Aug 12am,25310,
Uttar Pradesh - 2024,30-Aug 1am,24460,
Uttar Pradesh - 2024,30-Aug 2am,23697,
Uttar Pradesh - 2024,30-Aug 3am,23124,
Uttar Pradesh - 2024,30-Aug 4am,22597,
Uttar Pradesh - 2024,30-Aug 5am,20964,
Uttar Pradesh - 2024,30-Aug 6am,18813,
Uttar Pradesh - 2024,30-Aug 7am,17601,
Uttar Pradesh - 2024,30-Aug 8am,18793,
Uttar Pradesh - 2024,30-Aug 9am,20312,
Uttar Pradesh - 2024,30-Aug 10am,22333,
Uttar Pradesh - 2024,30-Aug 11am,22852,
Uttar Pradesh - 2024,30-Aug 12pm,23468,
Uttar Pradesh - 2024,30-Aug 1pm,23298,
Uttar Pradesh - 2024,30-Aug 2pm,22277,
Uttar Pradesh - 2024,30-Aug 3pm,21386,
Uttar Pradesh - 2024,30-Aug 4pm,19738,
Uttar Pradesh - 2024,30-Aug 5pm,19213,
Uttar Pradesh - 2024,30-Aug 6pm,21455,
Uttar Pradesh - 2024,30-Aug 7pm,27073,
Uttar Pradesh - 2024,30-Aug 8pm,27454,
Uttar Pradesh - 2024,30-Aug 9pm,27610,
Uttar Pradesh - 2024,30-Aug 10pm,27670,
Uttar Pradesh - 2024,30-Aug 11pm,27232,
Uttar Pradesh - 2024,31-Aug 12am,26791,
Uttar Pradesh - 2024,31-Aug 1am,26118,
Uttar Pradesh - 2024,31-Aug 2am,25373,
Uttar Pradesh - 2024,31-Aug 3am,24668,
Uttar Pradesh - 2024,31-Aug 4am,24268,
Uttar Pradesh - 2024,31-Aug 5am,22160,
Uttar Pradesh - 2024,31-Aug 6am,19920,
Uttar Pradesh - 2024,31-Aug 7am,19000,
Uttar Pradesh - 2024,31-Aug 8am,19356,
Uttar Pradesh - 2024,31-Aug 9am,21173,
Uttar Pradesh - 2024,31-Aug 10am,23229,
Uttar Pradesh - 2024,31-Aug 11am,24612,
Uttar Pradesh - 2024,31-Aug 12pm,25066,
Uttar Pradesh - 2024,31-Aug 1pm,24644,
Uttar Pradesh - 2024,31-Aug 2pm,23771,
Uttar Pradesh - 2024,31-Aug 3pm,22704,
Uttar Pradesh - 2024,31-Aug 4pm,20771,
Uttar Pradesh - 2024,31-Aug 5pm,20802,
Uttar Pradesh - 2024,31-Aug 6pm,23190,
Uttar Pradesh - 2024,31-Aug 7pm,26706,
Uttar Pradesh - 2024,31-Aug 8pm,28565,
Uttar Pradesh - 2024,31-Aug 9pm,28876,
Uttar Pradesh - 2024,31-Aug 10pm,28966,
Uttar Pradesh - 2024,31-Aug 11pm,28510,
Uttar Pradesh - 2024,01-Sep 12am,28003,
Uttar Pradesh - 2024,01-Sep 1am,27410,
Uttar Pradesh - 2024,01-Sep 2am,26777,
Uttar Pradesh - 2024,01-Sep 3am,26101,
Uttar Pradesh - 2024,01-Sep 4am,25610,
Uttar Pradesh - 2024,01-Sep 5am,23205,
Uttar Pradesh - 2024,01-Sep 6am,20676,
Uttar Pradesh - 2024,01-Sep 7am,19032,
Uttar Pradesh - 2024,01-Sep 8am,19900,
Uttar Pradesh - 2024,01-Sep 9am,20689,
Uttar Pradesh - 2024,01-Sep 10am,22286,
Uttar Pradesh - 2024,01-Sep 11am,24064,
Uttar Pradesh - 2024,01-Sep 12pm,24298,
Uttar Pradesh - 2024,01-Sep 1pm,23328,
Uttar Pradesh - 2024,01-Sep 2pm,21705,
Uttar Pradesh - 2024,01-Sep 3pm,19976,
Uttar Pradesh - 2024,01-Sep 4pm,18498,
Uttar Pradesh - 2024,01-Sep 5pm,18192,
Uttar Pradesh - 2024,01-Sep 6pm,20592,
Uttar Pradesh - 2024,01-Sep 7pm,25986,
Uttar Pradesh - 2024,01-Sep 8pm,27115,
Uttar Pradesh - 2024,01-Sep 9pm,27379,
Uttar Pradesh - 2024,01-Sep 10pm,27549,
Uttar Pradesh - 2024,01-Sep 11pm,27152,
Uttar Pradesh - 2024,02-Sep 12am,26308,
Uttar Pradesh - 2024,02-Sep 1am,25560,
Uttar Pradesh - 2024,02-Sep 2am,24857,
Uttar Pradesh - 2024,02-Sep 3am,24185,
Uttar Pradesh - 2024,02-Sep 4am,23941,
Uttar Pradesh - 2024,02-Sep 5am,22036,
Uttar Pradesh - 2024,02-Sep 6am,19713,
Uttar Pradesh - 2024,02-Sep 7am,17609,
Uttar Pradesh - 2024,02-Sep 8am,18051,
Uttar Pradesh - 2024,02-Sep 9am,20110,
Uttar Pradesh - 2024,02-Sep 10am,22959,
Uttar Pradesh - 2024,02-Sep 11am,23786,
Uttar Pradesh - 2024,02-Sep 12pm,23434,
Uttar Pradesh - 2024,02-Sep 1pm,23097,
Uttar Pradesh - 2024,02-Sep 2pm,22518,
Uttar Pradesh - 2024,02-Sep 3pm,21396,
Uttar Pradesh - 2024,02-Sep 4pm,20014,
Uttar Pradesh - 2024,02-Sep 5pm,20348,
Uttar Pradesh - 2024,02-Sep 6pm,22399,
Uttar Pradesh - 2024,02-Sep 7pm,26750,
Uttar Pradesh - 2024,02-Sep 8pm,27467,
Uttar Pradesh - 2024,02-Sep 9pm,28647,
Uttar Pradesh - 2024,02-Sep 10pm,28786,
Uttar Pradesh - 2024,02-Sep 11pm,28271,
Uttar Pradesh - 2024,03-Sep 12am,27651,
Uttar Pradesh - 2024,03-Sep 1am,26909,
Uttar Pradesh - 2024,03-Sep 2am,26330,
Uttar Pradesh - 2024,03-Sep 3am,25700,
Uttar Pradesh - 2024,03-Sep 4am,25241,
Uttar Pradesh - 2024,03-Sep 5am,22904,
Uttar Pradesh - 2024,03-Sep 6am,20441,
Uttar Pradesh - 2024,03-Sep 7am,18540,
Uttar Pradesh - 2024,03-Sep 8am,19818,
Uttar Pradesh - 2024,03-Sep 9am,21394,
Uttar Pradesh - 2024,03-Sep 10am,24290,
Uttar Pradesh - 2024,03-Sep 11am,24784,
Uttar Pradesh - 2024,03-Sep 12pm,25509,
Uttar Pradesh - 2024,03-Sep 1pm,25303,
Uttar Pradesh - 2024,03-Sep 2pm,24211,
Uttar Pradesh - 2024,03-Sep 3pm,22701,
Uttar Pradesh - 2024,03-Sep 4pm,21297,
Uttar Pradesh - 2024,03-Sep 5pm,21128,
Uttar Pradesh - 2024,03-Sep 6pm,22787,
Uttar Pradesh - 2024,03-Sep 7pm,28017,
Uttar Pradesh - 2024,03-Sep 8pm,23503,
Uttar Pradesh - 2024,03-Sep 9pm,29014,
Uttar Pradesh - 2024,03-Sep 10pm,29105,
Uttar Pradesh - 2024,03-Sep 11pm,28767,
Uttar Pradesh - 2024,04-Sep 12am,28106,
Uttar Pradesh - 2024,04-Sep 1am,27018,
Uttar Pradesh - 2024,04-Sep 2am,25914,
Uttar Pradesh - 2024,04-Sep 3am,25133,
Uttar Pradesh - 2024,04-Sep 4am,24706,
Uttar Pradesh - 2024,04-Sep 5am,22635,
Uttar Pradesh - 2024,04-Sep 6am,20074,
Uttar Pradesh - 2024,04-Sep 7am,18348,
Uttar Pradesh - 2024,04-Sep 8am,18813,
Uttar Pradesh - 2024,04-Sep 9am,19991,
Uttar Pradesh - 2024,04-Sep 10am,22852,
Uttar Pradesh - 2024,04-Sep 11am,22999,
Uttar Pradesh - 2024,04-Sep 12pm,22376,
Uttar Pradesh - 2024,04-Sep 1pm,21659,
Uttar Pradesh - 2024,04-Sep 2pm,19703,
Uttar Pradesh - 2024,04-Sep 3pm,18541,
Uttar Pradesh - 2024,04-Sep 4pm,18282,
Uttar Pradesh - 2024,04-Sep 5pm,17630,
Uttar Pradesh - 2024,04-Sep 6pm,17983,
Uttar Pradesh - 2024,04-Sep 7pm,23758,
Uttar Pradesh - 2024,04-Sep 8pm,25472,
Uttar Pradesh - 2024,04-Sep 9pm,25813,
Uttar Pradesh - 2024,04-Sep 10pm,26013,
Uttar Pradesh - 2024,04-Sep 11pm,25648,
Uttar Pradesh - 2024,05-Sep 12am,24950,
Uttar Pradesh - 2024,05-Sep 1am,24104,
Uttar Pradesh - 2024,05-Sep 2am,23481,
Uttar Pradesh - 2024,05-Sep 3am,22776,
Uttar Pradesh - 2024,05-Sep 4am,22137,
Uttar Pradesh - 2024,05-Sep 5am,20499,
Uttar Pradesh - 2024,05-Sep 6am,18380,
Uttar Pradesh - 2024,05-Sep 7am,17045,
Uttar Pradesh - 2024,05-Sep 8am,18621,
Uttar Pradesh - 2024,05-Sep 9am,19460,
Uttar Pradesh - 2024,05-Sep 10am,21790,
Uttar Pradesh - 2024,05-Sep 11am,21905,
Uttar Pradesh - 2024,05-Sep 12pm,22087,
Uttar Pradesh - 2024,05-Sep 1pm,22146,
Uttar Pradesh - 2024,05-Sep 2pm,21785,
Uttar Pradesh - 2024,05-Sep 3pm,20814,
Uttar Pradesh - 2024,05-Sep 4pm,20094,
Uttar Pradesh - 2024,05-Sep 5pm,21110,
Uttar Pradesh - 2024,05-Sep 6pm,19249,
Uttar Pradesh - 2024,05-Sep 7pm,25382,
Uttar Pradesh - 2024,05-Sep 8pm,25748,
Uttar Pradesh - 2024,05-Sep 9pm,25827,
Uttar Pradesh - 2024,05-Sep 10pm,26174,
Uttar Pradesh - 2024,05-Sep 11pm,26050,
Uttar Pradesh - 2024,06-Sep 12am,25309,
Uttar Pradesh - 2024,06-Sep 1am,24423,
Uttar Pradesh - 2024,06-Sep 2am,23561,
Uttar Pradesh - 2024,06-Sep 3am,22858,
Uttar Pradesh - 2024,06-Sep 4am,22089,
Uttar Pradesh - 2024,06-Sep 5am,20030,
Uttar Pradesh - 2024,06-Sep 6am,18049,
Uttar Pradesh - 2024,06-Sep 7am,16727,
Uttar Pradesh - 2024,06-Sep 8am,18711,
Uttar Pradesh - 2024,06-Sep 9am,19120,
Uttar Pradesh - 2024,06-Sep 10am,20243,
Uttar Pradesh - 2024,06-Sep 11am,20363,
Uttar Pradesh - 2024,06-Sep 12pm,20411,
Uttar Pradesh - 2024,06-Sep 1pm,20392,
Uttar Pradesh - 2024,06-Sep 2pm,19559,
Uttar Pradesh - 2024,06-Sep 3pm,19025,
Uttar Pradesh - 2024,06-Sep 4pm,17488,
Uttar Pradesh - 2024,06-Sep 5pm,16973,
Uttar Pradesh - 2024,06-Sep 6pm,18681,
Uttar Pradesh - 2024,06-Sep 7pm,25594,
Uttar Pradesh - 2024,06-Sep 8pm,25773,
Uttar Pradesh - 2024,06-Sep 9pm,25980,
Uttar Pradesh - 2024,06-Sep 10pm,25845,
Uttar Pradesh - 2024,06-Sep 11pm,25485,
Uttar Pradesh - 2024,07-Sep 12am,24690,
Uttar Pradesh - 2024,07-Sep 1am,23950,
Uttar Pradesh - 2024,07-Sep 2am,23212,
Uttar Pradesh - 2024,07-Sep 3am,22482,
Uttar Pradesh - 2024,07-Sep 4am,22169,
Uttar Pradesh - 2024,07-Sep 5am,20348,
Uttar Pradesh - 2024,07-Sep 6am,18368,
Uttar Pradesh - 2024,07-Sep 7am,16241,
Uttar Pradesh - 2024,07-Sep 8am,17358,
Uttar Pradesh - 2024,07-Sep 9am,18547,
Uttar Pradesh - 2024,07-Sep 10am,21251,
Uttar Pradesh - 2024,07-Sep 11am,21665,
Uttar Pradesh - 2024,07-Sep 12pm,22374,
Uttar Pradesh - 2024,07-Sep 1pm,22193,
Uttar Pradesh - 2024,07-Sep 2pm,21504,
Uttar Pradesh - 2024,07-Sep 3pm,20399,
Uttar Pradesh - 2024,07-Sep 4pm,18422,
Uttar Pradesh - 2024,07-Sep 5pm,17435,
Uttar Pradesh - 2024,07-Sep 6pm,21205,
Uttar Pradesh - 2024,07-Sep 7pm,26053,
Uttar Pradesh - 2024,07-Sep 8pm,26441,
Uttar Pradesh - 2024,07-Sep 9pm,26789,
Uttar Pradesh - 2024,07-Sep 10pm,26966,
Uttar Pradesh - 2024,07-Sep 11pm,26464,
Uttar Pradesh - 2024,08-Sep 12am,25864,
Uttar Pradesh - 2024,08-Sep 1am,25171,
Uttar Pradesh - 2024,08-Sep 2am,24407,
Uttar Pradesh - 2024,08-Sep 3am,23580,
Uttar Pradesh - 2024,08-Sep 4am,23194,
Uttar Pradesh - 2024,08-Sep 5am,21089,
Uttar Pradesh - 2024,08-Sep 6am,18773,
Uttar Pradesh - 2024,08-Sep 7am,17545,
Uttar Pradesh - 2024,08-Sep 8am,18420,
Uttar Pradesh - 2024,08-Sep 9am,19046,
Uttar Pradesh - 2024,08-Sep 10am,20888,
Uttar Pradesh - 2024,08-Sep 11am,21536,
Uttar Pradesh - 2024,08-Sep 12pm,22546,
Uttar Pradesh - 2024,08-Sep 1pm,22568,
Uttar Pradesh - 2024,08-Sep 2pm,21168,
Uttar Pradesh - 2024,08-Sep 3pm,19197,
Uttar Pradesh - 2024,08-Sep 4pm,18250,
Uttar Pradesh - 2024,08-Sep 5pm,17195,
Uttar Pradesh - 2024,08-Sep 6pm,18017,
Uttar Pradesh - 2024,08-Sep 7pm,25938,
Uttar Pradesh - 2024,08-Sep 8pm,26166,
Uttar Pradesh - 2024,08-Sep 9pm,26675,
Uttar Pradesh - 2024,08-Sep 10pm,26598,
Uttar Pradesh - 2024,08-Sep 11pm,26169,
Uttar Pradesh - 2024,09-Sep 12am,25538,
Uttar Pradesh - 2024,09-Sep 1am,24603,
Uttar Pradesh - 2024,09-Sep 2am,23761,
Uttar Pradesh - 2024,09-Sep 3am,23177,
Uttar Pradesh - 2024,09-Sep 4am,22681,
Uttar Pradesh - 2024,09-Sep 5am,21020,
Uttar Pradesh - 2024,09-Sep 6am,19008,
Uttar Pradesh - 2024,09-Sep 7am,17225,
Uttar Pradesh - 2024,09-Sep 8am,17908,
Uttar Pradesh - 2024,09-Sep 9am,20453,
Uttar Pradesh - 2024,09-Sep 10am,22712,
Uttar Pradesh - 2024,09-Sep 11am,23825,
Uttar Pradesh - 2024,09-Sep 12pm,23005,
Uttar Pradesh - 2024,09-Sep 1pm,21515,
Uttar Pradesh - 2024,09-Sep 2pm,20890,
Uttar Pradesh - 2024,09-Sep 3pm,19371,
Uttar Pradesh - 2024,09-Sep 4pm,18549,
Uttar Pradesh - 2024,09-Sep 5pm,18529,
Uttar Pradesh - 2024,09-Sep 6pm,20568,
Uttar Pradesh - 2024,09-Sep 7pm,25968,
Uttar Pradesh - 2024,09-Sep 8pm,26562,
Uttar Pradesh - 2024,09-Sep 9pm,26709,
Uttar Pradesh - 2024,09-Sep 10pm,26616,
Uttar Pradesh - 2024,09-Sep 11pm,26243,
Uttar Pradesh - 2024,10-Sep 12am,25695,
Uttar Pradesh - 2024,10-Sep 1am,24639,
Uttar Pradesh - 2024,10-Sep 2am,24078,
Uttar Pradesh - 2024,10-Sep 3am,23232,
Uttar Pradesh - 2024,10-Sep 4am,22969,
Uttar Pradesh - 2024,10-Sep 5am,21315,
Uttar Pradesh - 2024,10-Sep 6am,19314,
Uttar Pradesh - 2024,10-Sep 7am,18001,
Uttar Pradesh - 2024,10-Sep 8am,18167,
Uttar Pradesh - 2024,10-Sep 9am,19756,
Uttar Pradesh - 2024,10-Sep 10am,22127,
Uttar Pradesh - 2024,10-Sep 11am,22644,
Uttar Pradesh - 2024,10-Sep 12pm,22927,
Uttar Pradesh - 2024,10-Sep 1pm,21070,
Uttar Pradesh - 2024,10-Sep 2pm,20759,
Uttar Pradesh - 2024,10-Sep 3pm,19849,
Uttar Pradesh - 2024,10-Sep 4pm,18769,
Uttar Pradesh - 2024,10-Sep 5pm,18950,
Uttar Pradesh - 2024,10-Sep 6pm,21823,
Uttar Pradesh - 2024,10-Sep 7pm,25732,
Uttar Pradesh - 2024,10-Sep 8pm,26659,
Uttar Pradesh - 2024,10-Sep 9pm,26925,
Uttar Pradesh - 2024,10-Sep 10pm,26834,
Uttar Pradesh - 2024,10-Sep 11pm,26183,
Uttar Pradesh - 2024,11-Sep 12am,25030,
Uttar Pradesh - 2024,11-Sep 1am,23369,
Uttar Pradesh - 2024,11-Sep 2am,22323,
Uttar Pradesh - 2024,11-Sep 3am,21312,
Uttar Pradesh - 2024,11-Sep 4am,20644,
Uttar Pradesh - 2024,11-Sep 5am,18619,
Uttar Pradesh - 2024,11-Sep 6am,16947,
Uttar Pradesh - 2024,11-Sep 7am,15647,
Uttar Pradesh - 2024,11-Sep 8am,16766,
Uttar Pradesh - 2024,11-Sep 9am,18066,
Uttar Pradesh - 2024,11-Sep 10am,18446,
Uttar Pradesh - 2024,11-Sep 11am,18301,
Uttar Pradesh - 2024,11-Sep 12pm,17649,
Uttar Pradesh - 2024,11-Sep 1pm,17902,
Uttar Pradesh - 2024,11-Sep 2pm,17380,
Uttar Pradesh - 2024,11-Sep 3pm,16047,
Uttar Pradesh - 2024,11-Sep 4pm,14379,
Uttar Pradesh - 2024,11-Sep 5pm,15122,
Uttar Pradesh - 2024,11-Sep 6pm,17699,
Uttar Pradesh - 2024,11-Sep 7pm,21308,
Uttar Pradesh - 2024,11-Sep 8pm,21335,
Uttar Pradesh - 2024,11-Sep 9pm,21472,
Uttar Pradesh - 2024,11-Sep 10pm,21300,
Uttar Pradesh - 2024,11-Sep 11pm,20573,
Uttar Pradesh - 2024,12-Sep 12am,19431,
Uttar Pradesh - 2024,12-Sep 1am,18269,
Uttar Pradesh - 2024,12-Sep 2am,17224,
Uttar Pradesh - 2024,12-Sep 3am,16331,
Uttar Pradesh - 2024,12-Sep 4am,15830,
Uttar Pradesh - 2024,12-Sep 5am,15300,
Uttar Pradesh - 2024,12-Sep 6am,13775,
Uttar Pradesh - 2024,12-Sep 7am,14052,
Uttar Pradesh - 2024,12-Sep 8am,14314,
Uttar Pradesh - 2024,12-Sep 9am,15028,
Uttar Pradesh - 2024,12-Sep 10am,15885,
Uttar Pradesh - 2024,12-Sep 11am,15979,
Uttar Pradesh - 2024,12-Sep 12pm,15408,
Uttar Pradesh - 2024,12-Sep 1pm,14947,
Uttar Pradesh - 2024,12-Sep 2pm,14581,
Uttar Pradesh - 2024,12-Sep 3pm,13563,
Uttar Pradesh - 2024,12-Sep 4pm,11879,
Uttar Pradesh - 2024,12-Sep 5pm,11742,
Uttar Pradesh - 2024,12-Sep 6pm,13929,
Uttar Pradesh - 2024,12-Sep 7pm,18237,
Uttar Pradesh - 2024,12-Sep 8pm,18093,
Uttar Pradesh - 2024,12-Sep 9pm,17991,
Uttar Pradesh - 2024,12-Sep 10pm,17889,
Uttar Pradesh - 2024,12-Sep 11pm,17448,
Uttar Pradesh - 2024,13-Sep 12am,16942,
Uttar Pradesh - 2024,13-Sep 1am,16168,
Uttar Pradesh - 2024,13-Sep 2am,15661,
Uttar Pradesh - 2024,13-Sep 3am,15149,
Uttar Pradesh - 2024,13-Sep 4am,14732,
Uttar Pradesh - 2024,13-Sep 5am,13416,
Uttar Pradesh - 2024,13-Sep 6am,12528,
Uttar Pradesh - 2024,13-Sep 7am,12039,
Uttar Pradesh - 2024,13-Sep 8am,13804,
Uttar Pradesh - 2024,13-Sep 9am,13804,
Uttar Pradesh - 2024,13-Sep 10am,16116,
Uttar Pradesh - 2024,13-Sep 11am,16240,
Uttar Pradesh - 2024,13-Sep 12pm,16535,
Uttar Pradesh - 2024,13-Sep 1pm,16382,
Uttar Pradesh - 2024,13-Sep 2pm,16611,
Uttar Pradesh - 2024,13-Sep 3pm,15453,
Uttar Pradesh - 2024,13-Sep 4pm,13663,
Uttar Pradesh - 2024,13-Sep 5pm,13140,
Uttar Pradesh - 2024,13-Sep 6pm,15537,
Uttar Pradesh - 2024,13-Sep 7pm,20967,
Uttar Pradesh - 2024,13-Sep 8pm,21176,
Uttar Pradesh - 2024,13-Sep 9pm,21088,
Uttar Pradesh - 2024,13-Sep 10pm,21103,
Uttar Pradesh - 2024,13-Sep 11pm,20688,
Uttar Pradesh - 2024,14-Sep 12am,20041,
Uttar Pradesh - 2024,14-Sep 1am,19292,
Uttar Pradesh - 2024,14-Sep 2am,18751,
Uttar Pradesh - 2024,14-Sep 3am,18025,
Uttar Pradesh - 2024,14-Sep 4am,17648,
Uttar Pradesh - 2024,14-Sep 5am,15794,
Uttar Pradesh - 2024,14-Sep 6am,14821,
Uttar Pradesh - 2024,14-Sep 7am,13912,
Uttar Pradesh - 2024,14-Sep 8am,15502,
Uttar Pradesh - 2024,14-Sep 9am,16640,
Uttar Pradesh - 2024,14-Sep 10am,17135,
Uttar Pradesh - 2024,14-Sep 11am,17648,
Uttar Pradesh - 2024,14-Sep 12pm,17690,
Uttar Pradesh - 2024,14-Sep 1pm,17554,
Uttar Pradesh - 2024,14-Sep 2pm,16357,
Uttar Pradesh - 2024,14-Sep 3pm,15194,
Uttar Pradesh - 2024,14-Sep 4pm,13822,
Uttar Pradesh - 2024,14-Sep 5pm,13871,
Uttar Pradesh - 2024,14-Sep 6pm,15353,
Uttar Pradesh - 2024,14-Sep 7pm,22801,
Uttar Pradesh - 2024,14-Sep 8pm,22876,
Uttar Pradesh - 2024,14-Sep 9pm,22871,
Uttar Pradesh - 2024,14-Sep 10pm,22646,
Uttar Pradesh - 2024,14-Sep 11pm,22289,
Uttar Pradesh - 2024,15-Sep 12am,21636,
Uttar Pradesh - 2024,15-Sep 1am,20833,
Uttar Pradesh - 2024,15-Sep 2am,20064,
Uttar Pradesh - 2024,15-Sep 3am,19381,
Uttar Pradesh - 2024,15-Sep 4am,18982,
Uttar Pradesh - 2024,15-Sep 5am,17259,
Uttar Pradesh - 2024,15-Sep 6am,14585,
Uttar Pradesh - 2024,15-Sep 7am,14160,
Uttar Pradesh - 2024,15-Sep 8am,15965,
Uttar Pradesh - 2024,15-Sep 9am,17002,
Uttar Pradesh - 2024,15-Sep 10am,17692,
Uttar Pradesh - 2024,15-Sep 11am,18026,
Uttar Pradesh - 2024,15-Sep 12pm,18245,
Uttar Pradesh - 2024,15-Sep 1pm,18065,
Uttar Pradesh - 2024,15-Sep 2pm,18004,
Uttar Pradesh - 2024,15-Sep 3pm,17126,
Uttar Pradesh - 2024,15-Sep 4pm,15988,
Uttar Pradesh - 2024,15-Sep 5pm,14966,
Uttar Pradesh - 2024,15-Sep 6pm,16724,
Uttar Pradesh - 2024,15-Sep 7pm,22644,
Uttar Pradesh - 2024,15-Sep 8pm,23142,
Uttar Pradesh - 2024,15-Sep 9pm,23083,
Uttar Pradesh - 2024,15-Sep 10pm,23031,
Uttar Pradesh - 2024,15-Sep 11pm,22655,
Uttar Pradesh - 2024,16-Sep 12am,22000,
Uttar Pradesh - 2024,16-Sep 1am,21314,
Uttar Pradesh - 2024,16-Sep 2am,20705,
Uttar Pradesh - 2024,16-Sep 3am,20104,
Uttar Pradesh - 2024,16-Sep 4am,19686,
Uttar Pradesh - 2024,16-Sep 5am,17491,
Uttar Pradesh - 2024,16-Sep 6am,14931,
Uttar Pradesh - 2024,16-Sep 7am,13901,
Uttar Pradesh - 2024,16-Sep 8am,15492,
Uttar Pradesh - 2024,16-Sep 9am,18062,
Uttar Pradesh - 2024,16-Sep 10am,18930,
Uttar Pradesh - 2024,16-Sep 11am,18708,
Uttar Pradesh - 2024,16-Sep 12pm,18588,
Uttar Pradesh - 2024,16-Sep 1pm,18003,
Uttar Pradesh - 2024,16-Sep 2pm,16485,
Uttar Pradesh - 2024,16-Sep 3pm,15994,
Uttar Pradesh - 2024,16-Sep 4pm,15691,
Uttar Pradesh - 2024,16-Sep 5pm,16549,
Uttar Pradesh - 2024,16-Sep 6pm,19365,
Uttar Pradesh - 2024,16-Sep 7pm,24594,
Uttar Pradesh - 2024,16-Sep 8pm,24437,
Uttar Pradesh - 2024,16-Sep 9pm,24300,
Uttar Pradesh - 2024,16-Sep 10pm,24215,
Uttar Pradesh - 2024,16-Sep 11pm,23945,
Uttar Pradesh - 2024,17-Sep 12am,23190,
Uttar Pradesh - 2024,17-Sep 1am,22496,
Uttar Pradesh - 2024,17-Sep 2am,21744,
Uttar Pradesh - 2024,17-Sep 3am,20936,
Uttar Pradesh - 2024,17-Sep 4am,20347,
Uttar Pradesh - 2024,17-Sep 5am,18460,
Uttar Pradesh - 2024,17-Sep 6am,15970,
Uttar Pradesh - 2024,17-Sep 7am,13841,
Uttar Pradesh - 2024,17-Sep 8am,13999,
Uttar Pradesh - 2024,17-Sep 9am,15347,
Uttar Pradesh - 2024,17-Sep 10am,16411,
Uttar Pradesh - 2024,17-Sep 11am,16765,
Uttar Pradesh - 2024,17-Sep 12pm,16275,
Uttar Pradesh - 2024,17-Sep 1pm,16006,
Uttar Pradesh - 2024,17-Sep 2pm,15538,
Uttar Pradesh - 2024,17-Sep 3pm,14299,
Uttar Pradesh - 2024,17-Sep 4pm,13416,
Uttar Pradesh - 2024,17-Sep 5pm,12856,
Uttar Pradesh - 2024,17-Sep 6pm,15229,
Uttar Pradesh - 2024,17-Sep 7pm,19618,
Uttar Pradesh - 2024,17-Sep 8pm,19544,
Uttar Pradesh - 2024,17-Sep 9pm,19295,
Uttar Pradesh - 2024,17-Sep 10pm,19072,
Uttar Pradesh - 2024,17-Sep 11pm,18468,
Uttar Pradesh - 2024,18-Sep 12am,17786,
Uttar Pradesh - 2024,18-Sep 1am,17030,
Uttar Pradesh - 2024,18-Sep 2am,16373,
Uttar Pradesh - 2024,18-Sep 3am,15653,
Uttar Pradesh - 2024,18-Sep 4am,15321,
Uttar Pradesh - 2024,18-Sep 5am,14195,
Uttar Pradesh - 2024,18-Sep 6am,12920,
Uttar Pradesh - 2024,18-Sep 7am,11800,
Uttar Pradesh - 2024,18-Sep 8am,13103,
Uttar Pradesh - 2024,18-Sep 9am,13933,
Uttar Pradesh - 2024,18-Sep 10am,15243,
Uttar Pradesh - 2024,18-Sep 11am,15395,
Uttar Pradesh - 2024,18-Sep 12pm,15131,
Uttar Pradesh - 2024,18-Sep 1pm,14660,
Uttar Pradesh - 2024,18-Sep 2pm,14039,
Uttar Pradesh - 2024,18-Sep 3pm,13796,
Uttar Pradesh - 2024,18-Sep 4pm,13796,
Uttar Pradesh - 2024,18-Sep 5pm,14139,
Uttar Pradesh - 2024,18-Sep 6pm,17106,
Uttar Pradesh - 2024,18-Sep 7pm,20171,
Uttar Pradesh - 2024,18-Sep 8pm,19972,
Uttar Pradesh - 2024,18-Sep 9pm,19804,
Uttar Pradesh - 2024,18-Sep 10pm,19751,
Uttar Pradesh - 2024,18-Sep 11pm,19310,
Uttar Pradesh - 2024,19-Sep 12am,18572,
Uttar Pradesh - 2024,19-Sep 1am,18101,
Uttar Pradesh - 2024,19-Sep 2am,17426,
Uttar Pradesh - 2024,19-Sep 3am,16956,
Uttar Pradesh - 2024,19-Sep 4am,16668,
Uttar Pradesh - 2024,19-Sep 5am,15583,
Uttar Pradesh - 2024,19-Sep 6am,13857,
Uttar Pradesh - 2024,19-Sep 7am,12700,
Uttar Pradesh - 2024,19-Sep 8am,13379,
Uttar Pradesh - 2024,19-Sep 9am,14820,
Uttar Pradesh - 2024,19-Sep 10am,17168,
Uttar Pradesh - 2024,19-Sep 11am,17319,
Uttar Pradesh - 2024,19-Sep 12pm,17369,
Uttar Pradesh - 2024,19-Sep 1pm,16652,
Uttar Pradesh - 2024,19-Sep 2pm,16188,
Uttar Pradesh - 2024,19-Sep 3pm,15684,
Uttar Pradesh - 2024,19-Sep 4pm,15092,
Uttar Pradesh - 2024,19-Sep 5pm,16394,
Uttar Pradesh - 2024,19-Sep 6pm,19091,
Uttar Pradesh - 2024,19-Sep 7pm,23371,
Uttar Pradesh - 2024,19-Sep 8pm,23517,
Uttar Pradesh - 2024,19-Sep 9pm,23556,
Uttar Pradesh - 2024,19-Sep 10pm,23263,
Uttar Pradesh - 2024,19-Sep 11pm,22661,
Uttar Pradesh - 2024,20-Sep 12am,21877,
Uttar Pradesh - 2024,20-Sep 1am,21173,
Uttar Pradesh - 2024,20-Sep 2am,20459,
Uttar Pradesh - 2024,20-Sep 3am,19852,
Uttar Pradesh - 2024,20-Sep 4am,19431,
Uttar Pradesh - 2024,20-Sep 5am,18142,
Uttar Pradesh - 2024,20-Sep 6am,16430,
Uttar Pradesh - 2024,20-Sep 7am,14337,
Uttar Pradesh - 2024,20-Sep 8am,15116,
Uttar Pradesh - 2024,20-Sep 9am,16519,
Uttar Pradesh - 2024,20-Sep 10am,18545,
Uttar Pradesh - 2024,20-Sep 11am,19209,
Uttar Pradesh - 2024,20-Sep 12pm,18926,
Uttar Pradesh - 2024,20-Sep 1pm,18717,
Uttar Pradesh - 2024,20-Sep 2pm,17695,
Uttar Pradesh - 2024,20-Sep 3pm,17064,
Uttar Pradesh - 2024,20-Sep 4pm,16201,
Uttar Pradesh - 2024,20-Sep 5pm,16946,
Uttar Pradesh - 2024,20-Sep 6pm,19746,
Uttar Pradesh - 2024,20-Sep 7pm,24247,
Uttar Pradesh - 2024,20-Sep 8pm,24955,
Uttar Pradesh - 2024,20-Sep 9pm,24824,
Uttar Pradesh - 2024,20-Sep 10pm,24559,
Uttar Pradesh - 2024,20-Sep 11pm,24097,
Uttar Pradesh - 2024,21-Sep 12am,23356,
Uttar Pradesh - 2024,21-Sep 1am,22548,
Uttar Pradesh - 2024,21-Sep 2am,21732,
Uttar Pradesh - 2024,21-Sep 3am,21222,
Uttar Pradesh - 2024,21-Sep 4am,20761,
Uttar Pradesh - 2024,21-Sep 5am,19434,
Uttar Pradesh - 2024,21-Sep 6am,17170,
Uttar Pradesh - 2024,21-Sep 7am,15231,
Uttar Pradesh - 2024,21-Sep 8am,15698,
Uttar Pradesh - 2024,21-Sep 9am,17185,
Uttar Pradesh - 2024,21-Sep 10am,19735,
Uttar Pradesh - 2024,21-Sep 11am,20696,
Uttar Pradesh - 2024,21-Sep 12pm,20457,
Uttar Pradesh - 2024,21-Sep 1pm,19853,
Uttar Pradesh - 2024,21-Sep 2pm,18507,
Uttar Pradesh - 2024,21-Sep 3pm,17637,
Uttar Pradesh - 2024,21-Sep 4pm,17152,
Uttar Pradesh - 2024,21-Sep 5pm,18506,
Uttar Pradesh - 2024,21-Sep 6pm,21495,
Uttar Pradesh - 2024,21-Sep 7pm,25316,
Uttar Pradesh - 2024,21-Sep 8pm,25889,
Uttar Pradesh - 2024,21-Sep 9pm,26063,
Uttar Pradesh - 2024,21-Sep 10pm,26001,
Uttar Pradesh - 2024,21-Sep 11pm,25503,
Uttar Pradesh - 2024,22-Sep 12am,24954,
Uttar Pradesh - 2024,22-Sep 1am,24274,
Uttar Pradesh - 2024,22-Sep 2am,23539,
Uttar Pradesh - 2024,22-Sep 3am,22842,
Uttar Pradesh - 2024,22-Sep 4am,22453,
Uttar Pradesh - 2024,22-Sep 5am,20510,
Uttar Pradesh - 2024,22-Sep 6am,17811,
Uttar Pradesh - 2024,22-Sep 7am,15661,
Uttar Pradesh - 2024,22-Sep 8am,15699,
Uttar Pradesh - 2024,22-Sep 9am,17902,
Uttar Pradesh - 2024,22-Sep 10am,20037,
Uttar Pradesh - 2024,22-Sep 11am,21169,
Uttar Pradesh - 2024,22-Sep 12pm,20929,
Uttar Pradesh - 2024,22-Sep 1pm,19433,
Uttar Pradesh - 2024,22-Sep 2pm,19460,
Uttar Pradesh - 2024,22-Sep 3pm,18502,
Uttar Pradesh - 2024,22-Sep 4pm,16993,
Uttar Pradesh - 2024,22-Sep 5pm,17290,
Uttar Pradesh - 2024,22-Sep 6pm,21546,
Uttar Pradesh - 2024,22-Sep 7pm,26125,
Uttar Pradesh - 2024,22-Sep 8pm,26369,
Uttar Pradesh - 2024,22-Sep 9pm,26311,
Uttar Pradesh - 2024,22-Sep 10pm,26483,
Uttar Pradesh - 2024,22-Sep 11pm,26363,
Uttar Pradesh - 2024,23-Sep 12am,25617,
Uttar Pradesh - 2024,23-Sep 1am,24859,
Uttar Pradesh - 2024,23-Sep 2am,24262,
Uttar Pradesh - 2024,23-Sep 3am,23666,
Uttar Pradesh - 2024,23-Sep 4am,23178,
Uttar Pradesh - 2024,23-Sep 5am,21501,
Uttar Pradesh - 2024,23-Sep 6am,18710,
Uttar Pradesh - 2024,23-Sep 7am,16673,
Uttar Pradesh - 2024,23-Sep 8am,17718,
Uttar Pradesh - 2024,23-Sep 9am,20225,
Uttar Pradesh - 2024,23-Sep 10am,22271,
Uttar Pradesh - 2024,23-Sep 11am,23086,
Uttar Pradesh - 2024,23-Sep 12pm,22910,
Uttar Pradesh - 2024,23-Sep 1pm,22433,
Uttar Pradesh - 2024,23-Sep 2pm,22840,
Uttar Pradesh - 2024,23-Sep 3pm,21635,
Uttar Pradesh - 2024,23-Sep 4pm,21359,
Uttar Pradesh - 2024,23-Sep 5pm,20112,
Uttar Pradesh - 2024,23-Sep 6pm,22618,
Uttar Pradesh - 2024,23-Sep 7pm,25896,
Uttar Pradesh - 2024,23-Sep 8pm,26193,
Uttar Pradesh - 2024,23-Sep 9pm,26362,
Uttar Pradesh - 2024,23-Sep 10pm,26801,
Uttar Pradesh - 2024,23-Sep 11pm,26521,
Uttar Pradesh - 2024,24-Sep 12am,25975,
Uttar Pradesh - 2024,24-Sep 1am,26284,
Uttar Pradesh - 2024,24-Sep 2am,25583,
Uttar Pradesh - 2024,24-Sep 3am,24991,
Uttar Pradesh - 2024,24-Sep 4am,24697,
Uttar Pradesh - 2024,24-Sep 5am,22338,
Uttar Pradesh - 2024,24-Sep 6am,20397,
Uttar Pradesh - 2024,24-Sep 7am,18249,
Uttar Pradesh - 2024,24-Sep 8am,19168,
Uttar Pradesh - 2024,24-Sep 9am,21086,
Uttar Pradesh - 2024,24-Sep 10am,23761,
Uttar Pradesh - 2024,24-Sep 11am,24455,
Uttar Pradesh - 2024,24-Sep 12pm,24664,
Uttar Pradesh - 2024,24-Sep 1pm,25030,
Uttar Pradesh - 2024,24-Sep 2pm,24260,
Uttar Pradesh - 2024,24-Sep 3pm,22182,
Uttar Pradesh - 2024,24-Sep 4pm,20724,
Uttar Pradesh - 2024,24-Sep 5pm,20542,
Uttar Pradesh - 2024,24-Sep 6pm,23117,
Uttar Pradesh - 2024,24-Sep 7pm,26613,
Uttar Pradesh - 2024,24-Sep 8pm,27779,
Uttar Pradesh - 2024,24-Sep 9pm,28635,
Uttar Pradesh - 2024,24-Sep 10pm,28734,
Uttar Pradesh - 2024,24-Sep 11pm,28158,
Uttar Pradesh - 2024,25-Sep 12am,27462,
Uttar Pradesh - 2024,25-Sep 1am,26825,
Uttar Pradesh - 2024,25-Sep 2am,26149,
Uttar Pradesh - 2024,25-Sep 3am,25344,
Uttar Pradesh - 2024,25-Sep 4am,24835,
Uttar Pradesh - 2024,25-Sep 5am,22621,
Uttar Pradesh - 2024,25-Sep 6am,19396,
Uttar Pradesh - 2024,25-Sep 7am,17626,
Uttar Pradesh - 2024,25-Sep 8am,17885,
Uttar Pradesh - 2024,25-Sep 9am,20466,
Uttar Pradesh - 2024,25-Sep 10am,22642,
Uttar Pradesh - 2024,25-Sep 11am,23080,
Uttar Pradesh - 2024,25-Sep 12pm,22862,
Uttar Pradesh - 2024,25-Sep 1pm,22097,
Uttar Pradesh - 2024,25-Sep 2pm,20274,
Uttar Pradesh - 2024,25-Sep 3pm,18729,
Uttar Pradesh - 2024,25-Sep 4pm,17615,
Uttar Pradesh - 2024,25-Sep 5pm,18236,
Uttar Pradesh - 2024,25-Sep 6pm,22165,
Uttar Pradesh - 2024,25-Sep 7pm,25984,
Uttar Pradesh - 2024,25-Sep 8pm,25938,
Uttar Pradesh - 2024,25-Sep 9pm,26336,
Uttar Pradesh - 2024,25-Sep 10pm,26341,
Uttar Pradesh - 2024,25-Sep 11pm,26013,
Uttar Pradesh - 2024,26-Sep 12am,25009,
Uttar Pradesh - 2024,26-Sep 1am,24133,
Uttar Pradesh - 2024,26-Sep 2am,23295,
Uttar Pradesh - 2024,26-Sep 3am,22500,
Uttar Pradesh - 2024,26-Sep 4am,22215,
Uttar Pradesh - 2024,26-Sep 5am,20167,
Uttar Pradesh - 2024,26-Sep 6am,18089,
Uttar Pradesh - 2024,26-Sep 7am,16342,
Uttar Pradesh - 2024,26-Sep 8am,16796,
Uttar Pradesh - 2024,26-Sep 9am,17963,
Uttar Pradesh - 2024,26-Sep 10am,19907,
Uttar Pradesh - 2024,26-Sep 11am,19788,
Uttar Pradesh - 2024,26-Sep 12pm,20293,
Uttar Pradesh - 2024,26-Sep 1pm,19381,
Uttar Pradesh - 2024,26-Sep 2pm,18354,
Uttar Pradesh - 2024,26-Sep 3pm,17264,
Uttar Pradesh - 2024,26-Sep 4pm,16414,
Uttar Pradesh - 2024,26-Sep 5pm,17005,
Uttar Pradesh - 2024,26-Sep 6pm,19909,
Uttar Pradesh - 2024,26-Sep 7pm,23617,
Uttar Pradesh - 2024,26-Sep 8pm,23265,
Uttar Pradesh - 2024,26-Sep 9pm,23079,
Uttar Pradesh - 2024,26-Sep 10pm,22681,
Uttar Pradesh - 2024,26-Sep 11pm,21519,
Uttar Pradesh - 2024,27-Sep 12am,20355,
Uttar Pradesh - 2024,27-Sep 1am,19124,
Uttar Pradesh - 2024,27-Sep 2am,18075,
Uttar Pradesh - 2024,27-Sep 3am,17019,
Uttar Pradesh - 2024,27-Sep 4am,16583,
Uttar Pradesh - 2024,27-Sep 5am,15680,
Uttar Pradesh - 2024,27-Sep 6am,13661,
Uttar Pradesh - 2024,27-Sep 7am,12705,
Uttar Pradesh - 2024,27-Sep 8am,13471,
Uttar Pradesh - 2024,27-Sep 9am,15239,
Uttar Pradesh - 2024,27-Sep 10am,16986,
Uttar Pradesh - 2024,27-Sep 11am,16774,
Uttar Pradesh - 2024,27-Sep 12pm,17047,
Uttar Pradesh - 2024,27-Sep 1pm,16445,
Uttar Pradesh - 2024,27-Sep 2pm,15740,
Uttar Pradesh - 2024,27-Sep 3pm,15413,
Uttar Pradesh - 2024,27-Sep 4pm,14410,
Uttar Pradesh - 2024,27-Sep 5pm,14941,
Uttar Pradesh - 2024,27-Sep 6pm,17173,
Uttar Pradesh - 2024,27-Sep 7pm,20527,
Uttar Pradesh - 2024,27-Sep 8pm,19679,
Uttar Pradesh - 2024,27-Sep 9pm,19380,
Uttar Pradesh - 2024,27-Sep 10pm,18812,
Uttar Pradesh - 2024,27-Sep 11pm,18125,
Uttar Pradesh - 2024,28-Sep 12am,17150,
Uttar Pradesh - 2024,28-Sep 1am,16482,
Uttar Pradesh - 2024,28-Sep 2am,15851,
Uttar Pradesh - 2024,28-Sep 3am,15130,
Uttar Pradesh - 2024,28-Sep 4am,14852,
Uttar Pradesh - 2024,28-Sep 5am,14191,
Uttar Pradesh - 2024,28-Sep 6am,13411,
Uttar Pradesh - 2024,28-Sep 7am,12994,
Uttar Pradesh - 2024,28-Sep 8am,13532,
Uttar Pradesh - 2024,28-Sep 9am,15122,
Uttar Pradesh - 2024,28-Sep 10am,16529,
Uttar Pradesh - 2024,28-Sep 11am,16445,
Uttar Pradesh - 2024,28-Sep 12pm,16421,
Uttar Pradesh - 2024,28-Sep 1pm,15811,
Uttar Pradesh - 2024,28-Sep 2pm,15285,
Uttar Pradesh - 2024,28-Sep 3pm,14856,
Uttar Pradesh - 2024,28-Sep 4pm,13884,
Uttar Pradesh - 2024,28-Sep 5pm,14126,
Uttar Pradesh - 2024,28-Sep 6pm,16802,
Uttar Pradesh - 2024,28-Sep 7pm,20242,
Uttar Pradesh - 2024,28-Sep 8pm,19793,
Uttar Pradesh - 2024,28-Sep 9pm,19511,
Uttar Pradesh - 2024,28-Sep 10pm,18964,
Uttar Pradesh - 2024,28-Sep 11pm,18573,
Uttar Pradesh - 2024,29-Sep 12am,17769,
Uttar Pradesh - 2024,29-Sep 1am,17103,
Uttar Pradesh - 2024,29-Sep 2am,16429,
Uttar Pradesh - 2024,29-Sep 3am,15928,
Uttar Pradesh - 2024,29-Sep 4am,15552,
Uttar Pradesh - 2024,29-Sep 5am,14900,
Uttar Pradesh - 2024,29-Sep 6am,13735,
Uttar Pradesh - 2024,29-Sep 7am,12835,
Uttar Pradesh - 2024,29-Sep 8am,13242,
Uttar Pradesh - 2024,29-Sep 9am,14974,
Uttar Pradesh - 2024,29-Sep 10am,16657,
Uttar Pradesh - 2024,29-Sep 11am,16787,
Uttar Pradesh - 2024,29-Sep 12pm,16824,
Uttar Pradesh - 2024,29-Sep 1pm,16382,
Uttar Pradesh - 2024,29-Sep 2pm,15624,
Uttar Pradesh - 2024,29-Sep 3pm,14902,
Uttar Pradesh - 2024,29-Sep 4pm,14070,
Uttar Pradesh - 2024,29-Sep 5pm,14581,
Uttar Pradesh - 2024,29-Sep 6pm,17672,
Uttar Pradesh - 2024,29-Sep 7pm,21720,
Uttar Pradesh - 2024,29-Sep 8pm,21719,
Uttar Pradesh - 2024,29-Sep 9pm,21528,
Uttar Pradesh - 2024,29-Sep 10pm,21217,
Uttar Pradesh - 2024,29-Sep 11pm,20555,
Uttar Pradesh - 2024,30-Sep 12am,19982,
Uttar Pradesh - 2024,30-Sep 1am,19241,
Uttar Pradesh - 2024,30-Sep 2am,18634,
Uttar Pradesh - 2024,30-Sep 3am,17870,
Uttar Pradesh - 2024,30-Sep 4am,17502,
Uttar Pradesh - 2024,30-Sep 5am,16091,
Uttar Pradesh - 2024,30-Sep 6am,15090,
Uttar Pradesh - 2024,30-Sep 7am,14203,
Uttar Pradesh - 2024,30-Sep 8am,15244,
Uttar Pradesh - 2024,30-Sep 9am,17509,
Uttar Pradesh - 2024,30-Sep 10am,19365,
Uttar Pradesh - 2024,30-Sep 11am,19304,
Uttar Pradesh - 2024,30-Sep 12pm,19570,
Uttar Pradesh - 2024,30-Sep 1pm,19099,
Uttar Pradesh - 2024,30-Sep 2pm,18471,
Uttar Pradesh - 2024,30-Sep 3pm,18147,
Uttar Pradesh - 2024,30-Sep 4pm,16919,
Uttar Pradesh - 2024,30-Sep 5pm,16839,
Uttar Pradesh - 2024,30-Sep 6pm,20209,
Uttar Pradesh - 2024,30-Sep 7pm,24116,
Uttar Pradesh - 2024,30-Sep 8pm,23490,
Uttar Pradesh - 2024,30-Sep 9pm,23893,
Uttar Pradesh - 2024,30-Sep 10pm,23810,
Uttar Pradesh - 2024,30-Sep 11pm,23263,
Uttar Pradesh - 2024,01-Oct 12am,22541,
Uttar Pradesh - 2024,01-Oct 1am,21609,
Uttar Pradesh - 2024,01-Oct 2am,20867,
Uttar Pradesh - 2024,01-Oct 3am,20031,
Uttar Pradesh - 2024,01-Oct 4am,19756,
Uttar Pradesh - 2024,01-Oct 5am,18552,
Uttar Pradesh - 2024,01-Oct 6am,16578,
Uttar Pradesh - 2024,01-Oct 7am,15043,
Uttar Pradesh - 2024,01-Oct 8am,15479,
Uttar Pradesh - 2024,01-Oct 9am,18238,
Uttar Pradesh - 2024,01-Oct 10am,20232,
Uttar Pradesh - 2024,01-Oct 11am,20337,
Uttar Pradesh - 2024,01-Oct 12pm,19967,
Uttar Pradesh - 2024,01-Oct 1pm,19336,
Uttar Pradesh - 2024,01-Oct 2pm,19082,
Uttar Pradesh - 2024,01-Oct 3pm,18359,
Uttar Pradesh - 2024,01-Oct 4pm,18229,
Uttar Pradesh - 2024,01-Oct 5pm,17619,
Uttar Pradesh - 2024,01-Oct 6pm,21130,
Uttar Pradesh - 2024,01-Oct 7pm,23560,
Uttar Pradesh - 2024,01-Oct 8pm,24854,
Uttar Pradesh - 2024,01-Oct 9pm,24213,
Uttar Pradesh - 2024,01-Oct 10pm,24326,
Uttar Pradesh - 2024,01-Oct 11pm,24177,
Uttar Pradesh - 2024,02-Oct 12am,23720,
Uttar Pradesh - 2024,02-Oct 1am,22916,
Uttar Pradesh - 2024,02-Oct 2am,21973,
Uttar Pradesh - 2024,02-Oct 3am,21342,
Uttar Pradesh - 2024,02-Oct 4am,20840,
Uttar Pradesh - 2024,02-Oct 5am,19337,
Uttar Pradesh - 2024,02-Oct 6am,16982,
Uttar Pradesh - 2024,02-Oct 7am,15151,
Uttar Pradesh - 2024,02-Oct 8am,16608,
Uttar Pradesh - 2024,02-Oct 9am,18241,
Uttar Pradesh - 2024,02-Oct 10am,19638,
Uttar Pradesh - 2024,02-Oct 11am,19504,
Uttar Pradesh - 2024,02-Oct 12pm,19753,
Uttar Pradesh - 2024,02-Oct 1pm,18980,
Uttar Pradesh - 2024,02-Oct 2pm,18133,
Uttar Pradesh - 2024,02-Oct 3pm,17643,
Uttar Pradesh - 2024,02-Oct 4pm,16419,
Uttar Pradesh - 2024,02-Oct 5pm,16853,
Uttar Pradesh - 2024,02-Oct 6pm,20830,
Uttar Pradesh - 2024,02-Oct 7pm,25112,
Uttar Pradesh - 2024,02-Oct 8pm,25215,
Uttar Pradesh - 2024,02-Oct 9pm,25292,
Uttar Pradesh - 2024,02-Oct 10pm,25106,
Uttar Pradesh - 2024,02-Oct 11pm,24585,
Uttar Pradesh - 2024,03-Oct 12am,23752,
Uttar Pradesh - 2024,03-Oct 1am,22950,
Uttar Pradesh - 2024,03-Oct 2am,22043,
Uttar Pradesh - 2024,03-Oct 3am,21363,
Uttar Pradesh - 2024,03-Oct 4am,20747,
Uttar Pradesh - 2024,03-Oct 5am,20262,
Uttar Pradesh - 2024,03-Oct 6am,18538,
Uttar Pradesh - 2024,03-Oct 7am,16938,
Uttar Pradesh - 2024,03-Oct 8am,17036,
Uttar Pradesh - 2024,03-Oct 9am,17977,
Uttar Pradesh - 2024,03-Oct 10am,20676,
Uttar Pradesh - 2024,03-Oct 11am,21203,
Uttar Pradesh - 2024,03-Oct 12pm,21537,
Uttar Pradesh - 2024,03-Oct 1pm,21227,
Uttar Pradesh - 2024,03-Oct 2pm,21647,
Uttar Pradesh - 2024,03-Oct 3pm,20078,
Uttar Pradesh - 2024,03-Oct 4pm,19304,
Uttar Pradesh - 2024,03-Oct 5pm,18864,
Uttar Pradesh - 2024,03-Oct 6pm,21505,
Uttar Pradesh - 2024,03-Oct 7pm,25708,
Uttar Pradesh - 2024,03-Oct 8pm,26448,
Uttar Pradesh - 2024,03-Oct 9pm,26400,
Uttar Pradesh - 2024,03-Oct 10pm,26389,
Uttar Pradesh - 2024,03-Oct 11pm,25658,
Uttar Pradesh - 2024,04-Oct 12am,24856,
Uttar Pradesh - 2024,04-Oct 1am,23963,
Uttar Pradesh - 2024,04-Oct 2am,23051,
Uttar Pradesh - 2024,04-Oct 3am,22338,
Uttar Pradesh - 2024,04-Oct 4am,21827,
Uttar Pradesh - 2024,04-Oct 5am,20324,
Uttar Pradesh - 2024,04-Oct 6am,17867,
Uttar Pradesh - 2024,04-Oct 7am,15930,
Uttar Pradesh - 2024,04-Oct 8am,17112,
Uttar Pradesh - 2024,04-Oct 9am,19679,
Uttar Pradesh - 2024,04-Oct 10am,22059,
Uttar Pradesh - 2024,04-Oct 11am,22196,
Uttar Pradesh - 2024,04-Oct 12pm,22579,
Uttar Pradesh - 2024,04-Oct 1pm,21675,
Uttar Pradesh - 2024,04-Oct 2pm,21684,
Uttar Pradesh - 2024,04-Oct 3pm,20150,
Uttar Pradesh - 2024,04-Oct 4pm,18829,
Uttar Pradesh - 2024,04-Oct 5pm,18940,
Uttar Pradesh - 2024,04-Oct 6pm,23152,
Uttar Pradesh - 2024,04-Oct 7pm,26600,
Uttar Pradesh - 2024,04-Oct 8pm,26320,
Uttar Pradesh - 2024,04-Oct 9pm,26338,
Uttar Pradesh - 2024,04-Oct 10pm,26226,
Uttar Pradesh - 2024,04-Oct 11pm,25690,
Uttar Pradesh - 2024,05-Oct 12am,24955,
Uttar Pradesh - 2024,05-Oct 1am,24179,
Uttar Pradesh - 2024,05-Oct 2am,23389,
Uttar Pradesh - 2024,05-Oct 3am,22596,
Uttar Pradesh - 2024,05-Oct 4am,22089,
Uttar Pradesh - 2024,05-Oct 5am,20537,
Uttar Pradesh - 2024,05-Oct 6am,18010,
Uttar Pradesh - 2024,05-Oct 7am,16186,
Uttar Pradesh - 2024,05-Oct 8am,17037,
Uttar Pradesh - 2024,05-Oct 9am,20506,
Uttar Pradesh - 2024,05-Oct 10am,22225,
Uttar Pradesh - 2024,05-Oct 11am,22417,
Uttar Pradesh - 2024,05-Oct 12pm,22054,
Uttar Pradesh - 2024,05-Oct 1pm,22181,
Uttar Pradesh - 2024,05-Oct 2pm,21373,
Uttar Pradesh - 2024,05-Oct 3pm,20647,
Uttar Pradesh - 2024,05-Oct 4pm,19067,
Uttar Pradesh - 2024,05-Oct 5pm,18618,
Uttar Pradesh - 2024,05-Oct 6pm,21360,
Uttar Pradesh - 2024,05-Oct 7pm,25087,
Uttar Pradesh - 2024,05-Oct 8pm,25686,
Uttar Pradesh - 2024,05-Oct 9pm,25870,
Uttar Pradesh - 2024,05-Oct 10pm,25887,
Uttar Pradesh - 2024,05-Oct 11pm,25386,
Uttar Pradesh - 2024,06-Oct 12am,24625,
Uttar Pradesh - 2024,06-Oct 1am,23659,
Uttar Pradesh - 2024,06-Oct 2am,22713,
Uttar Pradesh - 2024,06-Oct 3am,21950,
Uttar Pradesh - 2024,06-Oct 4am,21384,
Uttar Pradesh - 2024,06-Oct 5am,20037,
Uttar Pradesh - 2024,06-Oct 6am,17434,
Uttar Pradesh - 2024,06-Oct 7am,14894,
Uttar Pradesh - 2024,06-Oct 8am,16385,
Uttar Pradesh - 2024,06-Oct 9am,18545,
Uttar Pradesh - 2024,06-Oct 10am,20300,
Uttar Pradesh - 2024,06-Oct 11am,20276,
Uttar Pradesh - 2024,06-Oct 12pm,20325,
Uttar Pradesh - 2024,06-Oct 1pm,20447,
Uttar Pradesh - 2024,06-Oct 2pm,18507,
Uttar Pradesh - 2024,06-Oct 3pm,17165,
Uttar Pradesh - 2024,06-Oct 4pm,16301,
Uttar Pradesh - 2024,06-Oct 5pm,16573,
Uttar Pradesh - 2024,06-Oct 6pm,21632,
Uttar Pradesh - 2024,06-Oct 7pm,24875,
Uttar Pradesh - 2024,06-Oct 8pm,24891,
Uttar Pradesh - 2024,06-Oct 9pm,25096,
Uttar Pradesh - 2024,06-Oct 10pm,24821,
Uttar Pradesh - 2024,06-Oct 11pm,24411,
Uttar Pradesh - 2024,07-Oct 12am,23713,
Uttar Pradesh - 2024,07-Oct 1am,22973,
Uttar Pradesh - 2024,07-Oct 2am,22050,
Uttar Pradesh - 2024,07-Oct 3am,21480,
Uttar Pradesh - 2024,07-Oct 4am,21088,
Uttar Pradesh - 2024,07-Oct 5am,19917,
Uttar Pradesh - 2024,07-Oct 6am,17613,
Uttar Pradesh - 2024,07-Oct 7am,15535,
Uttar Pradesh - 2024,07-Oct 8am,16673,
Uttar Pradesh - 2024,07-Oct 9am,21128,
Uttar Pradesh - 2024,07-Oct 10am,21680,
Uttar Pradesh - 2024,07-Oct 11am,21380,
Uttar Pradesh - 2024,07-Oct 12pm,20885,
Uttar Pradesh - 2024,07-Oct 1pm,21046,
Uttar Pradesh - 2024,07-Oct 2pm,20608,
Uttar Pradesh - 2024,07-Oct 3pm,18977,
Uttar Pradesh - 2024,07-Oct 4pm,17883,
Uttar Pradesh - 2024,07-Oct 5pm,18362,
Uttar Pradesh - 2024,07-Oct 6pm,22176,
Uttar Pradesh - 2024,07-Oct 7pm,24897,
Uttar Pradesh - 2024,07-Oct 8pm,25487,
Uttar Pradesh - 2024,07-Oct 9pm,25279,
Uttar Pradesh - 2024,07-Oct 10pm,25143,
Uttar Pradesh - 2024,07-Oct 11pm,24787,
Uttar Pradesh - 2024,08-Oct 12am,23921,
Uttar Pradesh - 2024,08-Oct 1am,23170,
Uttar Pradesh - 2024,08-Oct 2am,22259,
Uttar Pradesh - 2024,08-Oct 3am,21775,
Uttar Pradesh - 2024,08-Oct 4am,21293,
Uttar Pradesh - 2024,08-Oct 5am,19809,
Uttar Pradesh - 2024,08-Oct 6am,17216,
Uttar Pradesh - 2024,08-Oct 7am,16008,
Uttar Pradesh - 2024,08-Oct 8am,17538,
Uttar Pradesh - 2024,08-Oct 9am,19894,
Uttar Pradesh - 2024,08-Oct 10am,21730,
Uttar Pradesh - 2024,08-Oct 11am,21407,
Uttar Pradesh - 2024,08-Oct 12pm,21699,
Uttar Pradesh - 2024,08-Oct 1pm,21383,
Uttar Pradesh - 2024,08-Oct 2pm,20977,
Uttar Pradesh - 2024,08-Oct 3pm,19660,
Uttar Pradesh - 2024,08-Oct 4pm,18313,
Uttar Pradesh - 2024,08-Oct 5pm,18226,
Uttar Pradesh - 2024,08-Oct 6pm,21744,
Uttar Pradesh - 2024,08-Oct 7pm,25181,
Uttar Pradesh - 2024,08-Oct 8pm,25837,
Uttar Pradesh - 2024,08-Oct 9pm,25724,
Uttar Pradesh - 2024,08-Oct 10pm,25593,
Uttar Pradesh - 2024,08-Oct 11pm,25005,
Uttar Pradesh - 2024,09-Oct 12am,24184,
Uttar Pradesh - 2024,09-Oct 1am,23356,
Uttar Pradesh - 2024,09-Oct 2am,22325,
Uttar Pradesh - 2024,09-Oct 3am,21847,
Uttar Pradesh - 2024,09-Oct 4am,21424,
Uttar Pradesh - 2024,09-Oct 5am,19765,
Uttar Pradesh - 2024,09-Oct 6am,17566,
Uttar Pradesh - 2024,09-Oct 7am,16150,
Uttar Pradesh - 2024,09-Oct 8am,17032,
Uttar Pradesh - 2024,09-Oct 9am,20020,
Uttar Pradesh - 2024,09-Oct 10am,21816,
Uttar Pradesh - 2024,09-Oct 11am,22153,
Uttar Pradesh - 2024,09-Oct 12pm,21525,
Uttar Pradesh - 2024,09-Oct 1pm,20999,
Uttar Pradesh - 2024,09-Oct 2pm,19723,
Uttar Pradesh - 2024,09-Oct 3pm,18851,
Uttar Pradesh - 2024,09-Oct 4pm,17551,
Uttar Pradesh - 2024,09-Oct 5pm,18685,
Uttar Pradesh - 2024,09-Oct 6pm,21852,
Uttar Pradesh - 2024,09-Oct 7pm,25458,
Uttar Pradesh - 2024,09-Oct 8pm,25457,
Uttar Pradesh - 2024,09-Oct 9pm,25222,
Uttar Pradesh - 2024,09-Oct 10pm,25029,
Uttar Pradesh - 2024,09-Oct 11pm,24492,
Uttar Pradesh - 2024,10-Oct 12am,23701,
Uttar Pradesh - 2024,10-Oct 1am,22936,
Uttar Pradesh - 2024,10-Oct 2am,21973,
Uttar Pradesh - 2024,10-Oct 3am,21314,
Uttar Pradesh - 2024,10-Oct 4am,20933,
Uttar Pradesh - 2024,10-Oct 5am,19620,
Uttar Pradesh - 2024,10-Oct 6am,16919,
Uttar Pradesh - 2024,10-Oct 7am,15517,
Uttar Pradesh - 2024,10-Oct 8am,17022,
Uttar Pradesh - 2024,10-Oct 9am,19422,
Uttar Pradesh - 2024,10-Oct 10am,21605,
Uttar Pradesh - 2024,10-Oct 11am,20882,
Uttar Pradesh - 2024,10-Oct 12pm,21315,
Uttar Pradesh - 2024,10-Oct 1pm,20415,
Uttar Pradesh - 2024,10-Oct 2pm,19477,
Uttar Pradesh - 2024,10-Oct 3pm,18167,
Uttar Pradesh - 2024,10-Oct 4pm,17159,
Uttar Pradesh - 2024,10-Oct 5pm,17778,
Uttar Pradesh - 2024,10-Oct 6pm,21397,
Uttar Pradesh - 2024,10-Oct 7pm,25063,
Uttar Pradesh - 2024,10-Oct 8pm,24355,
Uttar Pradesh - 2024,10-Oct 9pm,24046,
Uttar Pradesh - 2024,10-Oct 10pm,23916,
Uttar Pradesh - 2024,10-Oct 11pm,23345,
Uttar Pradesh - 2024,11-Oct 12am,22589,
Uttar Pradesh - 2024,11-Oct 1am,21814,
Uttar Pradesh - 2024,11-Oct 2am,21031,
Uttar Pradesh - 2024,11-Oct 3am,20245,
Uttar Pradesh - 2024,11-Oct 4am,20053,
Uttar Pradesh - 2024,11-Oct 5am,18640,
Uttar Pradesh - 2024,11-Oct 6am,16402,
Uttar Pradesh - 2024,11-Oct 7am,15169,
Uttar Pradesh - 2024,11-Oct 8am,15929,
Uttar Pradesh - 2024,11-Oct 9am,18448,
Uttar Pradesh - 2024,11-Oct 10am,20503,
Uttar Pradesh - 2024,11-Oct 11am,20415,
Uttar Pradesh - 2024,11-Oct 12pm,20194,
Uttar Pradesh - 2024,11-Oct 1pm,19546,
Uttar Pradesh - 2024,11-Oct 2pm,18208,
Uttar Pradesh - 2024,11-Oct 3pm,16958,
Uttar Pradesh - 2024,11-Oct 4pm,16366,
Uttar Pradesh - 2024,11-Oct 5pm,17928,
Uttar Pradesh - 2024,11-Oct 6pm,23320,
Uttar Pradesh - 2024,11-Oct 7pm,23704,
Uttar Pradesh - 2024,11-Oct 8pm,22934,
Uttar Pradesh - 2024,11-Oct 9pm,22612,
Uttar Pradesh - 2024,11-Oct 10pm,22282,
Uttar Pradesh - 2024,11-Oct 11pm,21957,
Uttar Pradesh - 2024,12-Oct 12am,21485,
Uttar Pradesh - 2024,12-Oct 1am,20859,
Uttar Pradesh - 2024,12-Oct 2am,20078,
Uttar Pradesh - 2024,12-Oct 3am,19417,
Uttar Pradesh - 2024,12-Oct 4am,19073,
Uttar Pradesh - 2024,12-Oct 5am,19026,
Uttar Pradesh - 2024,12-Oct 6am,17391,
Uttar Pradesh - 2024,12-Oct 7am,16985,
Uttar Pradesh - 2024,12-Oct 8am,17391,
Uttar Pradesh - 2024,12-Oct 9am,18818,
Uttar Pradesh - 2024,12-Oct 10am,19569,
Uttar Pradesh - 2024,12-Oct 11am,19590,
Uttar Pradesh - 2024,12-Oct 12pm,19508,
Uttar Pradesh - 2024,12-Oct 1pm,18928,
Uttar Pradesh - 2024,12-Oct 2pm,18563,
Uttar Pradesh - 2024,12-Oct 3pm,17708,
Uttar Pradesh - 2024,12-Oct 4pm,16424,
Uttar Pradesh - 2024,12-Oct 5pm,16237,
Uttar Pradesh - 2024,12-Oct 6pm,19980,
Uttar Pradesh - 2024,12-Oct 7pm,20475,
Uttar Pradesh - 2024,12-Oct 8pm,20283,
Uttar Pradesh - 2024,12-Oct 9pm,20324,
Uttar Pradesh - 2024,12-Oct 10pm,20389,
Uttar Pradesh - 2024,12-Oct 11pm,20050,
Uttar Pradesh - 2024,13-Oct 12am,19706,
Uttar Pradesh - 2024,13-Oct 1am,19051,
Uttar Pradesh - 2024,13-Oct 2am,18334,
Uttar Pradesh - 2024,13-Oct 3am,17764,
Uttar Pradesh - 2024,13-Oct 4am,17357,
Uttar Pradesh - 2024,13-Oct 5am,16334,
Uttar Pradesh - 2024,13-Oct 6am,14921,
Uttar Pradesh - 2024,13-Oct 7am,13283,
Uttar Pradesh - 2024,13-Oct 8am,14507,
Uttar Pradesh - 2024,13-Oct 9am,16386,
Uttar Pradesh - 2024,13-Oct 10am,18411,
Uttar Pradesh - 2024,13-Oct 11am,18710,
Uttar Pradesh - 2024,13-Oct 12pm,18565,
Uttar Pradesh - 2024,13-Oct 1pm,17470,
Uttar Pradesh - 2024,13-Oct 2pm,16175,
Uttar Pradesh - 2024,13-Oct 3pm,14985,
Uttar Pradesh - 2024,13-Oct 4pm,14378,
Uttar Pradesh - 2024,13-Oct 5pm,15770,
Uttar Pradesh - 2024,13-Oct 6pm,21703,
Uttar Pradesh - 2024,13-Oct 7pm,21876,
Uttar Pradesh - 2024,13-Oct 8pm,21313,
Uttar Pradesh - 2024,13-Oct 9pm,21112,
Uttar Pradesh - 2024,13-Oct 10pm,20924,
Uttar Pradesh - 2024,13-Oct 11pm,20507,
Uttar Pradesh - 2024,14-Oct 12am,19885,
Uttar Pradesh - 2024,14-Oct 1am,19267,
Uttar Pradesh - 2024,14-Oct 2am,18672,
Uttar Pradesh - 2024,14-Oct 3am,18152,
Uttar Pradesh - 2024,14-Oct 4am,17914,
Uttar Pradesh - 2024,14-Oct 5am,16879,
Uttar Pradesh - 2024,14-Oct 6am,15169,
Uttar Pradesh - 2024,14-Oct 7am,13842,
Uttar Pradesh - 2024,14-Oct 8am,16078,
Uttar Pradesh - 2024,14-Oct 9am,18610,
Uttar Pradesh - 2024,14-Oct 10am,19889,
Uttar Pradesh - 2024,14-Oct 11am,19602,
Uttar Pradesh - 2024,14-Oct 12pm,19195,
Uttar Pradesh - 2024,14-Oct 1pm,18123,
Uttar Pradesh - 2024,14-Oct 2pm,17181,
Uttar Pradesh - 2024,14-Oct 3pm,16062,
Uttar Pradesh - 2024,14-Oct 4pm,15082,
Uttar Pradesh - 2024,14-Oct 5pm,16003,
Uttar Pradesh - 2024,14-Oct 6pm,22420,
Uttar Pradesh - 2024,14-Oct 7pm,22628,
Uttar Pradesh - 2024,14-Oct 8pm,21968,
Uttar Pradesh - 2024,14-Oct 9pm,21316,
Uttar Pradesh - 2024,14-Oct 10pm,20856,
Uttar Pradesh - 2024,14-Oct 11pm,20455,
Uttar Pradesh - 2024,15-Oct 12am,19776,
Uttar Pradesh - 2024,15-Oct 1am,19190,
Uttar Pradesh - 2024,15-Oct 2am,18564,
Uttar Pradesh - 2024,15-Oct 3am,17852,
Uttar Pradesh - 2024,15-Oct 4am,17449,
Uttar Pradesh - 2024,15-Oct 5am,16202,
Uttar Pradesh - 2024,15-Oct 6am,13959,
Uttar Pradesh - 2024,15-Oct 7am,13167,
Uttar Pradesh - 2024,15-Oct 8am,15512,
Uttar Pradesh - 2024,15-Oct 9am,17601,
Uttar Pradesh - 2024,15-Oct 10am,19371,
Uttar Pradesh - 2024,15-Oct 11am,19307,
Uttar Pradesh - 2024,15-Oct 12pm,18554,
Uttar Pradesh - 2024,15-Oct 1pm,17399,
Uttar Pradesh - 2024,15-Oct 2pm,16545,
Uttar Pradesh - 2024,15-Oct 3pm,15771,
Uttar Pradesh - 2024,15-Oct 4pm,15681,
Uttar Pradesh - 2024,15-Oct 5pm,17888,
Uttar Pradesh - 2024,15-Oct 6pm,22504,
Uttar Pradesh - 2024,15-Oct 7pm,22880,
Uttar Pradesh - 2024,15-Oct 8pm,22116,
Uttar Pradesh - 2024,15-Oct 9pm,21509,
Uttar Pradesh - 2024,15-Oct 10pm,20890,
Uttar Pradesh - 2024,15-Oct 11pm,20347,
Uttar Pradesh - 2024,16-Oct 12am,19698,
Uttar Pradesh - 2024,16-Oct 1am,18928,
Uttar Pradesh - 2024,16-Oct 2am,18402,
Uttar Pradesh - 2024,16-Oct 3am,17632,
Uttar Pradesh - 2024,16-Oct 4am,17414,
Uttar Pradesh - 2024,16-Oct 5am,16293,
Uttar Pradesh - 2024,16-Oct 6am,13819,
Uttar Pradesh - 2024,16-Oct 7am,13296,
Uttar Pradesh - 2024,16-Oct 8am,15833,
Uttar Pradesh - 2024,16-Oct 9am,17756,
Uttar Pradesh - 2024,16-Oct 10am,19547,
Uttar Pradesh - 2024,16-Oct 11am,19212,
Uttar Pradesh - 2024,16-Oct 12pm,18805,
Uttar Pradesh - 2024,16-Oct 1pm,17364,
Uttar Pradesh - 2024,16-Oct 2pm,16828,
Uttar Pradesh - 2024,16-Oct 3pm,15606,
Uttar Pradesh - 2024,16-Oct 4pm,15345,
Uttar Pradesh - 2024,16-Oct 5pm,17393,
Uttar Pradesh - 2024,16-Oct 6pm,22556,
Uttar Pradesh - 2024,16-Oct 7pm,22609,
Uttar Pradesh - 2024,16-Oct 8pm,21778,
Uttar Pradesh - 2024,16-Oct 9pm,21219,
Uttar Pradesh - 2024,16-Oct 10pm,20748,
Uttar Pradesh - 2024,16-Oct 11pm,20222,
Uttar Pradesh - 2024,17-Oct 12am,19529,
Uttar Pradesh - 2024,17-Oct 1am,18841,
Uttar Pradesh - 2024,17-Oct 2am,18148,
Uttar Pradesh - 2024,17-Oct 3am,17731,
Uttar Pradesh - 2024,17-Oct 4am,17469,
Uttar Pradesh - 2024,17-Oct 5am,16330,
Uttar Pradesh - 2024,17-Oct 6am,13721,
Uttar Pradesh - 2024,17-Oct 7am,12868,
Uttar Pradesh - 2024,17-Oct 8am,15601,
Uttar Pradesh - 2024,17-Oct 9am,17895,
Uttar Pradesh - 2024,17-Oct 10am,19579,
Uttar Pradesh - 2024,17-Oct 11am,19152,
Uttar Pradesh - 2024,17-Oct 12pm,18518,
Uttar Pradesh - 2024,17-Oct 1pm,17573,
Uttar Pradesh - 2024,17-Oct 2pm,16958,
Uttar Pradesh - 2024,17-Oct 3pm,16359,
Uttar Pradesh - 2024,17-Oct 4pm,15945,
Uttar Pradesh - 2024,17-Oct 5pm,17341,
Uttar Pradesh - 2024,17-Oct 6pm,22790,
Uttar Pradesh - 2024,17-Oct 7pm,22937,
Uttar Pradesh - 2024,17-Oct 8pm,21885,
Uttar Pradesh - 2024,17-Oct 9pm,21550,
Uttar Pradesh - 2024,17-Oct 10pm,20993,
Uttar Pradesh - 2024,17-Oct 11pm,20537,
Uttar Pradesh - 2024,18-Oct 12am,19856,
Uttar Pradesh - 2024,18-Oct 1am,19121,
Uttar Pradesh - 2024,18-Oct 2am,18515,
Uttar Pradesh - 2024,18-Oct 3am,17979,
Uttar Pradesh - 2024,18-Oct 4am,17924,
Uttar Pradesh - 2024,18-Oct 5am,16785,
Uttar Pradesh - 2024,18-Oct 6am,14103,
Uttar Pradesh - 2024,18-Oct 7am,13401,
Uttar Pradesh - 2024,18-Oct 8am,15241,
Uttar Pradesh - 2024,18-Oct 9am,17932,
Uttar Pradesh - 2024,18-Oct 10am,19892,
Uttar Pradesh - 2024,18-Oct 11am,19237,
Uttar Pradesh - 2024,18-Oct 12pm,18620,
Uttar Pradesh - 2024,18-Oct 1pm,17897,
Uttar Pradesh - 2024,18-Oct 2pm,17311,
Uttar Pradesh - 2024,18-Oct 3pm,16428,
Uttar Pradesh - 2024,18-Oct 4pm,15458,
Uttar Pradesh - 2024,18-Oct 5pm,17171,
Uttar Pradesh - 2024,18-Oct 6pm,22593,
Uttar Pradesh - 2024,18-Oct 7pm,23120,
Uttar Pradesh - 2024,18-Oct 8pm,22240,
Uttar Pradesh - 2024,18-Oct 9pm,21706,
Uttar Pradesh - 2024,18-Oct 10pm,21029,
Uttar Pradesh - 2024,18-Oct 11pm,20350,
Uttar Pradesh - 2024,19-Oct 12am,19672,
Uttar Pradesh - 2024,19-Oct 1am,18980,
Uttar Pradesh - 2024,19-Oct 2am,18426,
Uttar Pradesh - 2024,19-Oct 3am,17776,
Uttar Pradesh - 2024,19-Oct 4am,17656,
Uttar Pradesh - 2024,19-Oct 5am,16085,
Uttar Pradesh - 2024,19-Oct 6am,13922,
Uttar Pradesh - 2024,19-Oct 7am,13444,
Uttar Pradesh - 2024,19-Oct 8am,16028,
Uttar Pradesh - 2024,19-Oct 9am,17859,
Uttar Pradesh - 2024,19-Oct 10am,19158,
Uttar Pradesh - 2024,19-Oct 11am,18611,
Uttar Pradesh - 2024,19-Oct 12pm,18325,
Uttar Pradesh - 2024,19-Oct 1pm,17331,
Uttar Pradesh - 2024,19-Oct 2pm,17421,
Uttar Pradesh - 2024,19-Oct 3pm,16714,
Uttar Pradesh - 2024,19-Oct 4pm,15671,
Uttar Pradesh - 2024,19-Oct 5pm,18006,
Uttar Pradesh - 2024,19-Oct 6pm,22037,
Uttar Pradesh - 2024,19-Oct 7pm,23125,
Uttar Pradesh - 2024,19-Oct 8pm,22583,
Uttar Pradesh - 2024,19-Oct 9pm,21815,
Uttar Pradesh - 2024,19-Oct 10pm,21382,
Uttar Pradesh - 2024,19-Oct 11pm,20925,
Uttar Pradesh - 2024,20-Oct 12am,20221,
Uttar Pradesh - 2024,20-Oct 1am,19470,
Uttar Pradesh - 2024,20-Oct 2am,18678,
Uttar Pradesh - 2024,20-Oct 3am,18145,
Uttar Pradesh - 2024,20-Oct 4am,17883,
Uttar Pradesh - 2024,20-Oct 5am,16176,
Uttar Pradesh - 2024,20-Oct 6am,13882,
Uttar Pradesh - 2024,20-Oct 7am,12747,
Uttar Pradesh - 2024,20-Oct 8am,15434,
Uttar Pradesh - 2024,20-Oct 9am,16943,
Uttar Pradesh - 2024,20-Oct 10am,18744,
Uttar Pradesh - 2024,20-Oct 11am,18318,
Uttar Pradesh - 2024,20-Oct 12pm,18165,
Uttar Pradesh - 2024,20-Oct 1pm,17876,
Uttar Pradesh - 2024,20-Oct 2pm,17308,
Uttar Pradesh - 2024,20-Oct 3pm,16448,
Uttar Pradesh - 2024,20-Oct 4pm,14670,
Uttar Pradesh - 2024,20-Oct 5pm,17855,
Uttar Pradesh - 2024,20-Oct 6pm,22056,
Uttar Pradesh - 2024,20-Oct 7pm,22438,
Uttar Pradesh - 2024,20-Oct 8pm,21043,
Uttar Pradesh - 2024,20-Oct 9pm,20683,
Uttar Pradesh - 2024,20-Oct 10pm,21005,
Uttar Pradesh - 2024,20-Oct 11pm,20315,
Uttar Pradesh - 2024,21-Oct 12am,19607,
Uttar Pradesh - 2024,21-Oct 1am,19004,
Uttar Pradesh - 2024,21-Oct 2am,18251,
Uttar Pradesh - 2024,21-Oct 3am,17797,
Uttar Pradesh - 2024,21-Oct 4am,17741,
Uttar Pradesh - 2024,21-Oct 5am,16097,
Uttar Pradesh - 2024,21-Oct 6am,13719,
Uttar Pradesh - 2024,21-Oct 7am,13239,
Uttar Pradesh - 2024,21-Oct 8am,16297,
Uttar Pradesh - 2024,21-Oct 9am,18090,
Uttar Pradesh - 2024,21-Oct 10am,19353,
Uttar Pradesh - 2024,21-Oct 11am,18920,
Uttar Pradesh - 2024,21-Oct 12pm,18499,
Uttar Pradesh - 2024,21-Oct 1pm,18121,
Uttar Pradesh - 2024,21-Oct 2pm,17683,
Uttar Pradesh - 2024,21-Oct 3pm,16953,
Uttar Pradesh - 2024,21-Oct 4pm,15679,
Uttar Pradesh - 2024,21-Oct 5pm,17581,
Uttar Pradesh - 2024,21-Oct 6pm,22342,
Uttar Pradesh - 2024,21-Oct 7pm,23208,
Uttar Pradesh - 2024,21-Oct 8pm,22313,
Uttar Pradesh - 2024,21-Oct 9pm,21851,
Uttar Pradesh - 2024,21-Oct 10pm,21200,
Uttar Pradesh - 2024,21-Oct 11pm,20517,
Uttar Pradesh - 2024,22-Oct 12am,19829,
Uttar Pradesh - 2024,22-Oct 1am,19079,
Uttar Pradesh - 2024,22-Oct 2am,18490,
Uttar Pradesh - 2024,22-Oct 3am,17979,
Uttar Pradesh - 2024,22-Oct 4am,17863,
Uttar Pradesh - 2024,22-Oct 5am,16184,
Uttar Pradesh - 2024,22-Oct 6am,13763,
Uttar Pradesh - 2024,22-Oct 7am,13355,
Uttar Pradesh - 2024,22-Oct 8am,16391,
Uttar Pradesh - 2024,22-Oct 9am,17841,
Uttar Pradesh - 2024,22-Oct 10am,19194,
Uttar Pradesh - 2024,22-Oct 11am,18554,
Uttar Pradesh - 2024,22-Oct 12pm,18541,
Uttar Pradesh - 2024,22-Oct 1pm,17843,
Uttar Pradesh - 2024,22-Oct 2pm,17276,
Uttar Pradesh - 2024,22-Oct 3pm,16261,
Uttar Pradesh - 2024,22-Oct 4pm,15295,
Uttar Pradesh - 2024,22-Oct 5pm,17626,
Uttar Pradesh - 2024,22-Oct 6pm,22726,
Uttar Pradesh - 2024,22-Oct 7pm,23043,
Uttar Pradesh - 2024,22-Oct 8pm,22071,
Uttar Pradesh - 2024,22-Oct 9pm,21585,
Uttar Pradesh - 2024,22-Oct 10pm,20903,
Uttar Pradesh - 2024,22-Oct 11pm,20360,
Uttar Pradesh - 2024,23-Oct 12am,19682,
Uttar Pradesh - 2024,23-Oct 1am,18986,
Uttar Pradesh - 2024,23-Oct 2am,18430,
Uttar Pradesh - 2024,23-Oct 3am,17775,
Uttar Pradesh - 2024,23-Oct 4am,17706,
Uttar Pradesh - 2024,23-Oct 5am,16770,
Uttar Pradesh - 2024,23-Oct 6am,13764,
Uttar Pradesh - 2024,23-Oct 7am,13318,
Uttar Pradesh - 2024,23-Oct 8am,15629,
Uttar Pradesh - 2024,23-Oct 9am,18168,
Uttar Pradesh - 2024,23-Oct 10am,19405,
Uttar Pradesh - 2024,23-Oct 11am,18978,
Uttar Pradesh - 2024,23-Oct 12pm,18266,
Uttar Pradesh - 2024,23-Oct 1pm,17495,
Uttar Pradesh - 2024,23-Oct 2pm,16976,
Uttar Pradesh - 2024,23-Oct 3pm,16454,
Uttar Pradesh - 2024,23-Oct 4pm,14972,
Uttar Pradesh - 2024,23-Oct 5pm,17436,
Uttar Pradesh - 2024,23-Oct 6pm,22803,
Uttar Pradesh - 2024,23-Oct 7pm,22728,
Uttar Pradesh - 2024,23-Oct 8pm,21821,
Uttar Pradesh - 2024,23-Oct 9pm,21351,
Uttar Pradesh - 2024,23-Oct 10pm,20647,
Uttar Pradesh - 2024,23-Oct 11pm,20111,
Uttar Pradesh - 2024,24-Oct 12am,19469,
Uttar Pradesh - 2024,24-Oct 1am,18668,
Uttar Pradesh - 2024,24-Oct 2am,18054,
Uttar Pradesh - 2024,24-Oct 3am,17585,
Uttar Pradesh - 2024,24-Oct 4am,17586,
Uttar Pradesh - 2024,24-Oct 5am,16574,
Uttar Pradesh - 2024,24-Oct 6am,14005,
Uttar Pradesh - 2024,24-Oct 7am,12979,
Uttar Pradesh - 2024,24-Oct 8am,15847,
Uttar Pradesh - 2024,24-Oct 9am,17721,
Uttar Pradesh - 2024,24-Oct 10am,19195,
Uttar Pradesh - 2024,24-Oct 11am,18657,
Uttar Pradesh - 2024,24-Oct 12pm,18078,
Uttar Pradesh - 2024,24-Oct 1pm,17346,
Uttar Pradesh - 2024,24-Oct 2pm,16950,
Uttar Pradesh - 2024,24-Oct 3pm,16254,
Uttar Pradesh - 2024,24-Oct 4pm,15315,
Uttar Pradesh - 2024,24-Oct 5pm,17397,
Uttar Pradesh - 2024,24-Oct 6pm,22218,
Uttar Pradesh - 2024,24-Oct 7pm,22818,
Uttar Pradesh - 2024,24-Oct 8pm,21936,
Uttar Pradesh - 2024,24-Oct 9pm,21469,
Uttar Pradesh - 2024,24-Oct 10pm,20838,
Uttar Pradesh - 2024,24-Oct 11pm,20260,
Uttar Pradesh - 2024,25-Oct 12am,19523,
Uttar Pradesh - 2024,25-Oct 1am,18869,
Uttar Pradesh - 2024,25-Oct 2am,18279,
Uttar Pradesh - 2024,25-Oct 3am,17772,
Uttar Pradesh - 2024,25-Oct 4am,17650,
Uttar Pradesh - 2024,25-Oct 5am,16680,
Uttar Pradesh - 2024,25-Oct 6am,14146,
Uttar Pradesh - 2024,25-Oct 7am,13104,
Uttar Pradesh - 2024,25-Oct 8am,15966,
Uttar Pradesh - 2024,25-Oct 9am,18053,
Uttar Pradesh - 2024,25-Oct 10am,19223,
Uttar Pradesh - 2024,25-Oct 11am,19025,
Uttar Pradesh - 2024,25-Oct 12pm,17954,
Uttar Pradesh - 2024,25-Oct 1pm,16613,
Uttar Pradesh - 2024,25-Oct 2pm,16460,
Uttar Pradesh - 2024,25-Oct 3pm,15070,
Uttar Pradesh - 2024,25-Oct 4pm,14851,
Uttar Pradesh - 2024,25-Oct 5pm,16992,
Uttar Pradesh - 2024,25-Oct 6pm,21905,
Uttar Pradesh - 2024,25-Oct 7pm,22114,
Uttar Pradesh - 2024,25-Oct 8pm,21228,
Uttar Pradesh - 2024,25-Oct 9pm,20469,
Uttar Pradesh - 2024,25-Oct 10pm,20010,
Uttar Pradesh - 2024,25-Oct 11pm,19287,
Uttar Pradesh - 2024,26-Oct 12am,18758,
Uttar Pradesh - 2024,26-Oct 1am,18008,
Uttar Pradesh - 2024,26-Oct 2am,17298,
Uttar Pradesh - 2024,26-Oct 3am,16852,
Uttar Pradesh - 2024,26-Oct 4am,16794,
Uttar Pradesh - 2024,26-Oct 5am,16023,
Uttar Pradesh - 2024,26-Oct 6am,13641,
Uttar Pradesh - 2024,26-Oct 7am,12923,
Uttar Pradesh - 2024,26-Oct 8am,15337,
Uttar Pradesh - 2024,26-Oct 9am,16786,
Uttar Pradesh - 2024,26-Oct 10am,18221,
Uttar Pradesh - 2024,26-Oct 11am,17970,
Uttar Pradesh - 2024,26-Oct 12pm,17459,
Uttar Pradesh - 2024,26-Oct 1pm,16201,
Uttar Pradesh - 2024,26-Oct 2pm,15332,
Uttar Pradesh - 2024,26-Oct 3pm,15364,
Uttar Pradesh - 2024,26-Oct 4pm,14756,
Uttar Pradesh - 2024,26-Oct 5pm,16698,
Uttar Pradesh - 2024,26-Oct 6pm,21885,
Uttar Pradesh - 2024,26-Oct 7pm,22099,
Uttar Pradesh - 2024,26-Oct 8pm,21084,
Uttar Pradesh - 2024,26-Oct 9pm,20558,
Uttar Pradesh - 2024,26-Oct 10pm,19896,
Uttar Pradesh - 2024,26-Oct 11pm,19360,
Uttar Pradesh - 2024,27-Oct 12am,18845,
Uttar Pradesh - 2024,27-Oct 1am,18225,
Uttar Pradesh - 2024,27-Oct 2am,17462,
Uttar Pradesh - 2024,27-Oct 3am,17070,
Uttar Pradesh - 2024,27-Oct 4am,17050,
Uttar Pradesh - 2024,27-Oct 5am,16013,
Uttar Pradesh - 2024,27-Oct 6am,13671,
Uttar Pradesh - 2024,27-Oct 7am,13035,
Uttar Pradesh - 2024,27-Oct 8am,14737,
Uttar Pradesh - 2024,27-Oct 9am,16631,
Uttar Pradesh - 2024,27-Oct 10am,17947,
Uttar Pradesh - 2024,27-Oct 11am,18181,
Uttar Pradesh - 2024,27-Oct 12pm,17202,
Uttar Pradesh - 2024,27-Oct 1pm,16496,
Uttar Pradesh - 2024,27-Oct 2pm,14916,
Uttar Pradesh - 2024,27-Oct 3pm,14836,
Uttar Pradesh - 2024,27-Oct 4pm,13729,
Uttar Pradesh - 2024,27-Oct 5pm,15885,
Uttar Pradesh - 2024,27-Oct 6pm,21624,
Uttar Pradesh - 2024,27-Oct 7pm,21463,
Uttar Pradesh - 2024,27-Oct 8pm,20831,
Uttar Pradesh - 2024,27-Oct 9pm,20256,
Uttar Pradesh - 2024,27-Oct 10pm,19713,
Uttar Pradesh - 2024,27-Oct 11pm,19234,
Uttar Pradesh - 2024,28-Oct 12am,18533,
Uttar Pradesh - 2024,28-Oct 1am,17956,
Uttar Pradesh - 2024,28-Oct 2am,17334,
Uttar Pradesh - 2024,28-Oct 3am,17001,
Uttar Pradesh - 2024,28-Oct 4am,17021,
Uttar Pradesh - 2024,28-Oct 5am,17607,
Uttar Pradesh - 2024,28-Oct 6am,16686,
Uttar Pradesh - 2024,28-Oct 7am,16198,
Uttar Pradesh - 2024,28-Oct 8am,16710,
Uttar Pradesh - 2024,28-Oct 9am,18543,
Uttar Pradesh - 2024,28-Oct 10am,19556,
Uttar Pradesh - 2024,28-Oct 11am,19740,
Uttar Pradesh - 2024,28-Oct 12pm,19248,
Uttar Pradesh - 2024,28-Oct 1pm,18651,
Uttar Pradesh - 2024,28-Oct 2pm,18806,
Uttar Pradesh - 2024,28-Oct 3pm,18225,
Uttar Pradesh - 2024,28-Oct 4pm,17289,
Uttar Pradesh - 2024,28-Oct 5pm,17758,
Uttar Pradesh - 2024,28-Oct 6pm,21911,
Uttar Pradesh - 2024,28-Oct 7pm,21881,
Uttar Pradesh - 2024,28-Oct 8pm,21215,
Uttar Pradesh - 2024,28-Oct 9pm,20836,
Uttar Pradesh - 2024,28-Oct 10pm,20318,
Uttar Pradesh - 2024,28-Oct 11pm,19788,
Uttar Pradesh - 2024,29-Oct 12am,19137,
Uttar Pradesh - 2024,29-Oct 1am,18506,
Uttar Pradesh - 2024,29-Oct 2am,17880,
Uttar Pradesh - 2024,29-Oct 3am,17465,
Uttar Pradesh - 2024,29-Oct 4am,17409,
Uttar Pradesh - 2024,29-Oct 5am,18027,
Uttar Pradesh - 2024,29-Oct 6am,17307,
Uttar Pradesh - 2024,29-Oct 7am,16800,
Uttar Pradesh - 2024,29-Oct 8am,17398,
Uttar Pradesh - 2024,29-Oct 9am,19243,
Uttar Pradesh - 2024,29-Oct 10am,20238,
Uttar Pradesh - 2024,29-Oct 11am,20490,
Uttar Pradesh - 2024,29-Oct 12pm,20333,
Uttar Pradesh - 2024,29-Oct 1pm,19509,
Uttar Pradesh - 2024,29-Oct 2pm,19502,
Uttar Pradesh - 2024,29-Oct 3pm,18994,
Uttar Pradesh - 2024,29-Oct 4pm,18251,
Uttar Pradesh - 2024,29-Oct 5pm,18726,
Uttar Pradesh - 2024,29-Oct 6pm,21944,
Uttar Pradesh - 2024,29-Oct 7pm,21946,
Uttar Pradesh - 2024,29-Oct 8pm,21362,
Uttar Pradesh - 2024,29-Oct 9pm,20916,
Uttar Pradesh - 2024,29-Oct 10pm,20528,
Uttar Pradesh - 2024,29-Oct 11pm,20046,
Uttar Pradesh - 2024,30-Oct 12am,19355,
Uttar Pradesh - 2024,30-Oct 1am,18756,
Uttar Pradesh - 2024,30-Oct 2am,18137,
Uttar Pradesh - 2024,30-Oct 3am,17662,
Uttar Pradesh - 2024,30-Oct 4am,17539,
Uttar Pradesh - 2024,30-Oct 5am,18007,
Uttar Pradesh - 2024,30-Oct 6am,17375,
Uttar Pradesh - 2024,30-Oct 7am,17101,
Uttar Pradesh - 2024,30-Oct 8am,17826,
Uttar Pradesh - 2024,30-Oct 9am,19293,
Uttar Pradesh - 2024,30-Oct 10am,20329,
Uttar Pradesh - 2024,30-Oct 11am,20525,
Uttar Pradesh - 2024,30-Oct 12pm,20421,
Uttar Pradesh - 2024,30-Oct 1pm,19821,
Uttar Pradesh - 2024,30-Oct 2pm,19444,
Uttar Pradesh - 2024,30-Oct 3pm,18915,
Uttar Pradesh - 2024,30-Oct 4pm,18151,
Uttar Pradesh - 2024,30-Oct 5pm,18534,
Uttar Pradesh - 2024,30-Oct 6pm,21206,
Uttar Pradesh - 2024,30-Oct 7pm,21077,
Uttar Pradesh - 2024,30-Oct 8pm,20615,
Uttar Pradesh - 2024,30-Oct 9pm,20484,
Uttar Pradesh - 2024,30-Oct 10pm,19998,
Uttar Pradesh - 2024,30-Oct 11pm,19565,
Uttar Pradesh - 2024,31-Oct 12am,18896,
Uttar Pradesh - 2024,31-Oct 1am,18418,
Uttar Pradesh - 2024,31-Oct 2am,17753,
Uttar Pradesh - 2024,31-Oct 3am,17265,
Uttar Pradesh - 2024,31-Oct 4am,17193,
Uttar Pradesh - 2024,31-Oct 5am,17519,
Uttar Pradesh - 2024,31-Oct 6am,17290,
Uttar Pradesh - 2024,31-Oct 7am,16874,
Uttar Pradesh - 2024,31-Oct 8am,17301,
Uttar Pradesh - 2024,31-Oct 9am,18005,
Uttar Pradesh - 2024,31-Oct 10am,18630,
Uttar Pradesh - 2024,31-Oct 11am,18618,
Uttar Pradesh - 2024,31-Oct 12pm,18401,
Uttar Pradesh - 2024,31-Oct 1pm,17811,
Uttar Pradesh - 2024,31-Oct 2pm,17400,
Uttar Pradesh - 2024,31-Oct 3pm,16927,
Uttar Pradesh - 2024,31-Oct 4pm,16629,
Uttar Pradesh - 2024,31-Oct 5pm,17316,
Uttar Pradesh - 2024,31-Oct 6pm,18851,
Uttar Pradesh - 2024,31-Oct 7pm,18178,
Uttar Pradesh - 2024,31-Oct 8pm,17847,
Uttar Pradesh - 2024,31-Oct 9pm,17900,
Uttar Pradesh - 2024,31-Oct 10pm,17905,
Uttar Pradesh - 2024,31-Oct 11pm,17673,
Uttar Pradesh - 2024,01-Nov 12am,17291,
Uttar Pradesh - 2024,01-Nov 1am,16680,
Uttar Pradesh - 2024,01-Nov 2am,16344,
Uttar Pradesh - 2024,01-Nov 3am,16344,
Uttar Pradesh - 2024,01-Nov 4am,16344,
Uttar Pradesh - 2024,01-Nov 5am,16344,
Uttar Pradesh - 2024,01-Nov 6am,16344,
Uttar Pradesh - 2024,01-Nov 7am,16344,
Uttar Pradesh - 2024,01-Nov 8am,16344,
Uttar Pradesh - 2024,01-Nov 9am,16344,
Uttar Pradesh - 2024,01-Nov 10am,16846,
Uttar Pradesh - 2024,01-Nov 11am,17244,
Uttar Pradesh - 2024,01-Nov 12pm,17085,
Uttar Pradesh - 2024,01-Nov 1pm,16275,
Uttar Pradesh - 2024,01-Nov 2pm,15805,
Uttar Pradesh - 2024,01-Nov 3pm,15371,
Uttar Pradesh - 2024,01-Nov 4pm,14938,
Uttar Pradesh - 2024,01-Nov 5pm,15962,
Uttar Pradesh - 2024,01-Nov 6pm,18063,
Uttar Pradesh - 2024,01-Nov 7pm,17615,
Uttar Pradesh - 2024,01-Nov 8pm,17169,
Uttar Pradesh - 2024,01-Nov 9pm,16800,
Uttar Pradesh - 2024,01-Nov 10pm,16473,
Uttar Pradesh - 2024,01-Nov 11pm,15999,
Uttar Pradesh - 2024,02-Nov 12am,15775,
Uttar Pradesh - 2024,02-Nov 1am,15156,
Uttar Pradesh - 2024,02-Nov 2am,14625,
Uttar Pradesh - 2024,02-Nov 3am,14237,
Uttar Pradesh - 2024,02-Nov 4am,14158,
Uttar Pradesh - 2024,02-Nov 5am,14726,
Uttar Pradesh - 2024,02-Nov 6am,14897,
Uttar Pradesh - 2024,02-Nov 7am,14876,
Uttar Pradesh - 2024,02-Nov 8am,15462,
Uttar Pradesh - 2024,02-Nov 9am,16254,
Uttar Pradesh - 2024,02-Nov 10am,16689,
Uttar Pradesh - 2024,02-Nov 11am,16727,
Uttar Pradesh - 2024,02-Nov 12pm,16608,
Uttar Pradesh - 2024,02-Nov 1pm,16059,
Uttar Pradesh - 2024,02-Nov 2pm,15688,
Uttar Pradesh - 2024,02-Nov 3pm,15446,
Uttar Pradesh - 2024,02-Nov 4pm,14816,
Uttar Pradesh - 2024,02-Nov 5pm,15784,
Uttar Pradesh - 2024,02-Nov 6pm,17964,
Uttar Pradesh - 2024,02-Nov 7pm,17447,
Uttar Pradesh - 2024,02-Nov 8pm,16726,
Uttar Pradesh - 2024,02-Nov 9pm,16232,
Uttar Pradesh - 2024,02-Nov 10pm,15847,
Uttar Pradesh - 2024,02-Nov 11pm,15472,
Uttar Pradesh - 2024,03-Nov 12am,15031,
Uttar Pradesh - 2024,03-Nov 1am,14552,
Uttar Pradesh - 2024,03-Nov 2am,14157,
Uttar Pradesh - 2024,03-Nov 3am,13752,
Uttar Pradesh - 2024,03-Nov 4am,13695,
Uttar Pradesh - 2024,03-Nov 5am,14405,
Uttar Pradesh - 2024,03-Nov 6am,14734,
Uttar Pradesh - 2024,03-Nov 7am,14974,
Uttar Pradesh - 2024,03-Nov 8am,15379,
Uttar Pradesh - 2024,03-Nov 9am,15681,
Uttar Pradesh - 2024,03-Nov 10am,15983,
Uttar Pradesh - 2024,03-Nov 11am,15938,
Uttar Pradesh - 2024,03-Nov 12pm,15646,
Uttar Pradesh - 2024,03-Nov 1pm,15131,
Uttar Pradesh - 2024,03-Nov 2pm,14720,
Uttar Pradesh - 2024,03-Nov 3pm,14081,
Uttar Pradesh - 2024,03-Nov 4pm,13945,
Uttar Pradesh - 2024,03-Nov 5pm,15082,
Uttar Pradesh - 2024,03-Nov 6pm,17480,
Uttar Pradesh - 2024,03-Nov 7pm,17050,
Uttar Pradesh - 2024,03-Nov 8pm,16405,
Uttar Pradesh - 2024,03-Nov 9pm,15928,
Uttar Pradesh - 2024,03-Nov 10pm,15575,
Uttar Pradesh - 2024,03-Nov 11pm,15138,
Uttar Pradesh - 2024,04-Nov 12am,14653,
Uttar Pradesh - 2024,04-Nov 1am,14306,
Uttar Pradesh - 2024,04-Nov 2am,13872,
Uttar Pradesh - 2024,04-Nov 3am,13530,
Uttar Pradesh - 2024,04-Nov 4am,13600,
Uttar Pradesh - 2024,04-Nov 5am,14523,
Uttar Pradesh - 2024,04-Nov 6am,14816,
Uttar Pradesh - 2024,04-Nov 7am,14729,
Uttar Pradesh - 2024,04-Nov 8am,15222,
Uttar Pradesh - 2024,04-Nov 9am,16221,
Uttar Pradesh - 2024,04-Nov 10am,17121,
Uttar Pradesh - 2024,04-Nov 11am,17181,
Uttar Pradesh - 2024,04-Nov 12pm,16714,
Uttar Pradesh - 2024,04-Nov 1pm,16077,
Uttar Pradesh - 2024,04-Nov 2pm,15839,
Uttar Pradesh - 2024,04-Nov 3pm,15365,
Uttar Pradesh - 2024,04-Nov 4pm,14938,
Uttar Pradesh - 2024,04-Nov 5pm,16222,
Uttar Pradesh - 2024,04-Nov 6pm,18965,
Uttar Pradesh - 2024,04-Nov 7pm,18325,
Uttar Pradesh - 2024,04-Nov 8pm,17363,
Uttar Pradesh - 2024,04-Nov 9pm,16869,
Uttar Pradesh - 2024,04-Nov 10pm,16333,
Uttar Pradesh - 2024,04-Nov 11pm,15853,
Uttar Pradesh - 2024,05-Nov 12am,15371,
Uttar Pradesh - 2024,05-Nov 1am,14933,
Uttar Pradesh - 2024,05-Nov 2am,14485,
Uttar Pradesh - 2024,05-Nov 3am,14243,
Uttar Pradesh - 2024,05-Nov 4am,14255,
Uttar Pradesh - 2024,05-Nov 5am,15185,
Uttar Pradesh - 2024,05-Nov 6am,15627,
Uttar Pradesh - 2024,05-Nov 7am,15530,
Uttar Pradesh - 2024,05-Nov 8am,15510,
Uttar Pradesh - 2024,05-Nov 9am,16644,
Uttar Pradesh - 2024,05-Nov 10am,17355,
Uttar Pradesh - 2024,05-Nov 11am,17464,
Uttar Pradesh - 2024,05-Nov 12pm,17078,
Uttar Pradesh - 2024,05-Nov 1pm,16181,
Uttar Pradesh - 2024,05-Nov 2pm,16110,
Uttar Pradesh - 2024,05-Nov 3pm,15757,
Uttar Pradesh - 2024,05-Nov 4pm,15384,
Uttar Pradesh - 2024,05-Nov 5pm,16825,
Uttar Pradesh - 2024,05-Nov 6pm,19840,
Uttar Pradesh - 2024,05-Nov 7pm,19077,
Uttar Pradesh - 2024,05-Nov 8pm,18107,
Uttar Pradesh - 2024,05-Nov 9pm,17489,
Uttar Pradesh - 2024,05-Nov 10pm,16911,
Uttar Pradesh - 2024,05-Nov 11pm,16417,
Uttar Pradesh - 2024,06-Nov 12am,15964,
Uttar Pradesh - 2024,06-Nov 1am,15639,
Uttar Pradesh - 2024,06-Nov 2am,14953,
Uttar Pradesh - 2024,06-Nov 3am,14656,
Uttar Pradesh - 2024,06-Nov 4am,14627,
Uttar Pradesh - 2024,06-Nov 5am,15654,
Uttar Pradesh - 2024,06-Nov 6am,15794,
Uttar Pradesh - 2024,06-Nov 7am,15569,
Uttar Pradesh - 2024,06-Nov 8am,15765,
Uttar Pradesh - 2024,06-Nov 9am,16839,
Uttar Pradesh - 2024,06-Nov 10am,17933,
Uttar Pradesh - 2024,06-Nov 11am,17861,
Uttar Pradesh - 2024,06-Nov 12pm,17419,
Uttar Pradesh - 2024,06-Nov 1pm,16453,
Uttar Pradesh - 2024,06-Nov 2pm,16285,
Uttar Pradesh - 2024,06-Nov 3pm,15789,
Uttar Pradesh - 2024,06-Nov 4pm,15375,
Uttar Pradesh - 2024,06-Nov 5pm,16982,
Uttar Pradesh - 2024,06-Nov 6pm,19857,
Uttar Pradesh - 2024,06-Nov 7pm,19137,
Uttar Pradesh - 2024,06-Nov 8pm,18191,
Uttar Pradesh - 2024,06-Nov 9pm,17568,
Uttar Pradesh - 2024,06-Nov 10pm,16980,
Uttar Pradesh - 2024,06-Nov 11pm,16388,
Uttar Pradesh - 2024,07-Nov 12am,15818,
Uttar Pradesh - 2024,07-Nov 1am,15414,
Uttar Pradesh - 2024,07-Nov 2am,14890,
Uttar Pradesh - 2024,07-Nov 3am,14550,
Uttar Pradesh - 2024,07-Nov 4am,14610,
Uttar Pradesh - 2024,07-Nov 5am,15389,
Uttar Pradesh - 2024,07-Nov 6am,15565,
Uttar Pradesh - 2024,07-Nov 7am,15493,
Uttar Pradesh - 2024,07-Nov 8am,15804,
Uttar Pradesh - 2024,07-Nov 9am,17136,
Uttar Pradesh - 2024,07-Nov 10am,17969,
Uttar Pradesh - 2024,07-Nov 11am,17822,
Uttar Pradesh - 2024,07-Nov 12pm,17469,
Uttar Pradesh - 2024,07-Nov 1pm,16601,
Uttar Pradesh - 2024,07-Nov 2pm,16643,
Uttar Pradesh - 2024,07-Nov 3pm,16275,
Uttar Pradesh - 2024,07-Nov 4pm,15706,
Uttar Pradesh - 2024,07-Nov 5pm,16866,
Uttar Pradesh - 2024,07-Nov 6pm,19784,
Uttar Pradesh - 2024,07-Nov 7pm,19056,
Uttar Pradesh - 2024,07-Nov 8pm,18109,
Uttar Pradesh - 2024,07-Nov 9pm,17641,
Uttar Pradesh - 2024,07-Nov 10pm,16840,
Uttar Pradesh - 2024,07-Nov 11pm,16365,
Uttar Pradesh - 2024,08-Nov 12am,15870,
Uttar Pradesh - 2024,08-Nov 1am,15332,
Uttar Pradesh - 2024,08-Nov 2am,14827,
Uttar Pradesh - 2024,08-Nov 3am,14743,
Uttar Pradesh - 2024,08-Nov 4am,14647,
Uttar Pradesh - 2024,08-Nov 5am,15496,
Uttar Pradesh - 2024,08-Nov 6am,15314,
Uttar Pradesh - 2024,08-Nov 7am,15411,
Uttar Pradesh - 2024,08-Nov 8am,16116,
Uttar Pradesh - 2024,08-Nov 9am,17207,
Uttar Pradesh - 2024,08-Nov 10am,18023,
Uttar Pradesh - 2024,08-Nov 11am,18000,
Uttar Pradesh - 2024,08-Nov 12pm,17643,
Uttar Pradesh - 2024,08-Nov 1pm,16499,
Uttar Pradesh - 2024,08-Nov 2pm,16172,
Uttar Pradesh - 2024,08-Nov 3pm,15625,
Uttar Pradesh - 2024,08-Nov 4pm,15444,
Uttar Pradesh - 2024,08-Nov 5pm,17072,
Uttar Pradesh - 2024,08-Nov 6pm,19835,
Uttar Pradesh - 2024,08-Nov 7pm,19161,
Uttar Pradesh - 2024,08-Nov 8pm,18054,
Uttar Pradesh - 2024,08-Nov 9pm,17541,
Uttar Pradesh - 2024,08-Nov 10pm,16956,
Uttar Pradesh - 2024,08-Nov 11pm,16341,
Uttar Pradesh - 2024,09-Nov 12am,15828,
Uttar Pradesh - 2024,09-Nov 1am,15312,
Uttar Pradesh - 2024,09-Nov 2am,14844,
Uttar Pradesh - 2024,09-Nov 3am,14520,
Uttar Pradesh - 2024,09-Nov 4am,14624,
Uttar Pradesh - 2024,09-Nov 5am,15390,
Uttar Pradesh - 2024,09-Nov 6am,15617,
Uttar Pradesh - 2024,09-Nov 7am,15644,
Uttar Pradesh - 2024,09-Nov 8am,15593,
Uttar Pradesh - 2024,09-Nov 9am,16825,
Uttar Pradesh - 2024,09-Nov 10am,17467,
Uttar Pradesh - 2024,09-Nov 11am,17276,
Uttar Pradesh - 2024,09-Nov 12pm,17051,
Uttar Pradesh - 2024,09-Nov 1pm,15891,
Uttar Pradesh - 2024,09-Nov 2pm,15743,
Uttar Pradesh - 2024,09-Nov 3pm,15573,
Uttar Pradesh - 2024,09-Nov 4pm,15317,
Uttar Pradesh - 2024,09-Nov 5pm,17022,
Uttar Pradesh - 2024,09-Nov 6pm,19747,
Uttar Pradesh - 2024,09-Nov 7pm,19063,
Uttar Pradesh - 2024,09-Nov 8pm,18056,
Uttar Pradesh - 2024,09-Nov 9pm,17444,
Uttar Pradesh - 2024,09-Nov 10pm,16914,
Uttar Pradesh - 2024,09-Nov 11pm,16381,
Uttar Pradesh - 2024,10-Nov 12am,15789,
Uttar Pradesh - 2024,10-Nov 1am,15266,
Uttar Pradesh - 2024,10-Nov 2am,14887,
Uttar Pradesh - 2024,10-Nov 3am,14513,
Uttar Pradesh - 2024,10-Nov 4am,14503,
Uttar Pradesh - 2024,10-Nov 5am,15314,
Uttar Pradesh - 2024,10-Nov 6am,15193,
Uttar Pradesh - 2024,10-Nov 7am,15269,
Uttar Pradesh - 2024,10-Nov 8am,15722,
Uttar Pradesh - 2024,10-Nov 9am,16704,
Uttar Pradesh - 2024,10-Nov 10am,17316,
Uttar Pradesh - 2024,10-Nov 11am,17234,
Uttar Pradesh - 2024,10-Nov 12pm,16570,
Uttar Pradesh - 2024,10-Nov 1pm,15747,
Uttar Pradesh - 2024,10-Nov 2pm,15257,
Uttar Pradesh - 2024,10-Nov 3pm,14773,
Uttar Pradesh - 2024,10-Nov 4pm,14505,
Uttar Pradesh - 2024,10-Nov 5pm,16152,
Uttar Pradesh - 2024,10-Nov 6pm,19006,
Uttar Pradesh - 2024,10-Nov 7pm,18384,
Uttar Pradesh - 2024,10-Nov 8pm,17631,
Uttar Pradesh - 2024,10-Nov 9pm,16977,
Uttar Pradesh - 2024,10-Nov 10pm,16409,
Uttar Pradesh - 2024,10-Nov 11pm,16015,
Uttar Pradesh - 2024,11-Nov 12am,15536,
Uttar Pradesh - 2024,11-Nov 1am,15070,
Uttar Pradesh - 2024,11-Nov 2am,14634,
Uttar Pradesh - 2024,11-Nov 3am,14336,
Uttar Pradesh - 2024,11-Nov 4am,14375,
Uttar Pradesh - 2024,11-Nov 5am,15356,
Uttar Pradesh - 2024,11-Nov 6am,15698,
Uttar Pradesh - 2024,11-Nov 7am,15185,
Uttar Pradesh - 2024,11-Nov 8am,16063,
Uttar Pradesh - 2024,11-Nov 9am,17068,
Uttar Pradesh - 2024,11-Nov 10am,17739,
Uttar Pradesh - 2024,11-Nov 11am,17421,
Uttar Pradesh - 2024,11-Nov 12pm,16795,
Uttar Pradesh - 2024,11-Nov 1pm,15798,
Uttar Pradesh - 2024,11-Nov 2pm,15796,
Uttar Pradesh - 2024,11-Nov 3pm,15310,
Uttar Pradesh - 2024,11-Nov 4pm,15130,
Uttar Pradesh - 2024,11-Nov 5pm,16770,
Uttar Pradesh - 2024,11-Nov 6pm,18516,
Uttar Pradesh - 2024,11-Nov 7pm,18913,
Uttar Pradesh - 2024,11-Nov 8pm,18035,
Uttar Pradesh - 2024,11-Nov 9pm,17330,
Uttar Pradesh - 2024,11-Nov 10pm,16657,
Uttar Pradesh - 2024,11-Nov 11pm,16111,
Uttar Pradesh - 2024,12-Nov 12am,15657,
Uttar Pradesh - 2024,12-Nov 1am,15160,
Uttar Pradesh - 2024,12-Nov 2am,14737,
Uttar Pradesh - 2024,12-Nov 3am,14332,
Uttar Pradesh - 2024,12-Nov 4am,14410,
Uttar Pradesh - 2024,12-Nov 5am,15296,
Uttar Pradesh - 2024,12-Nov 6am,15758,
Uttar Pradesh - 2024,12-Nov 7am,15761,
Uttar Pradesh - 2024,12-Nov 8am,15583,
Uttar Pradesh - 2024,12-Nov 9am,16871,
Uttar Pradesh - 2024,12-Nov 10am,17696,
Uttar Pradesh - 2024,12-Nov 11am,17569,
Uttar Pradesh - 2024,12-Nov 12pm,16919,
Uttar Pradesh - 2024,12-Nov 1pm,16093,
Uttar Pradesh - 2024,12-Nov 2pm,15969,
Uttar Pradesh - 2024,12-Nov 3pm,15491,
Uttar Pradesh - 2024,12-Nov 4pm,15158,
Uttar Pradesh - 2024,12-Nov 5pm,16339,
Uttar Pradesh - 2024,12-Nov 6pm,19110,
Uttar Pradesh - 2024,12-Nov 7pm,18598,
Uttar Pradesh - 2024,12-Nov 8pm,17349,
Uttar Pradesh - 2024,12-Nov 9pm,16768,
Uttar Pradesh - 2024,12-Nov 10pm,16182,
Uttar Pradesh - 2024,12-Nov 11pm,15626,
Uttar Pradesh - 2024,13-Nov 12am,15038,
Uttar Pradesh - 2024,13-Nov 1am,14638,
Uttar Pradesh - 2024,13-Nov 2am,14020,
Uttar Pradesh - 2024,13-Nov 3am,13537,
Uttar Pradesh - 2024,13-Nov 4am,13683,
Uttar Pradesh - 2024,13-Nov 5am,14602,
Uttar Pradesh - 2024,13-Nov 6am,15141,
Uttar Pradesh - 2024,13-Nov 7am,15232,
Uttar Pradesh - 2024,13-Nov 8am,15101,
Uttar Pradesh - 2024,13-Nov 9am,16367,
Uttar Pradesh - 2024,13-Nov 10am,17072,
Uttar Pradesh - 2024,13-Nov 11am,16706,
Uttar Pradesh - 2024,13-Nov 12pm,16138,
Uttar Pradesh - 2024,13-Nov 1pm,15224,
Uttar Pradesh - 2024,13-Nov 2pm,15183,
Uttar Pradesh - 2024,13-Nov 3pm,14880,
Uttar Pradesh - 2024,13-Nov 4pm,14778,
Uttar Pradesh - 2024,13-Nov 5pm,16247,
Uttar Pradesh - 2024,13-Nov 6pm,19102,
Uttar Pradesh - 2024,13-Nov 7pm,18163,
Uttar Pradesh - 2024,13-Nov 8pm,16956,
Uttar Pradesh - 2024,13-Nov 9pm,16297,
Uttar Pradesh - 2024,13-Nov 10pm,15512,
Uttar Pradesh - 2024,13-Nov 11pm,14800,
Uttar Pradesh - 2024,14-Nov 12am,14209,
Uttar Pradesh - 2024,14-Nov 1am,13489,
Uttar Pradesh - 2024,14-Nov 2am,12964,
Uttar Pradesh - 2024,14-Nov 3am,12507,
Uttar Pradesh - 2024,14-Nov 4am,12423,
Uttar Pradesh - 2024,14-Nov 5am,13345,
Uttar Pradesh - 2024,14-Nov 6am,14064,
Uttar Pradesh - 2024,14-Nov 7am,14337,
Uttar Pradesh - 2024,14-Nov 8am,14405,
Uttar Pradesh - 2024,14-Nov 9am,15402,
Uttar Pradesh - 2024,14-Nov 10am,16183,
Uttar Pradesh - 2024,14-Nov 11am,16158,
Uttar Pradesh - 2024,14-Nov 12pm,15777,
Uttar Pradesh - 2024,14-Nov 1pm,14777,
Uttar Pradesh - 2024,14-Nov 2pm,14790,
Uttar Pradesh - 2024,14-Nov 3pm,14539,
Uttar Pradesh - 2024,14-Nov 4pm,14505,
Uttar Pradesh - 2024,14-Nov 5pm,16045,
Uttar Pradesh - 2024,14-Nov 6pm,18553,
Uttar Pradesh - 2024,14-Nov 7pm,17701,
Uttar Pradesh - 2024,14-Nov 8pm,16523,
Uttar Pradesh - 2024,14-Nov 9pm,15515,
Uttar Pradesh - 2024,14-Nov 10pm,14637,
Uttar Pradesh - 2024,14-Nov 11pm,14048,
Uttar Pradesh - 2024,15-Nov 12am,13546,
Uttar Pradesh - 2024,15-Nov 1am,13104,
Uttar Pradesh - 2024,15-Nov 2am,12635,
Uttar Pradesh - 2024,15-Nov 3am,12292,
Uttar Pradesh - 2024,15-Nov 4am,12478,
Uttar Pradesh - 2024,15-Nov 5am,13659,
Uttar Pradesh - 2024,15-Nov 6am,14228,
Uttar Pradesh - 2024,15-Nov 7am,14733,
Uttar Pradesh - 2024,15-Nov 8am,15262,
Uttar Pradesh - 2024,15-Nov 9am,16670,
Uttar Pradesh - 2024,15-Nov 10am,17168,
Uttar Pradesh - 2024,15-Nov 11am,16899,
Uttar Pradesh - 2024,15-Nov 12pm,16008,
Uttar Pradesh - 2024,15-Nov 1pm,14501,
Uttar Pradesh - 2024,15-Nov 2pm,14195,
Uttar Pradesh - 2024,15-Nov 3pm,13742,
Uttar Pradesh - 2024,15-Nov 4pm,13785,
Uttar Pradesh - 2024,15-Nov 5pm,15563,
Uttar Pradesh - 2024,15-Nov 6pm,17979,
Uttar Pradesh - 2024,15-Nov 7pm,17177,
Uttar Pradesh - 2024,15-Nov 8pm,15981,
Uttar Pradesh - 2024,15-Nov 9pm,15037,
Uttar Pradesh - 2024,15-Nov 10pm,14247,
Uttar Pradesh - 2024,15-Nov 11pm,13874,
Uttar Pradesh - 2024,16-Nov 12am,13117,
Uttar Pradesh - 2024,16-Nov 1am,12746,
Uttar Pradesh - 2024,16-Nov 2am,12255,
Uttar Pradesh - 2024,16-Nov 3am,11990,
Uttar Pradesh - 2024,16-Nov 4am,12166,
Uttar Pradesh - 2024,16-Nov 5am,12478,
Uttar Pradesh - 2024,16-Nov 6am,11571,
Uttar Pradesh - 2024,16-Nov 7am,11588,
Uttar Pradesh - 2024,16-Nov 8am,13193,
Uttar Pradesh - 2024,16-Nov 9am,15412,
Uttar Pradesh - 2024,16-Nov 10am,16561,
Uttar Pradesh - 2024,16-Nov 11am,16133,
Uttar Pradesh - 2024,16-Nov 12pm,14766,
Uttar Pradesh - 2024,16-Nov 1pm,13580,
Uttar Pradesh - 2024,16-Nov 2pm,13117,
Uttar Pradesh - 2024,16-Nov 3pm,12446,
Uttar Pradesh - 2024,16-Nov 4pm,11888,
Uttar Pradesh - 2024,16-Nov 5pm,14866,
Uttar Pradesh - 2024,16-Nov 6pm,18296,
Uttar Pradesh - 2024,16-Nov 7pm,17617,
Uttar Pradesh - 2024,16-Nov 8pm,16172,
Uttar Pradesh - 2024,16-Nov 9pm,15063,
Uttar Pradesh - 2024,16-Nov 10pm,14251,
Uttar Pradesh - 2024,16-Nov 11pm,13629,
Uttar Pradesh - 2024,17-Nov 12am,13162,
Uttar Pradesh - 2024,17-Nov 1am,12682,
Uttar Pradesh - 2024,17-Nov 2am,12249,
Uttar Pradesh - 2024,17-Nov 3am,11988,
Uttar Pradesh - 2024,17-Nov 4am,12231,
Uttar Pradesh - 2024,17-Nov 5am,12376,
Uttar Pradesh - 2024,17-Nov 6am,11405,
Uttar Pradesh - 2024,17-Nov 7am,11241,
Uttar Pradesh - 2024,17-Nov 8am,13376,
Uttar Pradesh - 2024,17-Nov 9am,15468,
Uttar Pradesh - 2024,17-Nov 10am,16702,
Uttar Pradesh - 2024,17-Nov 11am,15962,
Uttar Pradesh - 2024,17-Nov 12pm,15050,
Uttar Pradesh - 2024,17-Nov 1pm,13886,
Uttar Pradesh - 2024,17-Nov 2pm,13449,
Uttar Pradesh - 2024,17-Nov 3pm,11495,
Uttar Pradesh - 2024,17-Nov 4pm,10431,
Uttar Pradesh - 2024,17-Nov 5pm,12686,
Uttar Pradesh - 2024,17-Nov 6pm,17851,
Uttar Pradesh - 2024,17-Nov 7pm,16677,
Uttar Pradesh - 2024,17-Nov 8pm,15529,
Uttar Pradesh - 2024,17-Nov 9pm,14546,
Uttar Pradesh - 2024,17-Nov 10pm,13710,
Uttar Pradesh - 2024,17-Nov 11pm,13035,
Uttar Pradesh - 2024,18-Nov 12am,12655,
Uttar Pradesh - 2024,18-Nov 1am,12251,
Uttar Pradesh - 2024,18-Nov 2am,11857,
Uttar Pradesh - 2024,18-Nov 3am,11683,
Uttar Pradesh - 2024,18-Nov 4am,12085,
Uttar Pradesh - 2024,18-Nov 5am,12073,
Uttar Pradesh - 2024,18-Nov 6am,11900,
Uttar Pradesh - 2024,18-Nov 7am,12175,
Uttar Pradesh - 2024,18-Nov 8am,13747,
Uttar Pradesh - 2024,18-Nov 9am,15610,
Uttar Pradesh - 2024,18-Nov 10am,17109,
Uttar Pradesh - 2024,18-Nov 11am,16152,
Uttar Pradesh - 2024,18-Nov 12pm,15035,
Uttar Pradesh - 2024,18-Nov 1pm,13578,
Uttar Pradesh - 2024,18-Nov 2pm,12466,
Uttar Pradesh - 2024,18-Nov 3pm,12063,
Uttar Pradesh - 2024,18-Nov 4pm,11388,
Uttar Pradesh - 2024,18-Nov 5pm,14379,
Uttar Pradesh - 2024,18-Nov 6pm,18687,
Uttar Pradesh - 2024,18-Nov 7pm,17449,
Uttar Pradesh - 2024,18-Nov 8pm,15950,
Uttar Pradesh - 2024,18-Nov 9pm,14756,
Uttar Pradesh - 2024,18-Nov 10pm,13855,
Uttar Pradesh - 2024,18-Nov 11pm,13155,
Uttar Pradesh - 2024,19-Nov 12am,12602,
Uttar Pradesh - 2024,19-Nov 1am,12196,
Uttar Pradesh - 2024,19-Nov 2am,11811,
Uttar Pradesh - 2024,19-Nov 3am,11571,
Uttar Pradesh - 2024,19-Nov 4am,12197,
Uttar Pradesh - 2024,19-Nov 5am,12677,
Uttar Pradesh - 2024,19-Nov 6am,12166,
Uttar Pradesh - 2024,19-Nov 7am,12271,
Uttar Pradesh - 2024,19-Nov 8am,12876,
Uttar Pradesh - 2024,19-Nov 9am,15157,
Uttar Pradesh - 2024,19-Nov 10am,16676,
Uttar Pradesh - 2024,19-Nov 11am,15724,
Uttar Pradesh - 2024,19-Nov 12pm,14776,
Uttar Pradesh - 2024,19-Nov 1pm,13487,
Uttar Pradesh - 2024,19-Nov 2pm,12907,
Uttar Pradesh - 2024,19-Nov 3pm,12136,
Uttar Pradesh - 2024,19-Nov 4pm,12330,
Uttar Pradesh - 2024,19-Nov 5pm,15225,
Uttar Pradesh - 2024,19-Nov 6pm,18524,
Uttar Pradesh - 2024,19-Nov 7pm,17465,
Uttar Pradesh - 2024,19-Nov 8pm,15899,
Uttar Pradesh - 2024,19-Nov 9pm,14607,
Uttar Pradesh - 2024,19-Nov 10pm,13484,
Uttar Pradesh - 2024,19-Nov 11pm,12783,
Uttar Pradesh - 2024,20-Nov 12am,12180,
Uttar Pradesh - 2024,20-Nov 1am,11639,
Uttar Pradesh - 2024,20-Nov 2am,11322,
Uttar Pradesh - 2024,20-Nov 3am,11170,
Uttar Pradesh - 2024,20-Nov 4am,11487,
Uttar Pradesh - 2024,20-Nov 5am,12064,
Uttar Pradesh - 2024,20-Nov 6am,11842,
Uttar Pradesh - 2024,20-Nov 7am,12098,
Uttar Pradesh - 2024,20-Nov 8am,13466,
Uttar Pradesh - 2024,20-Nov 9am,15594,
Uttar Pradesh - 2024,20-Nov 10am,16748,
Uttar Pradesh - 2024,20-Nov 11am,16309,
Uttar Pradesh - 2024,20-Nov 12pm,14871,
Uttar Pradesh - 2024,20-Nov 1pm,12947,
Uttar Pradesh - 2024,20-Nov 2pm,12384,
Uttar Pradesh - 2024,20-Nov 3pm,11840,
Uttar Pradesh - 2024,20-Nov 4pm,11929,
Uttar Pradesh - 2024,20-Nov 5pm,14901,
Uttar Pradesh - 2024,20-Nov 6pm,17993,
Uttar Pradesh - 2024,20-Nov 7pm,17048,
Uttar Pradesh - 2024,20-Nov 8pm,15530,
Uttar Pradesh - 2024,20-Nov 9pm,14325,
Uttar Pradesh - 2024,20-Nov 10pm,13186,
Uttar Pradesh - 2024,20-Nov 11pm,12307,
Uttar Pradesh - 2024,21-Nov 12am,11790,
Uttar Pradesh - 2024,21-Nov 1am,11271,
Uttar Pradesh - 2024,21-Nov 2am,10936,
Uttar Pradesh - 2024,21-Nov 3am,10755,
Uttar Pradesh - 2024,21-Nov 4am,11283,
Uttar Pradesh - 2024,21-Nov 5am,11949,
Uttar Pradesh - 2024,21-Nov 6am,11583,
Uttar Pradesh - 2024,21-Nov 7am,11737,
Uttar Pradesh - 2024,21-Nov 8am,13175,
Uttar Pradesh - 2024,21-Nov 9am,15494,
Uttar Pradesh - 2024,21-Nov 10am,16708,
Uttar Pradesh - 2024,21-Nov 11am,16100,
Uttar Pradesh - 2024,21-Nov 12pm,14481,
Uttar Pradesh - 2024,21-Nov 1pm,12988,
Uttar Pradesh - 2024,21-Nov 2pm,12605,
Uttar Pradesh - 2024,21-Nov 3pm,11920,
Uttar Pradesh - 2024,21-Nov 4pm,11577,
Uttar Pradesh - 2024,21-Nov 5pm,14471,
Uttar Pradesh - 2024,21-Nov 6pm,17476,
Uttar Pradesh - 2024,21-Nov 7pm,17223,
Uttar Pradesh - 2024,21-Nov 8pm,15683,
Uttar Pradesh - 2024,21-Nov 9pm,14364,
Uttar Pradesh - 2024,21-Nov 10pm,13188,
Uttar Pradesh - 2024,21-Nov 11pm,12326,
Uttar Pradesh - 2024,22-Nov 12am,11703,
Uttar Pradesh - 2024,22-Nov 1am,11209,
Uttar Pradesh - 2024,22-Nov 2am,10950,
Uttar Pradesh - 2024,22-Nov 3am,10881,
Uttar Pradesh - 2024,22-Nov 4am,11463,
Uttar Pradesh - 2024,22-Nov 5am,12104,
Uttar Pradesh - 2024,22-Nov 6am,11470,
Uttar Pradesh - 2024,22-Nov 7am,11628,
Uttar Pradesh - 2024,22-Nov 8am,14055,
Uttar Pradesh - 2024,22-Nov 9am,15877,
Uttar Pradesh - 2024,22-Nov 10am,17038,
Uttar Pradesh - 2024,22-Nov 11am,16242,
Uttar Pradesh - 2024,22-Nov 12pm,14635,
Uttar Pradesh - 2024,22-Nov 1pm,12786,
Uttar Pradesh - 2024,22-Nov 2pm,12851,
Uttar Pradesh - 2024,22-Nov 3pm,11770,
Uttar Pradesh - 2024,22-Nov 4pm,11533,
Uttar Pradesh - 2024,22-Nov 5pm,14600,
Uttar Pradesh - 2024,22-Nov 6pm,16066,
Uttar Pradesh - 2024,22-Nov 7pm,16961,
Uttar Pradesh - 2024,22-Nov 8pm,15370,
Uttar Pradesh - 2024,22-Nov 9pm,13959,
Uttar Pradesh - 2024,22-Nov 10pm,12894,
Uttar Pradesh - 2024,22-Nov 11pm,12144,
Uttar Pradesh - 2024,23-Nov 12am,11544,
Uttar Pradesh - 2024,23-Nov 1am,11164,
Uttar Pradesh - 2024,23-Nov 2am,10835,
Uttar Pradesh - 2024,23-Nov 3am,10715,
Uttar Pradesh - 2024,23-Nov 4am,11244,
Uttar Pradesh - 2024,23-Nov 5am,11862,
Uttar Pradesh - 2024,23-Nov 6am,11400,
Uttar Pradesh - 2024,23-Nov 7am,11333,
Uttar Pradesh - 2024,23-Nov 8am,13661,
Uttar Pradesh - 2024,23-Nov 9am,16084,
Uttar Pradesh - 2024,23-Nov 10am,16739,
Uttar Pradesh - 2024,23-Nov 11am,15735,
Uttar Pradesh - 2024,23-Nov 12pm,14295,
Uttar Pradesh - 2024,23-Nov 1pm,12929,
Uttar Pradesh - 2024,23-Nov 2pm,12236,
Uttar Pradesh - 2024,23-Nov 3pm,11754,
Uttar Pradesh - 2024,23-Nov 4pm,11217,
Uttar Pradesh - 2024,23-Nov 5pm,14633,
Uttar Pradesh - 2024,23-Nov 6pm,16969,
Uttar Pradesh - 2024,23-Nov 7pm,16960,
Uttar Pradesh - 2024,23-Nov 8pm,15414,
Uttar Pradesh - 2024,23-Nov 9pm,14158,
Uttar Pradesh - 2024,23-Nov 10pm,13039,
Uttar Pradesh - 2024,23-Nov 11pm,12208,
Uttar Pradesh - 2024,24-Nov 12am,11552,
Uttar Pradesh - 2024,24-Nov 1am,11095,
Uttar Pradesh - 2024,24-Nov 2am,10816,
Uttar Pradesh - 2024,24-Nov 3am,10694,
Uttar Pradesh - 2024,24-Nov 4am,11340,
Uttar Pradesh - 2024,24-Nov 5am,11719,
Uttar Pradesh - 2024,24-Nov 6am,11013,
Uttar Pradesh - 2024,24-Nov 7am,11175,
Uttar Pradesh - 2024,24-Nov 8am,13647,
Uttar Pradesh - 2024,24-Nov 9am,15750,
Uttar Pradesh - 2024,24-Nov 10am,16468,
Uttar Pradesh - 2024,24-Nov 11am,14880,
Uttar Pradesh - 2024,24-Nov 12pm,13845,
Uttar Pradesh - 2024,24-Nov 1pm,12731,
Uttar Pradesh - 2024,24-Nov 2pm,11811,
Uttar Pradesh - 2024,24-Nov 3pm,11350,
Uttar Pradesh - 2024,24-Nov 4pm,10856,
Uttar Pradesh - 2024,24-Nov 5pm,12862,
Uttar Pradesh - 2024,24-Nov 6pm,17049,
Uttar Pradesh - 2024,24-Nov 7pm,16001,
Uttar Pradesh - 2024,24-Nov 8pm,14835,
Uttar Pradesh - 2024,24-Nov 9pm,13565,
Uttar Pradesh - 2024,24-Nov 10pm,12491,
Uttar Pradesh - 2024,24-Nov 11pm,11777,
Uttar Pradesh - 2024,25-Nov 12am,11188,
Uttar Pradesh - 2024,25-Nov 1am,10772,
Uttar Pradesh - 2024,25-Nov 2am,10519,
Uttar Pradesh - 2024,25-Nov 3am,10412,
Uttar Pradesh - 2024,25-Nov 4am,11045,
Uttar Pradesh - 2024,25-Nov 5am,12043,
Uttar Pradesh - 2024,25-Nov 6am,11472,
Uttar Pradesh - 2024,25-Nov 7am,11399,
Uttar Pradesh - 2024,25-Nov 8am,13501,
Uttar Pradesh - 2024,25-Nov 9am,15551,
Uttar Pradesh - 2024,25-Nov 10am,16653,
Uttar Pradesh - 2024,25-Nov 11am,15803,
Uttar Pradesh - 2024,25-Nov 12pm,14403,
Uttar Pradesh - 2024,25-Nov 1pm,13123,
Uttar Pradesh - 2024,25-Nov 2pm,12477,
Uttar Pradesh - 2024,25-Nov 3pm,11657,
Uttar Pradesh - 2024,25-Nov 4pm,11277,
Uttar Pradesh - 2024,25-Nov 5pm,14248,
Uttar Pradesh - 2024,25-Nov 6pm,17265,
Uttar Pradesh - 2024,25-Nov 7pm,16735,
Uttar Pradesh - 2024,25-Nov 8pm,15312,
Uttar Pradesh - 2024,25-Nov 9pm,14132,
Uttar Pradesh - 2024,25-Nov 10pm,12945,
Uttar Pradesh - 2024,25-Nov 11pm,12250,
Uttar Pradesh - 2024,26-Nov 12am,11597,
Uttar Pradesh - 2024,26-Nov 1am,11018,
Uttar Pradesh - 2024,26-Nov 2am,10865,
Uttar Pradesh - 2024,26-Nov 3am,10763,
Uttar Pradesh - 2024,26-Nov 4am,11358,
Uttar Pradesh - 2024,26-Nov 5am,12368,
Uttar Pradesh - 2024,26-Nov 6am,11770,
Uttar Pradesh - 2024,26-Nov 7am,11757,
Uttar Pradesh - 2024,26-Nov 8am,13769,
Uttar Pradesh - 2024,26-Nov 9am,15727,
Uttar Pradesh - 2024,26-Nov 10am,16870,
Uttar Pradesh - 2024,26-Nov 11am,15741,
Uttar Pradesh - 2024,26-Nov 12pm,14263,
Uttar Pradesh - 2024,26-Nov 1pm,12777,
Uttar Pradesh - 2024,26-Nov 2pm,12205,
Uttar Pradesh - 2024,26-Nov 3pm,11161,
Uttar Pradesh - 2024,26-Nov 4pm,11190,
Uttar Pradesh - 2024,26-Nov 5pm,13964,
Uttar Pradesh - 2024,26-Nov 6pm,18014,
Uttar Pradesh - 2024,26-Nov 7pm,16829,
Uttar Pradesh - 2024,26-Nov 8pm,15337,
Uttar Pradesh - 2024,26-Nov 9pm,13984,
Uttar Pradesh - 2024,26-Nov 10pm,12828,
Uttar Pradesh - 2024,26-Nov 11pm,12060,
Uttar Pradesh - 2024,27-Nov 12am,11454,
Uttar Pradesh - 2024,27-Nov 1am,10997,
Uttar Pradesh - 2024,27-Nov 2am,10691,
Uttar Pradesh - 2024,27-Nov 3am,10662,
Uttar Pradesh - 2024,27-Nov 4am,11240,
Uttar Pradesh - 2024,27-Nov 5am,12318,
Uttar Pradesh - 2024,27-Nov 6am,11943,
Uttar Pradesh - 2024,27-Nov 7am,12067,
Uttar Pradesh - 2024,27-Nov 8am,14253,
Uttar Pradesh - 2024,27-Nov 9am,15846,
Uttar Pradesh - 2024,27-Nov 10am,16929,
Uttar Pradesh - 2024,27-Nov 11am,15950,
Uttar Pradesh - 2024,27-Nov 12pm,14523,
Uttar Pradesh - 2024,27-Nov 1pm,13020,
Uttar Pradesh - 2024,27-Nov 2pm,12417,
Uttar Pradesh - 2024,27-Nov 3pm,11500,
Uttar Pradesh - 2024,27-Nov 4pm,11477,
Uttar Pradesh - 2024,27-Nov 5pm,14212,
Uttar Pradesh - 2024,27-Nov 6pm,17775,
Uttar Pradesh - 2024,27-Nov 7pm,16909,
Uttar Pradesh - 2024,27-Nov 8pm,15373,
Uttar Pradesh - 2024,27-Nov 9pm,14003,
Uttar Pradesh - 2024,27-Nov 10pm,12815,
Uttar Pradesh - 2024,27-Nov 11pm,11942,
Uttar Pradesh - 2024,28-Nov 12am,11260,
Uttar Pradesh - 2024,28-Nov 1am,10877,
Uttar Pradesh - 2024,28-Nov 2am,10588,
Uttar Pradesh - 2024,28-Nov 3am,10525,
Uttar Pradesh - 2024,28-Nov 4am,11045,
Uttar Pradesh - 2024,28-Nov 5am,12108,
Uttar Pradesh - 2024,28-Nov 6am,11650,
Uttar Pradesh - 2024,28-Nov 7am,12275,
Uttar Pradesh - 2024,28-Nov 8am,13483,
Uttar Pradesh - 2024,28-Nov 9am,15906,
Uttar Pradesh - 2024,28-Nov 10am,16469,
Uttar Pradesh - 2024,28-Nov 11am,15003,
Uttar Pradesh - 2024,28-Nov 12pm,14282,
Uttar Pradesh - 2024,28-Nov 1pm,12614,
Uttar Pradesh - 2024,28-Nov 2pm,12161,
Uttar Pradesh - 2024,28-Nov 3pm,11542,
Uttar Pradesh - 2024,28-Nov 4pm,11250,
Uttar Pradesh - 2024,28-Nov 5pm,14824,
Uttar Pradesh - 2024,28-Nov 6pm,17500,
Uttar Pradesh - 2024,28-Nov 7pm,16797,
Uttar Pradesh - 2024,28-Nov 8pm,15300,
Uttar Pradesh - 2024,28-Nov 9pm,13991,
Uttar Pradesh - 2024,28-Nov 10pm,12649,
Uttar Pradesh - 2024,28-Nov 11pm,11755,
Uttar Pradesh - 2024,29-Nov 12am,11185,
Uttar Pradesh - 2024,29-Nov 1am,10786,
Uttar Pradesh - 2024,29-Nov 2am,10430,
Uttar Pradesh - 2024,29-Nov 3am,10336,
Uttar Pradesh - 2024,29-Nov 4am,11079,
Uttar Pradesh - 2024,29-Nov 5am,11833,
Uttar Pradesh - 2024,29-Nov 6am,11842,
Uttar Pradesh - 2024,29-Nov 7am,11733,
Uttar Pradesh - 2024,29-Nov 8am,13663,
Uttar Pradesh - 2024,29-Nov 9am,16052,
Uttar Pradesh - 2024,29-Nov 10am,17117,
Uttar Pradesh - 2024,29-Nov 11am,16433,
Uttar Pradesh - 2024,29-Nov 12pm,15104,
Uttar Pradesh - 2024,29-Nov 1pm,13387,
Uttar Pradesh - 2024,29-Nov 2pm,12407,
Uttar Pradesh - 2024,29-Nov 3pm,11416,
Uttar Pradesh - 2024,29-Nov 4pm,10859,
Uttar Pradesh - 2024,29-Nov 5pm,14702,
Uttar Pradesh - 2024,29-Nov 6pm,17136,
Uttar Pradesh - 2024,29-Nov 7pm,17070,
Uttar Pradesh - 2024,29-Nov 8pm,15375,
Uttar Pradesh - 2024,29-Nov 9pm,14006,
Uttar Pradesh - 2024,29-Nov 10pm,12726,
Uttar Pradesh - 2024,29-Nov 11pm,11811,
Uttar Pradesh - 2024,30-Nov 12am,11089,
Uttar Pradesh - 2024,30-Nov 1am,10671,
Uttar Pradesh - 2024,30-Nov 2am,10338,
Uttar Pradesh - 2024,30-Nov 3am,10273,
Uttar Pradesh - 2024,30-Nov 4am,10991,
Uttar Pradesh - 2024,30-Nov 5am,11883,
Uttar Pradesh - 2024,30-Nov 6am,11584,
Uttar Pradesh - 2024,30-Nov 7am,11869,
Uttar Pradesh - 2024,30-Nov 8am,13942,
Uttar Pradesh - 2024,30-Nov 9am,15841,
Uttar Pradesh - 2024,30-Nov 10am,16938,
Uttar Pradesh - 2024,30-Nov 11am,16524,
Uttar Pradesh - 2024,30-Nov 12pm,15034,
Uttar Pradesh - 2024,30-Nov 1pm,13800,
Uttar Pradesh - 2024,30-Nov 2pm,12617,
Uttar Pradesh - 2024,30-Nov 3pm,10915,
Uttar Pradesh - 2024,30-Nov 4pm,9782,
Uttar Pradesh - 2024,30-Nov 5pm,12122,
Uttar Pradesh - 2024,30-Nov 6pm,17114,
Uttar Pradesh - 2024,30-Nov 7pm,17110,
Uttar Pradesh - 2024,30-Nov 8pm,15535,
Uttar Pradesh - 2024,30-Nov 9pm,14030,
Uttar Pradesh - 2024,30-Nov 10pm,12649,
Uttar Pradesh - 2024,30-Nov 11pm,11720,
Uttar Pradesh - 2024,01-Dec 12am,11073,
Uttar Pradesh - 2024,01-Dec 1am,10568,
Uttar Pradesh - 2024,01-Dec 2am,10303,
Uttar Pradesh - 2024,01-Dec 3am,10296,
Uttar Pradesh - 2024,01-Dec 4am,10815,
Uttar Pradesh - 2024,01-Dec 5am,11443,
Uttar Pradesh - 2024,01-Dec 6am,10998,
Uttar Pradesh - 2024,01-Dec 7am,11017,
Uttar Pradesh - 2024,01-Dec 8am,12965,
Uttar Pradesh - 2024,01-Dec 9am,15452,
Uttar Pradesh - 2024,01-Dec 10am,17086,
Uttar Pradesh - 2024,01-Dec 11am,15917,
Uttar Pradesh - 2024,01-Dec 12pm,14135,
Uttar Pradesh - 2024,01-Dec 1pm,12910,
Uttar Pradesh - 2024,01-Dec 2pm,11801,
Uttar Pradesh - 2024,01-Dec 3pm,10842,
Uttar Pradesh - 2024,01-Dec 4pm,10194,
Uttar Pradesh - 2024,01-Dec 5pm,13376,
Uttar Pradesh - 2024,01-Dec 6pm,17187,
Uttar Pradesh - 2024,01-Dec 7pm,16143,
Uttar Pradesh - 2024,01-Dec 8pm,14932,
Uttar Pradesh - 2024,01-Dec 9pm,13599,
Uttar Pradesh - 2024,01-Dec 10pm,12345,
Uttar Pradesh - 2024,01-Dec 11pm,11391,
Uttar Pradesh - 2024,02-Dec 12am,10785,
Uttar Pradesh - 2024,02-Dec 1am,10207,
Uttar Pradesh - 2024,02-Dec 2am,10089,
Uttar Pradesh - 2024,02-Dec 3am,10019,
Uttar Pradesh - 2024,02-Dec 4am,10747,
Uttar Pradesh - 2024,02-Dec 5am,11749,
Uttar Pradesh - 2024,02-Dec 6am,11566,
Uttar Pradesh - 2024,02-Dec 7am,12264,
Uttar Pradesh - 2024,02-Dec 8am,13691,
Uttar Pradesh - 2024,02-Dec 9am,15835,
Uttar Pradesh - 2024,02-Dec 10am,17196,
Uttar Pradesh - 2024,02-Dec 11am,15754,
Uttar Pradesh - 2024,02-Dec 12pm,14242,
Uttar Pradesh - 2024,02-Dec 1pm,13090,
Uttar Pradesh - 2024,02-Dec 2pm,12127,
Uttar Pradesh - 2024,02-Dec 3pm,11210,
Uttar Pradesh - 2024,02-Dec 4pm,11008,
Uttar Pradesh - 2024,02-Dec 5pm,13866,
Uttar Pradesh - 2024,02-Dec 6pm,17809,
Uttar Pradesh - 2024,02-Dec 7pm,16659,
Uttar Pradesh - 2024,02-Dec 8pm,15242,
Uttar Pradesh - 2024,02-Dec 9pm,13782,
Uttar Pradesh - 2024,02-Dec 10pm,12529,
Uttar Pradesh - 2024,02-Dec 11pm,11735,
Uttar Pradesh - 2024,03-Dec 12am,11130,
Uttar Pradesh - 2024,03-Dec 1am,10583,
Uttar Pradesh - 2024,03-Dec 2am,10388,
Uttar Pradesh - 2024,03-Dec 3am,10409,
Uttar Pradesh - 2024,03-Dec 4am,11053,
Uttar Pradesh - 2024,03-Dec 5am,11848,
Uttar Pradesh - 2024,03-Dec 6am,11885,
Uttar Pradesh - 2024,03-Dec 7am,12359,
Uttar Pradesh - 2024,03-Dec 8am,13831,
Uttar Pradesh - 2024,03-Dec 9am,15954,
Uttar Pradesh - 2024,03-Dec 10am,16699,
Uttar Pradesh - 2024,03-Dec 11am,15767,
Uttar Pradesh - 2024,03-Dec 12pm,14376,
Uttar Pradesh - 2024,03-Dec 1pm,12660,
Uttar Pradesh - 2024,03-Dec 2pm,11983,
Uttar Pradesh - 2024,03-Dec 3pm,11708,
Uttar Pradesh - 2024,03-Dec 4pm,10768,
Uttar Pradesh - 2024,03-Dec 5pm,14358,
Uttar Pradesh - 2024,03-Dec 6pm,18064,
Uttar Pradesh - 2024,03-Dec 7pm,17113,
Uttar Pradesh - 2024,03-Dec 8pm,15296,
Uttar Pradesh - 2024,03-Dec 9pm,13947,
Uttar Pradesh - 2024,03-Dec 10pm,12608,
Uttar Pradesh - 2024,03-Dec 11pm,11660,
Uttar Pradesh - 2024,04-Dec 12am,10969,
Uttar Pradesh - 2024,04-Dec 1am,10470,
Uttar Pradesh - 2024,04-Dec 2am,10293,
Uttar Pradesh - 2024,04-Dec 3am,10264,
Uttar Pradesh - 2024,04-Dec 4am,10562,
Uttar Pradesh - 2024,04-Dec 5am,11932,
Uttar Pradesh - 2024,04-Dec 6am,11545,
Uttar Pradesh - 2024,04-Dec 7am,12228,
Uttar Pradesh - 2024,04-Dec 8am,14294,
Uttar Pradesh - 2024,04-Dec 9am,15980,
Uttar Pradesh - 2024,04-Dec 10am,17137,
Uttar Pradesh - 2024,04-Dec 11am,15949,
Uttar Pradesh - 2024,04-Dec 12pm,14278,
Uttar Pradesh - 2024,04-Dec 1pm,12552,
Uttar Pradesh - 2024,04-Dec 2pm,11949,
Uttar Pradesh - 2024,04-Dec 3pm,11418,
Uttar Pradesh - 2024,04-Dec 4pm,11029,
Uttar Pradesh - 2024,04-Dec 5pm,13703,
Uttar Pradesh - 2024,04-Dec 6pm,18018,
Uttar Pradesh - 2024,04-Dec 7pm,17002,
Uttar Pradesh - 2024,04-Dec 8pm,15479,
Uttar Pradesh - 2024,04-Dec 9pm,14158,
Uttar Pradesh - 2024,04-Dec 10pm,12764,
Uttar Pradesh - 2024,04-Dec 11pm,11865,
Uttar Pradesh - 2024,05-Dec 12am,11173,
Uttar Pradesh - 2024,05-Dec 1am,10785,
Uttar Pradesh - 2024,05-Dec 2am,10462,
Uttar Pradesh - 2024,05-Dec 3am,10454,
Uttar Pradesh - 2024,05-Dec 4am,11144,
Uttar Pradesh - 2024,05-Dec 5am,11982,
Uttar Pradesh - 2024,05-Dec 6am,11834,
Uttar Pradesh - 2024,05-Dec 7am,12638,
Uttar Pradesh - 2024,05-Dec 8am,14353,
Uttar Pradesh - 2024,05-Dec 9am,16144,
Uttar Pradesh - 2024,05-Dec 10am,17360,
Uttar Pradesh - 2024,05-Dec 11am,15990,
Uttar Pradesh - 2024,05-Dec 12pm,14158,
Uttar Pradesh - 2024,05-Dec 1pm,12519,
Uttar Pradesh - 2024,05-Dec 2pm,11917,
Uttar Pradesh - 2024,05-Dec 3pm,11504,
Uttar Pradesh - 2024,05-Dec 4pm,10870,
Uttar Pradesh - 2024,05-Dec 5pm,13478,
Uttar Pradesh - 2024,05-Dec 6pm,17381,
Uttar Pradesh - 2024,05-Dec 7pm,17248,
Uttar Pradesh - 2024,05-Dec 8pm,15748,
Uttar Pradesh - 2024,05-Dec 9pm,14128,
Uttar Pradesh - 2024,05-Dec 10pm,12724,
Uttar Pradesh - 2024,05-Dec 11pm,11844,
Uttar Pradesh - 2024,06-Dec 12am,11198,
Uttar Pradesh - 2024,06-Dec 1am,10644,
Uttar Pradesh - 2024,06-Dec 2am,10297,
Uttar Pradesh - 2024,06-Dec 3am,10298,
Uttar Pradesh - 2024,06-Dec 4am,10972,
Uttar Pradesh - 2024,06-Dec 5am,11987,
Uttar Pradesh - 2024,06-Dec 6am,12025,
Uttar Pradesh - 2024,06-Dec 7am,12709,
Uttar Pradesh - 2024,06-Dec 8am,14312,
Uttar Pradesh - 2024,06-Dec 9am,16350,
Uttar Pradesh - 2024,06-Dec 10am,17740,
Uttar Pradesh - 2024,06-Dec 11am,17260,
Uttar Pradesh - 2024,06-Dec 12pm,15584,
Uttar Pradesh - 2024,06-Dec 1pm,13873,
Uttar Pradesh - 2024,06-Dec 2pm,12534,
Uttar Pradesh - 2024,06-Dec 3pm,11854,
Uttar Pradesh - 2024,06-Dec 4pm,11696,
Uttar Pradesh - 2024,06-Dec 5pm,13956,
Uttar Pradesh - 2024,06-Dec 6pm,15364,
Uttar Pradesh - 2024,06-Dec 7pm,17540,
Uttar Pradesh - 2024,06-Dec 8pm,15861,
Uttar Pradesh - 2024,06-Dec 9pm,14209,
Uttar Pradesh - 2024,06-Dec 10pm,12750,
Uttar Pradesh - 2024,06-Dec 11pm,11778,
Uttar Pradesh - 2024,07-Dec 12am,11025,
Uttar Pradesh - 2024,07-Dec 1am,10455,
Uttar Pradesh - 2024,07-Dec 2am,10197,
Uttar Pradesh - 2024,07-Dec 3am,10159,
Uttar Pradesh - 2024,07-Dec 4am,10833,
Uttar Pradesh - 2024,07-Dec 5am,11610,
Uttar Pradesh - 2024,07-Dec 6am,11523,
Uttar Pradesh - 2024,07-Dec 7am,12257,
Uttar Pradesh - 2024,07-Dec 8am,14222,
Uttar Pradesh - 2024,07-Dec 9am,16113,
Uttar Pradesh - 2024,07-Dec 10am,17200,
Uttar Pradesh - 2024,07-Dec 11am,17161,
Uttar Pradesh - 2024,07-Dec 12pm,15267,
Uttar Pradesh - 2024,07-Dec 1pm,13814,
Uttar Pradesh - 2024,07-Dec 2pm,12381,
Uttar Pradesh - 2024,07-Dec 3pm,12044,
Uttar Pradesh - 2024,07-Dec 4pm,11993,
Uttar Pradesh - 2024,07-Dec 5pm,14300,
Uttar Pradesh - 2024,07-Dec 6pm,18507,
Uttar Pradesh - 2024,07-Dec 7pm,17578,
Uttar Pradesh - 2024,07-Dec 8pm,15867,
Uttar Pradesh - 2024,07-Dec 9pm,14265,
Uttar Pradesh - 2024,07-Dec 10pm,12711,
Uttar Pradesh - 2024,07-Dec 11pm,11728,
Uttar Pradesh - 2024,08-Dec 12am,10978,
Uttar Pradesh - 2024,08-Dec 1am,10462,
Uttar Pradesh - 2024,08-Dec 2am,10180,
Uttar Pradesh - 2024,08-Dec 3am,10179,
Uttar Pradesh - 2024,08-Dec 4am,10765,
Uttar Pradesh - 2024,08-Dec 5am,11341,
Uttar Pradesh - 2024,08-Dec 6am,11121,
Uttar Pradesh - 2024,08-Dec 7am,11309,
Uttar Pradesh - 2024,08-Dec 8am,13866,
Uttar Pradesh - 2024,08-Dec 9am,16431,
Uttar Pradesh - 2024,08-Dec 10am,17278,
Uttar Pradesh - 2024,08-Dec 11am,16869,
Uttar Pradesh - 2024,08-Dec 12pm,15281,
Uttar Pradesh - 2024,08-Dec 1pm,13583,
Uttar Pradesh - 2024,08-Dec 2pm,13623,
Uttar Pradesh - 2024,08-Dec 3pm,11728,
Uttar Pradesh - 2024,08-Dec 4pm,11216,
Uttar Pradesh - 2024,08-Dec 5pm,14060,
Uttar Pradesh - 2024,08-Dec 6pm,17858,
Uttar Pradesh - 2024,08-Dec 7pm,16844,
Uttar Pradesh - 2024,08-Dec 8pm,15471,
Uttar Pradesh - 2024,08-Dec 9pm,13646,
Uttar Pradesh - 2024,08-Dec 10pm,11876,
Uttar Pradesh - 2024,08-Dec 11pm,10776,
Uttar Pradesh - 2024,09-Dec 12am,10038,
Uttar Pradesh - 2024,09-Dec 1am,9675,
Uttar Pradesh - 2024,09-Dec 2am,9304,
Uttar Pradesh - 2024,09-Dec 3am,9199,
Uttar Pradesh - 2024,09-Dec 4am,9855,
Uttar Pradesh - 2024,09-Dec 5am,11170,
Uttar Pradesh - 2024,09-Dec 6am,10846,
Uttar Pradesh - 2024,09-Dec 7am,11860,
Uttar Pradesh - 2024,09-Dec 8am,14344,
Uttar Pradesh - 2024,09-Dec 9am,16584,
Uttar Pradesh - 2024,09-Dec 10am,17597,
Uttar Pradesh - 2024,09-Dec 11am,17023,
Uttar Pradesh - 2024,09-Dec 12pm,15042,
Uttar Pradesh - 2024,09-Dec 1pm,13440,
Uttar Pradesh - 2024,09-Dec 2pm,12719,
Uttar Pradesh - 2024,09-Dec 3pm,12281,
Uttar Pradesh - 2024,09-Dec 4pm,11628,
Uttar Pradesh - 2024,09-Dec 5pm,13884,
Uttar Pradesh - 2024,09-Dec 6pm,17992,
Uttar Pradesh - 2024,09-Dec 7pm,17172,
Uttar Pradesh - 2024,09-Dec 8pm,16177,
Uttar Pradesh - 2024,09-Dec 9pm,14546,
Uttar Pradesh - 2024,09-Dec 10pm,13014,
Uttar Pradesh - 2024,09-Dec 11pm,12041,
Uttar Pradesh - 2024,10-Dec 12am,11277,
Uttar Pradesh - 2024,10-Dec 1am,10798,
Uttar Pradesh - 2024,10-Dec 2am,10455,
Uttar Pradesh - 2024,10-Dec 3am,10542,
Uttar Pradesh - 2024,10-Dec 4am,11244,
Uttar Pradesh - 2024,10-Dec 5am,12122,
Uttar Pradesh - 2024,10-Dec 6am,12240,
Uttar Pradesh - 2024,10-Dec 7am,12403,
Uttar Pradesh - 2024,10-Dec 8am,15082,
Uttar Pradesh - 2024,10-Dec 9am,16815,
Uttar Pradesh - 2024,10-Dec 10am,18005,
Uttar Pradesh - 2024,10-Dec 11am,16960,
Uttar Pradesh - 2024,10-Dec 12pm,15213,
Uttar Pradesh - 2024,10-Dec 1pm,13163,
Uttar Pradesh - 2024,10-Dec 2pm,12378,
Uttar Pradesh - 2024,10-Dec 3pm,11868,
Uttar Pradesh - 2024,10-Dec 4pm,11606,
Uttar Pradesh - 2024,10-Dec 5pm,13951,
Uttar Pradesh - 2024,10-Dec 6pm,18789,
Uttar Pradesh - 2024,10-Dec 7pm,18197,
Uttar Pradesh - 2024,10-Dec 8pm,16362,
Uttar Pradesh - 2024,10-Dec 9pm,14589,
Uttar Pradesh - 2024,10-Dec 10pm,13054,
Uttar Pradesh - 2024,10-Dec 11pm,11981,
Uttar Pradesh - 2024,11-Dec 12am,11136,
Uttar Pradesh - 2024,11-Dec 1am,10696,
Uttar Pradesh - 2024,11-Dec 2am,10368,
Uttar Pradesh - 2024,11-Dec 3am,10315,
Uttar Pradesh - 2024,11-Dec 4am,10906,
Uttar Pradesh - 2024,11-Dec 5am,11884,
Uttar Pradesh - 2024,11-Dec 6am,12134,
Uttar Pradesh - 2024,11-Dec 7am,12594,
Uttar Pradesh - 2024,11-Dec 8am,14490,
Uttar Pradesh - 2024,11-Dec 9am,16455,
Uttar Pradesh - 2024,11-Dec 10am,18594,
Uttar Pradesh - 2024,11-Dec 11am,17381,
Uttar Pradesh - 2024,11-Dec 12pm,16292,
Uttar Pradesh - 2024,11-Dec 1pm,13728,
Uttar Pradesh - 2024,11-Dec 2pm,13064,
Uttar Pradesh - 2024,11-Dec 3pm,12021,
Uttar Pradesh - 2024,11-Dec 4pm,11961,
Uttar Pradesh - 2024,11-Dec 5pm,14233,
Uttar Pradesh - 2024,11-Dec 6pm,19292,
Uttar Pradesh - 2024,11-Dec 7pm,18501,
Uttar Pradesh - 2024,11-Dec 8pm,16815,
Uttar Pradesh - 2024,11-Dec 9pm,15007,
Uttar Pradesh - 2024,11-Dec 10pm,13270,
Uttar Pradesh - 2024,11-Dec 11pm,12270,
Uttar Pradesh - 2024,12-Dec 12am,11129,
Uttar Pradesh - 2024,12-Dec 1am,10839,
Uttar Pradesh - 2024,12-Dec 2am,10494,
Uttar Pradesh - 2024,12-Dec 3am,10433,
Uttar Pradesh - 2024,12-Dec 4am,10996,
Uttar Pradesh - 2024,12-Dec 5am,11902,
Uttar Pradesh - 2024,12-Dec 6am,12070,
Uttar Pradesh - 2024,12-Dec 7am,12447,
Uttar Pradesh - 2024,12-Dec 8am,14990,
Uttar Pradesh - 2024,12-Dec 9am,16885,
Uttar Pradesh - 2024,12-Dec 10am,18589,
Uttar Pradesh - 2024,12-Dec 11am,18589,
Uttar Pradesh - 2024,12-Dec 12pm,18589,
Uttar Pradesh - 2024,12-Dec 1pm,18589,
Uttar Pradesh - 2024,12-Dec 2pm,11985,
Uttar Pradesh - 2024,12-Dec 3pm,12402,
Uttar Pradesh - 2024,12-Dec 4pm,11900,
Uttar Pradesh - 2024,12-Dec 5pm,14110,
Uttar Pradesh - 2024,12-Dec 6pm,16102,
Uttar Pradesh - 2024,12-Dec 7pm,18870,
Uttar Pradesh - 2024,12-Dec 8pm,17362,
Uttar Pradesh - 2024,12-Dec 9pm,15406,
Uttar Pradesh - 2024,12-Dec 10pm,13652,
Uttar Pradesh - 2024,12-Dec 11pm,12379,
Uttar Pradesh - 2024,13-Dec 12am,11475,
Uttar Pradesh - 2024,13-Dec 1am,10949,
Uttar Pradesh - 2024,13-Dec 2am,10630,
Uttar Pradesh - 2024,13-Dec 3am,10690,
Uttar Pradesh - 2024,13-Dec 4am,11496,
Uttar Pradesh - 2024,13-Dec 5am,12512,
Uttar Pradesh - 2024,13-Dec 6am,12529,
Uttar Pradesh - 2024,13-Dec 7am,13147,
Uttar Pradesh - 2024,13-Dec 8am,16001,
Uttar Pradesh - 2024,13-Dec 9am,17536,
Uttar Pradesh - 2024,13-Dec 10am,18899,
Uttar Pradesh - 2024,13-Dec 11am,18616,
Uttar Pradesh - 2024,13-Dec 12pm,17445,
Uttar Pradesh - 2024,13-Dec 1pm,14559,
Uttar Pradesh - 2024,13-Dec 2pm,12920,
Uttar Pradesh - 2024,13-Dec 3pm,12546,
Uttar Pradesh - 2024,13-Dec 4pm,12204,
Uttar Pradesh - 2024,13-Dec 5pm,14878,
Uttar Pradesh - 2024,13-Dec 6pm,19572,
Uttar Pradesh - 2024,13-Dec 7pm,18937,
Uttar Pradesh - 2024,13-Dec 8pm,17329,
Uttar Pradesh - 2024,13-Dec 9pm,15466,
Uttar Pradesh - 2024,13-Dec 10pm,13586,
Uttar Pradesh - 2024,13-Dec 11pm,12346,
Uttar Pradesh - 2024,14-Dec 12am,11467,
Uttar Pradesh - 2024,14-Dec 1am,10876,
Uttar Pradesh - 2024,14-Dec 2am,10619,
Uttar Pradesh - 2024,14-Dec 3am,10607,
Uttar Pradesh - 2024,14-Dec 4am,11290,
Uttar Pradesh - 2024,14-Dec 5am,12200,
Uttar Pradesh - 2024,14-Dec 6am,12442,
Uttar Pradesh - 2024,14-Dec 7am,12679,
Uttar Pradesh - 2024,14-Dec 8am,15858,
Uttar Pradesh - 2024,14-Dec 9am,17281,
Uttar Pradesh - 2024,14-Dec 10am,18988,
Uttar Pradesh - 2024,14-Dec 11am,18035,
Uttar Pradesh - 2024,14-Dec 12pm,16166,
Uttar Pradesh - 2024,14-Dec 1pm,13920,
Uttar Pradesh - 2024,14-Dec 2pm,13590,
Uttar Pradesh - 2024,14-Dec 3pm,13235,
Uttar Pradesh - 2024,14-Dec 4pm,12921,
Uttar Pradesh - 2024,14-Dec 5pm,14281,
Uttar Pradesh - 2024,14-Dec 6pm,18900,
Uttar Pradesh - 2024,14-Dec 7pm,19448,
Uttar Pradesh - 2024,14-Dec 8pm,17713,
Uttar Pradesh - 2024,14-Dec 9pm,15821,
Uttar Pradesh - 2024,14-Dec 10pm,13957,
Uttar Pradesh - 2024,14-Dec 11pm,12731,
Uttar Pradesh - 2024,15-Dec 12am,11628,
Uttar Pradesh - 2024,15-Dec 1am,11172,
Uttar Pradesh - 2024,15-Dec 2am,10819,
Uttar Pradesh - 2024,15-Dec 3am,10663,
Uttar Pradesh - 2024,15-Dec 4am,11251,
Uttar Pradesh - 2024,15-Dec 5am,11731,
Uttar Pradesh - 2024,15-Dec 6am,11558,
Uttar Pradesh - 2024,15-Dec 7am,12195,
Uttar Pradesh - 2024,15-Dec 8am,14770,
Uttar Pradesh - 2024,15-Dec 9am,17836,
Uttar Pradesh - 2024,15-Dec 10am,19791,
Uttar Pradesh - 2024,15-Dec 11am,18929,
Uttar Pradesh - 2024,15-Dec 12pm,16951,
Uttar Pradesh - 2024,15-Dec 1pm,14809,
Uttar Pradesh - 2024,15-Dec 2pm,14115,
Uttar Pradesh - 2024,15-Dec 3pm,12839,
Uttar Pradesh - 2024,15-Dec 4pm,12771,
Uttar Pradesh - 2024,15-Dec 5pm,14386,
Uttar Pradesh - 2024,15-Dec 6pm,18947,
Uttar Pradesh - 2024,15-Dec 7pm,18636,
Uttar Pradesh - 2024,15-Dec 8pm,17142,
Uttar Pradesh - 2024,15-Dec 9pm,15391,
Uttar Pradesh - 2024,15-Dec 10pm,13565,
Uttar Pradesh - 2024,15-Dec 11pm,12261,
Uttar Pradesh - 2024,16-Dec 12am,11357,
Uttar Pradesh - 2024,16-Dec 1am,10843,
Uttar Pradesh - 2024,16-Dec 2am,10606,
Uttar Pradesh - 2024,16-Dec 3am,10556,
Uttar Pradesh - 2024,16-Dec 4am,11329,
Uttar Pradesh - 2024,16-Dec 5am,12221,
Uttar Pradesh - 2024,16-Dec 6am,12384,
Uttar Pradesh - 2024,16-Dec 7am,12897,
Uttar Pradesh - 2024,16-Dec 8am,15567,
Uttar Pradesh - 2024,16-Dec 9am,17968,
Uttar Pradesh - 2024,16-Dec 10am,19262,
Uttar Pradesh - 2024,16-Dec 11am,18476,
Uttar Pradesh - 2024,16-Dec 12pm,16744,
Uttar Pradesh - 2024,16-Dec 1pm,15132,
Uttar Pradesh - 2024,16-Dec 2pm,13870,
Uttar Pradesh - 2024,16-Dec 3pm,13483,
Uttar Pradesh - 2024,16-Dec 4pm,12680,
Uttar Pradesh - 2024,16-Dec 5pm,13961,
Uttar Pradesh - 2024,16-Dec 6pm,18692,
Uttar Pradesh - 2024,16-Dec 7pm,19751,
Uttar Pradesh - 2024,16-Dec 8pm,18198,
Uttar Pradesh - 2024,16-Dec 9pm,16127,
Uttar Pradesh - 2024,16-Dec 10pm,14155,
Uttar Pradesh - 2024,16-Dec 11pm,12843,
Uttar Pradesh - 2024,17-Dec 12am,11872,
Uttar Pradesh - 2024,17-Dec 1am,11308,
Uttar Pradesh - 2024,17-Dec 2am,10967,
Uttar Pradesh - 2024,17-Dec 3am,10934,
Uttar Pradesh - 2024,17-Dec 4am,11773,
Uttar Pradesh - 2024,17-Dec 5am,12571,
Uttar Pradesh - 2024,17-Dec 6am,12887,
Uttar Pradesh - 2024,17-Dec 7am,13141,
Uttar Pradesh - 2024,17-Dec 8am,15938,
Uttar Pradesh - 2024,17-Dec 9am,18003,
Uttar Pradesh - 2024,17-Dec 10am,19591,
Uttar Pradesh - 2024,17-Dec 11am,18893,
Uttar Pradesh - 2024,17-Dec 12pm,17348,
Uttar Pradesh - 2024,17-Dec 1pm,14959,
Uttar Pradesh - 2024,17-Dec 2pm,14101,
Uttar Pradesh - 2024,17-Dec 3pm,12893,
Uttar Pradesh - 2024,17-Dec 4pm,13101,
Uttar Pradesh - 2024,17-Dec 5pm,14628,
Uttar Pradesh - 2024,17-Dec 6pm,18663,
Uttar Pradesh - 2024,17-Dec 7pm,19942,
Uttar Pradesh - 2024,17-Dec 8pm,18200,
Uttar Pradesh - 2024,17-Dec 9pm,16244,
Uttar Pradesh - 2024,17-Dec 10pm,14369,
Uttar Pradesh - 2024,17-Dec 11pm,12890,
Uttar Pradesh - 2024,18-Dec 12am,11930,
Uttar Pradesh - 2024,18-Dec 1am,11467,
Uttar Pradesh - 2024,18-Dec 2am,11094,
Uttar Pradesh - 2024,18-Dec 3am,11049,
Uttar Pradesh - 2024,18-Dec 4am,11925,
Uttar Pradesh - 2024,18-Dec 5am,12778,
Uttar Pradesh - 2024,18-Dec 6am,13127,
Uttar Pradesh - 2024,18-Dec 7am,13679,
Uttar Pradesh - 2024,18-Dec 8am,16139,
Uttar Pradesh - 2024,18-Dec 9am,17461,
Uttar Pradesh - 2024,18-Dec 10am,19233,
Uttar Pradesh - 2024,18-Dec 11am,18733,
Uttar Pradesh - 2024,18-Dec 12pm,17294,
Uttar Pradesh - 2024,18-Dec 1pm,15805,
Uttar Pradesh - 2024,18-Dec 2pm,14284,
Uttar Pradesh - 2024,18-Dec 3pm,13360,
Uttar Pradesh - 2024,18-Dec 4pm,13127,
Uttar Pradesh - 2024,18-Dec 5pm,14699,
Uttar Pradesh - 2024,18-Dec 6pm,16487,
Uttar Pradesh - 2024,18-Dec 7pm,19385,
Uttar Pradesh - 2024,18-Dec 8pm,18585,
Uttar Pradesh - 2024,18-Dec 9pm,16599,
Uttar Pradesh - 2024,18-Dec 10pm,14631,
Uttar Pradesh - 2024,18-Dec 11pm,13034,
Uttar Pradesh - 2024,19-Dec 12am,12115,
Uttar Pradesh - 2024,19-Dec 1am,11556,
Uttar Pradesh - 2024,19-Dec 2am,11257,
Uttar Pradesh - 2024,19-Dec 3am,11202,
Uttar Pradesh - 2024,19-Dec 4am,11970,
Uttar Pradesh - 2024,19-Dec 5am,12666,
Uttar Pradesh - 2024,19-Dec 6am,13437,
Uttar Pradesh - 2024,19-Dec 7am,13510,
Uttar Pradesh - 2024,19-Dec 8am,16002,
Uttar Pradesh - 2024,19-Dec 9am,17447,
Uttar Pradesh - 2024,19-Dec 10am,19111,
Uttar Pradesh - 2024,19-Dec 11am,18346,
Uttar Pradesh - 2024,19-Dec 12pm,16969,
Uttar Pradesh - 2024,19-Dec 1pm,15415,
Uttar Pradesh - 2024,19-Dec 2pm,14259,
Uttar Pradesh - 2024,19-Dec 3pm,13389,
Uttar Pradesh - 2024,19-Dec 4pm,12319,
Uttar Pradesh - 2024,19-Dec 5pm,15160,
Uttar Pradesh - 2024,19-Dec 6pm,17884,
Uttar Pradesh - 2024,19-Dec 7pm,20507,
Uttar Pradesh - 2024,19-Dec 8pm,18764,
Uttar Pradesh - 2024,19-Dec 9pm,16836,
Uttar Pradesh - 2024,19-Dec 10pm,14797,
Uttar Pradesh - 2024,19-Dec 11pm,13307,
Uttar Pradesh - 2024,20-Dec 12am,12331,
Uttar Pradesh - 2024,20-Dec 1am,11714,
Uttar Pradesh - 2024,20-Dec 2am,11366,
Uttar Pradesh - 2024,20-Dec 3am,11377,
Uttar Pradesh - 2024,20-Dec 4am,12214,
Uttar Pradesh - 2024,20-Dec 5am,13270,
Uttar Pradesh - 2024,20-Dec 6am,13169,
Uttar Pradesh - 2024,20-Dec 7am,14011,
Uttar Pradesh - 2024,20-Dec 8am,15974,
Uttar Pradesh - 2024,20-Dec 9am,18522,
Uttar Pradesh - 2024,20-Dec 10am,20379,
Uttar Pradesh - 2024,20-Dec 11am,19914,
Uttar Pradesh - 2024,20-Dec 12pm,17787,
Uttar Pradesh - 2024,20-Dec 1pm,15619,
Uttar Pradesh - 2024,20-Dec 2pm,14667,
Uttar Pradesh - 2024,20-Dec 3pm,13331,
Uttar Pradesh - 2024,20-Dec 4pm,12671,
Uttar Pradesh - 2024,20-Dec 5pm,15575,
Uttar Pradesh - 2024,20-Dec 6pm,20306,
Uttar Pradesh - 2024,20-Dec 7pm,19786,
Uttar Pradesh - 2024,20-Dec 8pm,18301,
Uttar Pradesh - 2024,20-Dec 9pm,16338,
Uttar Pradesh - 2024,20-Dec 10pm,14547,
Uttar Pradesh - 2024,20-Dec 11pm,13070,
Uttar Pradesh - 2024,21-Dec 12am,12155,
Uttar Pradesh - 2024,21-Dec 1am,11618,
Uttar Pradesh - 2024,21-Dec 2am,11268,
Uttar Pradesh - 2024,21-Dec 3am,11251,
Uttar Pradesh - 2024,21-Dec 4am,12065,
Uttar Pradesh - 2024,21-Dec 5am,13204,
Uttar Pradesh - 2024,21-Dec 6am,12846,
Uttar Pradesh - 2024,21-Dec 7am,13503,
Uttar Pradesh - 2024,21-Dec 8am,15885,
Uttar Pradesh - 2024,21-Dec 9am,18422,
Uttar Pradesh - 2024,21-Dec 10am,19352,
Uttar Pradesh - 2024,21-Dec 11am,18973,
Uttar Pradesh - 2024,21-Dec 12pm,17269,
Uttar Pradesh - 2024,21-Dec 1pm,14996,
Uttar Pradesh - 2024,21-Dec 2pm,13696,
Uttar Pradesh - 2024,21-Dec 3pm,12659,
Uttar Pradesh - 2024,21-Dec 4pm,12399,
Uttar Pradesh - 2024,21-Dec 5pm,15177,
Uttar Pradesh - 2024,21-Dec 6pm,20423,
Uttar Pradesh - 2024,21-Dec 7pm,19878,
Uttar Pradesh - 2024,21-Dec 8pm,18234,
Uttar Pradesh - 2024,21-Dec 9pm,16440,
Uttar Pradesh - 2024,21-Dec 10pm,14495,
Uttar Pradesh - 2024,21-Dec 11pm,13079,
Uttar Pradesh - 2024,22-Dec 12am,12188,
Uttar Pradesh - 2024,22-Dec 1am,11578,
Uttar Pradesh - 2024,22-Dec 2am,11355,
Uttar Pradesh - 2024,22-Dec 3am,11248,
Uttar Pradesh - 2024,22-Dec 4am,11726,
Uttar Pradesh - 2024,22-Dec 5am,12434,
Uttar Pradesh - 2024,22-Dec 6am,12367,
Uttar Pradesh - 2024,22-Dec 7am,12536,
Uttar Pradesh - 2024,22-Dec 8am,14788,
Uttar Pradesh - 2024,22-Dec 9am,17730,
Uttar Pradesh - 2024,22-Dec 10am,19868,
Uttar Pradesh - 2024,22-Dec 11am,19479,
Uttar Pradesh - 2024,22-Dec 12pm,18086,
Uttar Pradesh - 2024,22-Dec 1pm,16106,
Uttar Pradesh - 2024,22-Dec 2pm,14248,
Uttar Pradesh - 2024,22-Dec 3pm,12572,
Uttar Pradesh - 2024,22-Dec 4pm,11288,
Uttar Pradesh - 2024,22-Dec 5pm,14538,
Uttar Pradesh - 2024,22-Dec 6pm,18972,
Uttar Pradesh - 2024,22-Dec 7pm,18854,
Uttar Pradesh - 2024,22-Dec 8pm,17631,
Uttar Pradesh - 2024,22-Dec 9pm,15824,
Uttar Pradesh - 2024,22-Dec 10pm,14215,
Uttar Pradesh - 2024,22-Dec 11pm,12728,
Uttar Pradesh - 2024,23-Dec 12am,11833,
Uttar Pradesh - 2024,23-Dec 1am,11295,
Uttar Pradesh - 2024,23-Dec 2am,10956,
Uttar Pradesh - 2024,23-Dec 3am,10851,
Uttar Pradesh - 2024,23-Dec 4am,11638,
Uttar Pradesh - 2024,23-Dec 5am,12629,
Uttar Pradesh - 2024,23-Dec 6am,11483,
Uttar Pradesh - 2024,23-Dec 7am,13293,
Uttar Pradesh - 2024,23-Dec 8am,15362,
Uttar Pradesh - 2024,23-Dec 9am,17613,
Uttar Pradesh - 2024,23-Dec 10am,19953,
Uttar Pradesh - 2024,23-Dec 11am,18686,
Uttar Pradesh - 2024,23-Dec 12pm,16603,
Uttar Pradesh - 2024,23-Dec 1pm,15058,
Uttar Pradesh - 2024,23-Dec 2pm,13920,
Uttar Pradesh - 2024,23-Dec 3pm,13452,
Uttar Pradesh - 2024,23-Dec 4pm,12175,
Uttar Pradesh - 2024,23-Dec 5pm,15752,
Uttar Pradesh - 2024,23-Dec 6pm,19281,
Uttar Pradesh - 2024,23-Dec 7pm,19756,
Uttar Pradesh - 2024,23-Dec 8pm,18153,
Uttar Pradesh - 2024,23-Dec 9pm,16144,
Uttar Pradesh - 2024,23-Dec 10pm,14301,
Uttar Pradesh - 2024,23-Dec 11pm,12708,
Uttar Pradesh - 2024,24-Dec 12am,11682,
Uttar Pradesh - 2024,24-Dec 1am,11013,
Uttar Pradesh - 2024,24-Dec 2am,10645,
Uttar Pradesh - 2024,24-Dec 3am,10765,
Uttar Pradesh - 2024,24-Dec 4am,11385,
Uttar Pradesh - 2024,24-Dec 5am,12434,
Uttar Pradesh - 2024,24-Dec 6am,11984,
Uttar Pradesh - 2024,24-Dec 7am,13222,
Uttar Pradesh - 2024,24-Dec 8am,14908,
Uttar Pradesh - 2024,24-Dec 9am,17627,
Uttar Pradesh - 2024,24-Dec 10am,18947,
Uttar Pradesh - 2024,24-Dec 11am,17918,
Uttar Pradesh - 2024,24-Dec 12pm,15793,
Uttar Pradesh - 2024,24-Dec 1pm,13761,
Uttar Pradesh - 2024,24-Dec 2pm,13167,
Uttar Pradesh - 2024,24-Dec 3pm,13495,
Uttar Pradesh - 2024,24-Dec 4pm,12415,
Uttar Pradesh - 2024,24-Dec 5pm,14413,
Uttar Pradesh - 2024,24-Dec 6pm,19414,
Uttar Pradesh - 2024,24-Dec 7pm,19361,
Uttar Pradesh - 2024,24-Dec 8pm,17726,
Uttar Pradesh - 2024,24-Dec 9pm,15848,
Uttar Pradesh - 2024,24-Dec 10pm,14074,
Uttar Pradesh - 2024,24-Dec 11pm,12559,
Uttar Pradesh - 2024,25-Dec 12am,11510,
Uttar Pradesh - 2024,25-Dec 1am,10733,
Uttar Pradesh - 2024,25-Dec 2am,10512,
Uttar Pradesh - 2024,25-Dec 3am,10331,
Uttar Pradesh - 2024,25-Dec 4am,10887,
Uttar Pradesh - 2024,25-Dec 5am,11641,
Uttar Pradesh - 2024,25-Dec 6am,11045,
Uttar Pradesh - 2024,25-Dec 7am,11415,
Uttar Pradesh - 2024,25-Dec 8am,14551,
Uttar Pradesh - 2024,25-Dec 9am,17137,
Uttar Pradesh - 2024,25-Dec 10am,18771,
Uttar Pradesh - 2024,25-Dec 11am,17770,
Uttar Pradesh - 2024,25-Dec 12pm,16454,
Uttar Pradesh - 2024,25-Dec 1pm,14580,
Uttar Pradesh - 2024,25-Dec 2pm,13536,
Uttar Pradesh - 2024,25-Dec 3pm,13182,
Uttar Pradesh - 2024,25-Dec 4pm,12393,
Uttar Pradesh - 2024,25-Dec 5pm,15482,
Uttar Pradesh - 2024,25-Dec 6pm,19592,
Uttar Pradesh - 2024,25-Dec 7pm,19119,
Uttar Pradesh - 2024,25-Dec 8pm,17782,
Uttar Pradesh - 2024,25-Dec 9pm,16116,
Uttar Pradesh - 2024,25-Dec 10pm,14259,
Uttar Pradesh - 2024,25-Dec 11pm,12875,
Uttar Pradesh - 2024,26-Dec 12am,11978,
Uttar Pradesh - 2024,26-Dec 1am,11474,
Uttar Pradesh - 2024,26-Dec 2am,11089,
Uttar Pradesh - 2024,26-Dec 3am,11103,
Uttar Pradesh - 2024,26-Dec 4am,11832,
Uttar Pradesh - 2024,26-Dec 5am,13032,
Uttar Pradesh - 2024,26-Dec 6am,12725,
Uttar Pradesh - 2024,26-Dec 7am,13421,
Uttar Pradesh - 2024,26-Dec 8am,15893,
Uttar Pradesh - 2024,26-Dec 9am,17783,
Uttar Pradesh - 2024,26-Dec 10am,19514,
Uttar Pradesh - 2024,26-Dec 11am,18013,
Uttar Pradesh - 2024,26-Dec 12pm,15691,
Uttar Pradesh - 2024,26-Dec 1pm,13569,
Uttar Pradesh - 2024,26-Dec 2pm,12194,
Uttar Pradesh - 2024,26-Dec 3pm,12071,
Uttar Pradesh - 2024,26-Dec 4pm,11862,
Uttar Pradesh - 2024,26-Dec 5pm,14952,
Uttar Pradesh - 2024,26-Dec 6pm,19947,
Uttar Pradesh - 2024,26-Dec 7pm,19572,
Uttar Pradesh - 2024,26-Dec 8pm,17967,
Uttar Pradesh - 2024,26-Dec 9pm,16303,
Uttar Pradesh - 2024,26-Dec 10pm,14377,
Uttar Pradesh - 2024,26-Dec 11pm,13092,
Uttar Pradesh - 2024,27-Dec 12am,12200,
Uttar Pradesh - 2024,27-Dec 1am,11594,
Uttar Pradesh - 2024,27-Dec 2am,11209,
Uttar Pradesh - 2024,27-Dec 3am,11200,
Uttar Pradesh - 2024,27-Dec 4am,12014,
Uttar Pradesh - 2024,27-Dec 5am,13390,
Uttar Pradesh - 2024,27-Dec 6am,12856,
Uttar Pradesh - 2024,27-Dec 7am,13383,
Uttar Pradesh - 2024,27-Dec 8am,14746,
Uttar Pradesh - 2024,27-Dec 9am,16813,
Uttar Pradesh - 2024,27-Dec 10am,17990,
Uttar Pradesh - 2024,27-Dec 11am,17234,
Uttar Pradesh - 2024,27-Dec 12pm,15004,
Uttar Pradesh - 2024,27-Dec 1pm,13144,
Uttar Pradesh - 2024,27-Dec 2pm,12742,
Uttar Pradesh - 2024,27-Dec 3pm,11995,
Uttar Pradesh - 2024,27-Dec 4pm,11447,
Uttar Pradesh - 2024,27-Dec 5pm,14238,
Uttar Pradesh - 2024,27-Dec 6pm,18992,
Uttar Pradesh - 2024,27-Dec 7pm,18339,
Uttar Pradesh - 2024,27-Dec 8pm,16605,
Uttar Pradesh - 2024,27-Dec 9pm,14644,
Uttar Pradesh - 2024,27-Dec 10pm,12919,
Uttar Pradesh - 2024,27-Dec 11pm,11688,
Uttar Pradesh - 2024,28-Dec 12am,10761,
Uttar Pradesh - 2024,28-Dec 1am,10009,
Uttar Pradesh - 2024,28-Dec 2am,9385,
Uttar Pradesh - 2024,28-Dec 3am,9251,
Uttar Pradesh - 2024,28-Dec 4am,9769,
Uttar Pradesh - 2024,28-Dec 5am,11142,
Uttar Pradesh - 2024,28-Dec 6am,10756,
Uttar Pradesh - 2024,28-Dec 7am,10926,
Uttar Pradesh - 2024,28-Dec 8am,13998,
Uttar Pradesh - 2024,28-Dec 9am,15954,
Uttar Pradesh - 2024,28-Dec 10am,16149,
Uttar Pradesh - 2024,28-Dec 11am,15616,
Uttar Pradesh - 2024,28-Dec 12pm,13626,
Uttar Pradesh - 2024,28-Dec 1pm,12900,
Uttar Pradesh - 2024,28-Dec 2pm,11947,
Uttar Pradesh - 2024,28-Dec 3pm,11454,
Uttar Pradesh - 2024,28-Dec 4pm,11573,
Uttar Pradesh - 2024,28-Dec 5pm,14747,
Uttar Pradesh - 2024,28-Dec 6pm,18674,
Uttar Pradesh - 2024,28-Dec 7pm,18296,
Uttar Pradesh - 2024,28-Dec 8pm,16837,
Uttar Pradesh - 2024,28-Dec 9pm,15171,
Uttar Pradesh - 2024,28-Dec 10pm,13620,
Uttar Pradesh - 2024,28-Dec 11pm,12363,
Uttar Pradesh - 2024,29-Dec 12am,11435,
Uttar Pradesh - 2024,29-Dec 1am,10934,
Uttar Pradesh - 2024,29-Dec 2am,10555,
Uttar Pradesh - 2024,29-Dec 3am,10476,
Uttar Pradesh - 2024,29-Dec 4am,11227,
Uttar Pradesh - 2024,29-Dec 5am,12290,
Uttar Pradesh - 2024,29-Dec 6am,11721,
Uttar Pradesh - 2024,29-Dec 7am,11678,
Uttar Pradesh - 2024,29-Dec 8am,12658,
Uttar Pradesh - 2024,29-Dec 9am,15976,
Uttar Pradesh - 2024,29-Dec 10am,17654,
Uttar Pradesh - 2024,29-Dec 11am,17246,
Uttar Pradesh - 2024,29-Dec 12pm,15121,
Uttar Pradesh - 2024,29-Dec 1pm,12357,
Uttar Pradesh - 2024,29-Dec 2pm,11830,
Uttar Pradesh - 2024,29-Dec 3pm,11121,
Uttar Pradesh - 2024,29-Dec 4pm,11008,
Uttar Pradesh - 2024,29-Dec 5pm,13625,
Uttar Pradesh - 2024,29-Dec 6pm,18637,
Uttar Pradesh - 2024,29-Dec 7pm,18523,
Uttar Pradesh - 2024,29-Dec 8pm,17181,
Uttar Pradesh - 2024,29-Dec 9pm,15398,
Uttar Pradesh - 2024,29-Dec 10pm,13595,
Uttar Pradesh - 2024,29-Dec 11pm,12202,
Uttar Pradesh - 2024,30-Dec 12am,11303,
Uttar Pradesh - 2024,30-Dec 1am,10680,
Uttar Pradesh - 2024,30-Dec 2am,10387,
Uttar Pradesh - 2024,30-Dec 3am,10336,
Uttar Pradesh - 2024,30-Dec 4am,11160,
Uttar Pradesh - 2024,30-Dec 5am,12126,
Uttar Pradesh - 2024,30-Dec 6am,11301,
Uttar Pradesh - 2024,30-Dec 7am,12205,
Uttar Pradesh - 2024,30-Dec 8am,14896,
Uttar Pradesh - 2024,30-Dec 9am,16376,
Uttar Pradesh - 2024,30-Dec 10am,17824,
Uttar Pradesh - 2024,30-Dec 11am,17538,
Uttar Pradesh - 2024,30-Dec 12pm,16310,
Uttar Pradesh - 2024,30-Dec 1pm,15331,
Uttar Pradesh - 2024,30-Dec 2pm,14314,
Uttar Pradesh - 2024,30-Dec 3pm,13158,
Uttar Pradesh - 2024,30-Dec 4pm,12780,
Uttar Pradesh - 2024,30-Dec 5pm,14770,
Uttar Pradesh - 2024,30-Dec 6pm,19945,
Uttar Pradesh - 2024,30-Dec 7pm,19792,
Uttar Pradesh - 2024,30-Dec 8pm,18294,
Uttar Pradesh - 2024,30-Dec 9pm,16302,
Uttar Pradesh - 2024,30-Dec 10pm,14555,
Uttar Pradesh - 2024,30-Dec 11pm,12919,
Uttar Pradesh - 2024,31-Dec 12am,11851,
Uttar Pradesh - 2024,31-Dec 1am,11304,
Uttar Pradesh - 2024,31-Dec 2am,10929,
Uttar Pradesh - 2024,31-Dec 3am,10890,
Uttar Pradesh - 2024,31-Dec 4am,11600,
Uttar Pradesh - 2024,31-Dec 5am,12695,
Uttar Pradesh - 2024,31-Dec 6am,12047,
Uttar Pradesh - 2024,31-Dec 7am,12418,
Uttar Pradesh - 2024,31-Dec 8am,14696,
Uttar Pradesh - 2024,31-Dec 9am,17658,
Uttar Pradesh - 2024,31-Dec 10am,20055,
Uttar Pradesh - 2024,31-Dec 11am,19267,
Uttar Pradesh - 2024,31-Dec 12pm,17828,
Uttar Pradesh - 2024,31-Dec 1pm,16026,
Uttar Pradesh - 2024,31-Dec 2pm,14954,
Uttar Pradesh - 2024,31-Dec 3pm,13004,
Uttar Pradesh - 2024,31-Dec 4pm,12487,
Uttar Pradesh - 2024,31-Dec 5pm,15333,
Uttar Pradesh - 2024,31-Dec 6pm,19227,
Uttar Pradesh - 2024,31-Dec 7pm,20377,
Uttar Pradesh - 2024,31-Dec 8pm,18862,
Uttar Pradesh - 2024,31-Dec 9pm,17040,
Uttar Pradesh - 2024,31-Dec 10pm,15054,
Uttar Pradesh - 2024,31-Dec 11pm,13444,
Uttar Pradesh - 2025,01-Jan 12am,12905.1,
Uttar Pradesh - 2025,01-Jan 1am,11987.43,
Uttar Pradesh - 2025,01-Jan 2am,11461.56,
Uttar Pradesh - 2025,01-Jan 3am,11219.42,
Uttar Pradesh - 2025,01-Jan 4am,11482.04,
Uttar Pradesh - 2025,01-Jan 5am,13122.6,
Uttar Pradesh - 2025,01-Jan 6am,14573.21,
Uttar Pradesh - 2025,01-Jan 7am,14304.04,
Uttar Pradesh - 2025,01-Jan 8am,15550.55,
Uttar Pradesh - 2025,01-Jan 9am,17461.92,
Uttar Pradesh - 2025,01-Jan 10am,18680.61,
Uttar Pradesh - 2025,01-Jan 11am,20212.75,
Uttar Pradesh - 2025,01-Jan 12pm,18989.54,
Uttar Pradesh - 2025,01-Jan 1pm,17750.45,
Uttar Pradesh - 2025,01-Jan 2pm,15606.63,
Uttar Pradesh - 2025,01-Jan 3pm,14222.79,
Uttar Pradesh - 2025,01-Jan 4pm,10920.74,
Uttar Pradesh - 2025,01-Jan 5pm,12593.07,
Uttar Pradesh - 2025,01-Jan 6pm,16431.1,
Uttar Pradesh - 2025,01-Jan 7pm,20633.75,
Uttar Pradesh - 2025,01-Jan 8pm,19484.29,
Uttar Pradesh - 2025,01-Jan 9pm,17844.85,
Uttar Pradesh - 2025,01-Jan 10pm,15888.17,
Uttar Pradesh - 2025,01-Jan 11pm,13950.21,
Uttar Pradesh - 2025,02-Jan 12am,12585.02,
Uttar Pradesh - 2025,02-Jan 1am,11598.86,
Uttar Pradesh - 2025,02-Jan 2am,11093.74,
Uttar Pradesh - 2025,02-Jan 3am,10816.81,
Uttar Pradesh - 2025,02-Jan 4am,10893.4,
Uttar Pradesh - 2025,02-Jan 5am,12145.46,
Uttar Pradesh - 2025,02-Jan 6am,13381.05,
Uttar Pradesh - 2025,02-Jan 7am,13472.58,
Uttar Pradesh - 2025,02-Jan 8am,14060.8,
Uttar Pradesh - 2025,02-Jan 9am,16233.26,
Uttar Pradesh - 2025,02-Jan 10am,17952.73,
Uttar Pradesh - 2025,02-Jan 11am,19617.89,
Uttar Pradesh - 2025,02-Jan 12pm,18524.15,
Uttar Pradesh - 2025,02-Jan 1pm,17686.05,
Uttar Pradesh - 2025,02-Jan 2pm,15938.97,
Uttar Pradesh - 2025,02-Jan 3pm,14171.67,
Uttar Pradesh - 2025,02-Jan 4pm,12304.52,
Uttar Pradesh - 2025,02-Jan 5pm,12855.33,
Uttar Pradesh - 2025,02-Jan 6pm,18315.39,
Uttar Pradesh - 2025,02-Jan 7pm,21232.59,
Uttar Pradesh - 2025,02-Jan 8pm,20779.36,
Uttar Pradesh - 2025,02-Jan 9pm,19012.17,
Uttar Pradesh - 2025,02-Jan 10pm,16964.51,
Uttar Pradesh - 2025,02-Jan 11pm,14828.4,
Uttar Pradesh - 2025,03-Jan 12am,13325.73,
Uttar Pradesh - 2025,03-Jan 1am,12250.35,
Uttar Pradesh - 2025,03-Jan 2am,11720.77,
Uttar Pradesh - 2025,03-Jan 3am,11489.5,
Uttar Pradesh - 2025,03-Jan 4am,11683.45,
Uttar Pradesh - 2025,03-Jan 5am,12877.54,
Uttar Pradesh - 2025,03-Jan 6am,14095.89,
Uttar Pradesh - 2025,03-Jan 7am,13903.37,
Uttar Pradesh - 2025,03-Jan 8am,15177.37,
Uttar Pradesh - 2025,03-Jan 9am,16726.08,
Uttar Pradesh - 2025,03-Jan 10am,18358.31,
Uttar Pradesh - 2025,03-Jan 11am,20831.97,
Uttar Pradesh - 2025,03-Jan 12pm,20784.78,
Uttar Pradesh - 2025,03-Jan 1pm,19798.12,
Uttar Pradesh - 2025,03-Jan 2pm,17006.24,
Uttar Pradesh - 2025,03-Jan 3pm,14324.85,
Uttar Pradesh - 2025,03-Jan 4pm,12115.86,
Uttar Pradesh - 2025,03-Jan 5pm,13969.98,
Uttar Pradesh - 2025,03-Jan 6pm,19059.89,
Uttar Pradesh - 2025,03-Jan 7pm,21925.09,
Uttar Pradesh - 2025,03-Jan 8pm,21153.05,
Uttar Pradesh - 2025,03-Jan 9pm,19596.51,
Uttar Pradesh - 2025,03-Jan 10pm,17266.7,
Uttar Pradesh - 2025,03-Jan 11pm,15031.74,
Uttar Pradesh - 2025,04-Jan 12am,13453.5,
Uttar Pradesh - 2025,04-Jan 1am,12317.65,
Uttar Pradesh - 2025,04-Jan 2am,11532.53,
Uttar Pradesh - 2025,04-Jan 3am,11284.24,
Uttar Pradesh - 2025,04-Jan 4am,11353.28,
Uttar Pradesh - 2025,04-Jan 5am,12352.57,
Uttar Pradesh - 2025,04-Jan 6am,13908.04,
Uttar Pradesh - 2025,04-Jan 7am,13395.44,
Uttar Pradesh - 2025,04-Jan 8am,14034.59,
Uttar Pradesh - 2025,04-Jan 9am,16111.02,
Uttar Pradesh - 2025,04-Jan 10am,18012.87,
Uttar Pradesh - 2025,04-Jan 11am,19372.37,
Uttar Pradesh - 2025,04-Jan 12pm,19414.9,
Uttar Pradesh - 2025,04-Jan 1pm,18584.82,
Uttar Pradesh - 2025,04-Jan 2pm,17009.19,
Uttar Pradesh - 2025,04-Jan 3pm,15229.98,
Uttar Pradesh - 2025,04-Jan 4pm,12470.51,
Uttar Pradesh - 2025,04-Jan 5pm,12868.08,
Uttar Pradesh - 2025,04-Jan 6pm,17654.32,
Uttar Pradesh - 2025,04-Jan 7pm,20248.24,
Uttar Pradesh - 2025,04-Jan 8pm,21172.07,
Uttar Pradesh - 2025,04-Jan 9pm,19759.7,
Uttar Pradesh - 2025,04-Jan 10pm,17572.35,
Uttar Pradesh - 2025,04-Jan 11pm,15371.47,
Uttar Pradesh - 2025,05-Jan 12am,13721.05,
Uttar Pradesh - 2025,05-Jan 1am,12530.26,
Uttar Pradesh - 2025,05-Jan 2am,11949.41,
Uttar Pradesh - 2025,05-Jan 3am,11659.8,
Uttar Pradesh - 2025,05-Jan 4am,11759.46,
Uttar Pradesh - 2025,05-Jan 5am,12720.9,
Uttar Pradesh - 2025,05-Jan 6am,13905.62,
Uttar Pradesh - 2025,05-Jan 7am,13577.04,
Uttar Pradesh - 2025,05-Jan 8am,14283.3,
Uttar Pradesh - 2025,05-Jan 9am,15870.8,
Uttar Pradesh - 2025,05-Jan 10am,18173.59,
Uttar Pradesh - 2025,05-Jan 11am,19800.69,
Uttar Pradesh - 2025,05-Jan 12pm,19282.83,
Uttar Pradesh - 2025,05-Jan 1pm,18624.19,
Uttar Pradesh - 2025,05-Jan 2pm,16766.13,
Uttar Pradesh - 2025,05-Jan 3pm,14716.52,
Uttar Pradesh - 2025,05-Jan 4pm,12088.77,
Uttar Pradesh - 2025,05-Jan 5pm,12643.98,
Uttar Pradesh - 2025,05-Jan 6pm,18398.72,
Uttar Pradesh - 2025,05-Jan 7pm,21339.65,
Uttar Pradesh - 2025,05-Jan 8pm,20621.85,
Uttar Pradesh - 2025,05-Jan 9pm,18749.74,
Uttar Pradesh - 2025,05-Jan 10pm,17006.48,
Uttar Pradesh - 2025,05-Jan 11pm,14994.55,
Uttar Pradesh - 2025,06-Jan 12am,13348.54,
Uttar Pradesh - 2025,06-Jan 1am,12435.38,
Uttar Pradesh - 2025,06-Jan 2am,11779.24,
Uttar Pradesh - 2025,06-Jan 3am,11441.25,
Uttar Pradesh - 2025,06-Jan 4am,11587.34,
Uttar Pradesh - 2025,06-Jan 5am,12757.51,
Uttar Pradesh - 2025,06-Jan 6am,14095.19,
Uttar Pradesh - 2025,06-Jan 7am,14327.47,
Uttar Pradesh - 2025,06-Jan 8am,15918.01,
Uttar Pradesh - 2025,06-Jan 9am,17448.35,
Uttar Pradesh - 2025,06-Jan 10am,18481.14,
Uttar Pradesh - 2025,06-Jan 11am,19273.23,
Uttar Pradesh - 2025,06-Jan 12pm,19532.34,
Uttar Pradesh - 2025,06-Jan 1pm,18520.92,
Uttar Pradesh - 2025,06-Jan 2pm,16808.9,
Uttar Pradesh - 2025,06-Jan 3pm,14994.47,
Uttar Pradesh - 2025,06-Jan 4pm,13064.96,
Uttar Pradesh - 2025,06-Jan 5pm,13303.44,
Uttar Pradesh - 2025,06-Jan 6pm,17188.87,
Uttar Pradesh - 2025,06-Jan 7pm,19432.3,
Uttar Pradesh - 2025,06-Jan 8pm,21220.78,
Uttar Pradesh - 2025,06-Jan 9pm,19573.46,
Uttar Pradesh - 2025,06-Jan 10pm,17557.91,
Uttar Pradesh - 2025,06-Jan 11pm,15351.5,
Uttar Pradesh - 2025,07-Jan 12am,13635.78,
Uttar Pradesh - 2025,07-Jan 1am,12619.21,
Uttar Pradesh - 2025,07-Jan 2am,11994.52,
Uttar Pradesh - 2025,07-Jan 3am,11651.83,
Uttar Pradesh - 2025,07-Jan 4am,11726.81,
Uttar Pradesh - 2025,07-Jan 5am,12913.54,
Uttar Pradesh - 2025,07-Jan 6am,14114.84,
Uttar Pradesh - 2025,07-Jan 7am,14652.49,
Uttar Pradesh - 2025,07-Jan 8am,15763.14,
Uttar Pradesh - 2025,07-Jan 9am,17682.73,
Uttar Pradesh - 2025,07-Jan 10am,19162.18,
Uttar Pradesh - 2025,07-Jan 11am,20503.75,
Uttar Pradesh - 2025,07-Jan 12pm,19642.09,
Uttar Pradesh - 2025,07-Jan 1pm,18371.07,
Uttar Pradesh - 2025,07-Jan 2pm,17149.09,
Uttar Pradesh - 2025,07-Jan 3pm,15461.24,
Uttar Pradesh - 2025,07-Jan 4pm,13446.41,
Uttar Pradesh - 2025,07-Jan 5pm,14546.22,
Uttar Pradesh - 2025,07-Jan 6pm,18282.93,
Uttar Pradesh - 2025,07-Jan 7pm,19559,
Uttar Pradesh - 2025,07-Jan 8pm,21291.6,
Uttar Pradesh - 2025,07-Jan 9pm,19745.86,
Uttar Pradesh - 2025,07-Jan 10pm,17617.3,
Uttar Pradesh - 2025,07-Jan 11pm,15352.66,
Uttar Pradesh - 2025,08-Jan 12am,13627.83,
Uttar Pradesh - 2025,08-Jan 1am,12515.63,
Uttar Pradesh - 2025,08-Jan 2am,11911.13,
Uttar Pradesh - 2025,08-Jan 3am,11639.32,
Uttar Pradesh - 2025,08-Jan 4am,11767.54,
Uttar Pradesh - 2025,08-Jan 5am,12952.5,
Uttar Pradesh - 2025,08-Jan 6am,14322.8,
Uttar Pradesh - 2025,08-Jan 7am,14803.24,
Uttar Pradesh - 2025,08-Jan 8am,15869.86,
Uttar Pradesh - 2025,08-Jan 9am,17557.01,
Uttar Pradesh - 2025,08-Jan 10am,18876.65,
Uttar Pradesh - 2025,08-Jan 11am,20230.21,
Uttar Pradesh - 2025,08-Jan 12pm,20513.76,
Uttar Pradesh - 2025,08-Jan 1pm,18748.72,
Uttar Pradesh - 2025,08-Jan 2pm,16790.07,
Uttar Pradesh - 2025,08-Jan 3pm,15683.01,
Uttar Pradesh - 2025,08-Jan 4pm,13124.97,
Uttar Pradesh - 2025,08-Jan 5pm,12954.34,
Uttar Pradesh - 2025,08-Jan 6pm,17300.39,
Uttar Pradesh - 2025,08-Jan 7pm,18956.84,
Uttar Pradesh - 2025,08-Jan 8pm,21347.37,
Uttar Pradesh - 2025,08-Jan 9pm,19825.13,
Uttar Pradesh - 2025,08-Jan 10pm,17733.83,
Uttar Pradesh - 2025,08-Jan 11pm,15604.55,
Uttar Pradesh - 2025,09-Jan 12am,13847.22,
Uttar Pradesh - 2025,09-Jan 1am,12661.42,
Uttar Pradesh - 2025,09-Jan 2am,12129.84,
Uttar Pradesh - 2025,09-Jan 3am,11866.13,
Uttar Pradesh - 2025,09-Jan 4am,12015.4,
Uttar Pradesh - 2025,09-Jan 5am,13095.21,
Uttar Pradesh - 2025,09-Jan 6am,14401.67,
Uttar Pradesh - 2025,09-Jan 7am,14644.76,
Uttar Pradesh - 2025,09-Jan 8am,15903.29,
Uttar Pradesh - 2025,09-Jan 9am,16928.21,
Uttar Pradesh - 2025,09-Jan 10am,18289.2,
Uttar Pradesh - 2025,09-Jan 11am,19791.49,
Uttar Pradesh - 2025,09-Jan 12pm,18234.09,
Uttar Pradesh - 2025,09-Jan 1pm,16960.18,
Uttar Pradesh - 2025,09-Jan 2pm,15036.09,
Uttar Pradesh - 2025,09-Jan 3pm,13952.76,
Uttar Pradesh - 2025,09-Jan 4pm,12537.17,
Uttar Pradesh - 2025,09-Jan 5pm,14038.94,
Uttar Pradesh - 2025,09-Jan 6pm,17478.04,
Uttar Pradesh - 2025,09-Jan 7pm,19127.5,
Uttar Pradesh - 2025,09-Jan 8pm,21485.8,
Uttar Pradesh - 2025,09-Jan 9pm,20037.73,
Uttar Pradesh - 2025,09-Jan 10pm,17878.97,
Uttar Pradesh - 2025,09-Jan 11pm,15583.26,
Uttar Pradesh - 2025,10-Jan 12am,13942.28,
Uttar Pradesh - 2025,10-Jan 1am,12950.58,
Uttar Pradesh - 2025,10-Jan 2am,12254.64,
Uttar Pradesh - 2025,10-Jan 3am,11982,
Uttar Pradesh - 2025,10-Jan 4am,12160.4,
Uttar Pradesh - 2025,10-Jan 5am,13301.49,
Uttar Pradesh - 2025,10-Jan 6am,14448.31,
Uttar Pradesh - 2025,10-Jan 7am,14933.61,
Uttar Pradesh - 2025,10-Jan 8am,15968.05,
Uttar Pradesh - 2025,10-Jan 9am,16494.43,
Uttar Pradesh - 2025,10-Jan 10am,18049.43,
Uttar Pradesh - 2025,10-Jan 11am,20545.7,
Uttar Pradesh - 2025,10-Jan 12pm,20207.34,
Uttar Pradesh - 2025,10-Jan 1pm,18696.31,
Uttar Pradesh - 2025,10-Jan 2pm,16871.03,
Uttar Pradesh - 2025,10-Jan 3pm,15709.18,
Uttar Pradesh - 2025,10-Jan 4pm,12204.72,
Uttar Pradesh - 2025,10-Jan 5pm,12440.87,
Uttar Pradesh - 2025,10-Jan 6pm,16201.48,
Uttar Pradesh - 2025,10-Jan 7pm,18393.36,
Uttar Pradesh - 2025,10-Jan 8pm,21603.2,
Uttar Pradesh - 2025,10-Jan 9pm,20158.39,
Uttar Pradesh - 2025,10-Jan 10pm,17795.59,
Uttar Pradesh - 2025,10-Jan 11pm,15563.93,
Uttar Pradesh - 2025,11-Jan 12am,13755.2,
Uttar Pradesh - 2025,11-Jan 1am,12707.66,
Uttar Pradesh - 2025,11-Jan 2am,12194.9,
Uttar Pradesh - 2025,11-Jan 3am,11863.65,
Uttar Pradesh - 2025,11-Jan 4am,11966.37,
Uttar Pradesh - 2025,11-Jan 5am,13070.71,
Uttar Pradesh - 2025,11-Jan 6am,13972.92,
Uttar Pradesh - 2025,11-Jan 7am,14306,
Uttar Pradesh - 2025,11-Jan 8am,15580.93,
Uttar Pradesh - 2025,11-Jan 9am,16854.68,
Uttar Pradesh - 2025,11-Jan 10am,18261.8,
Uttar Pradesh - 2025,11-Jan 11am,19764.18,
Uttar Pradesh - 2025,11-Jan 12pm,18301.57,
Uttar Pradesh - 2025,11-Jan 1pm,16572.14,
Uttar Pradesh - 2025,11-Jan 2pm,14757.45,
Uttar Pradesh - 2025,11-Jan 3pm,13318.95,
Uttar Pradesh - 2025,11-Jan 4pm,11819.61,
Uttar Pradesh - 2025,11-Jan 5pm,12965.99,
Uttar Pradesh - 2025,11-Jan 6pm,15958.63,
Uttar Pradesh - 2025,11-Jan 7pm,16351.63,
Uttar Pradesh - 2025,11-Jan 8pm,20071.92,
Uttar Pradesh - 2025,11-Jan 9pm,19073.1,
Uttar Pradesh - 2025,11-Jan 10pm,16665.97,
Uttar Pradesh - 2025,11-Jan 11pm,14335.08,
Uttar Pradesh - 2025,12-Jan 12am,12720,
Uttar Pradesh - 2025,12-Jan 1am,11687.76,
Uttar Pradesh - 2025,12-Jan 2am,10997.75,
Uttar Pradesh - 2025,12-Jan 3am,10565.54,
Uttar Pradesh - 2025,12-Jan 4am,10455.01,
Uttar Pradesh - 2025,12-Jan 5am,11476.9,
Uttar Pradesh - 2025,12-Jan 6am,12874.81,
Uttar Pradesh - 2025,12-Jan 7am,12768.41,
Uttar Pradesh - 2025,12-Jan 8am,14464.94,
Uttar Pradesh - 2025,12-Jan 9am,15617.9,
Uttar Pradesh - 2025,12-Jan 10am,16529.24,
Uttar Pradesh - 2025,12-Jan 11am,16959.88,
Uttar Pradesh - 2025,12-Jan 12pm,16287.29,
Uttar Pradesh - 2025,12-Jan 1pm,14952.73,
Uttar Pradesh - 2025,12-Jan 2pm,13610.65,
Uttar Pradesh - 2025,12-Jan 3pm,12277.62,
Uttar Pradesh - 2025,12-Jan 4pm,10953.12,
Uttar Pradesh - 2025,12-Jan 5pm,12333.64,
Uttar Pradesh - 2025,12-Jan 6pm,16070.37,
Uttar Pradesh - 2025,12-Jan 7pm,19726.39,
Uttar Pradesh - 2025,12-Jan 8pm,19217.46,
Uttar Pradesh - 2025,12-Jan 9pm,17962.95,
Uttar Pradesh - 2025,12-Jan 10pm,16221.34,
Uttar Pradesh - 2025,12-Jan 11pm,14264.48,
Uttar Pradesh - 2025,13-Jan 12am,12841.25,
Uttar Pradesh - 2025,13-Jan 1am,12010.36,
Uttar Pradesh - 2025,13-Jan 2am,11478.72,
Uttar Pradesh - 2025,13-Jan 3am,11350.82,
Uttar Pradesh - 2025,13-Jan 4am,11534.95,
Uttar Pradesh - 2025,13-Jan 5am,12784.31,
Uttar Pradesh - 2025,13-Jan 6am,13592.39,
Uttar Pradesh - 2025,13-Jan 7am,13761.96,
Uttar Pradesh - 2025,13-Jan 8am,16096.97,
Uttar Pradesh - 2025,13-Jan 9am,16822.98,
Uttar Pradesh - 2025,13-Jan 10am,17292.81,
Uttar Pradesh - 2025,13-Jan 11am,18438.55,
Uttar Pradesh - 2025,13-Jan 12pm,18205.82,
Uttar Pradesh - 2025,13-Jan 1pm,16668.87,
Uttar Pradesh - 2025,13-Jan 2pm,14763.87,
Uttar Pradesh - 2025,13-Jan 3pm,13347.71,
Uttar Pradesh - 2025,13-Jan 4pm,11228.17,
Uttar Pradesh - 2025,13-Jan 5pm,12016.15,
Uttar Pradesh - 2025,13-Jan 6pm,16473.81,
Uttar Pradesh - 2025,13-Jan 7pm,19801.9,
Uttar Pradesh - 2025,13-Jan 8pm,19917.54,
Uttar Pradesh - 2025,13-Jan 9pm,18542.42,
Uttar Pradesh - 2025,13-Jan 10pm,16815.79,
Uttar Pradesh - 2025,13-Jan 11pm,14762.99,
Uttar Pradesh - 2025,14-Jan 12am,13278,
Uttar Pradesh - 2025,14-Jan 1am,12172.58,
Uttar Pradesh - 2025,14-Jan 2am,11655.59,
Uttar Pradesh - 2025,14-Jan 3am,11389.46,
Uttar Pradesh - 2025,14-Jan 4am,11633.74,
Uttar Pradesh - 2025,14-Jan 5am,12971.98,
Uttar Pradesh - 2025,14-Jan 6am,14220.4,
Uttar Pradesh - 2025,14-Jan 7am,14219.72,
Uttar Pradesh - 2025,14-Jan 8am,15160.64,
Uttar Pradesh - 2025,14-Jan 9am,15678.66,
Uttar Pradesh - 2025,14-Jan 10am,16875.74,
Uttar Pradesh - 2025,14-Jan 11am,19010.13,
Uttar Pradesh - 2025,14-Jan 12pm,18899.8,
Uttar Pradesh - 2025,14-Jan 1pm,17805.71,
Uttar Pradesh - 2025,14-Jan 2pm,15785.46,
Uttar Pradesh - 2025,14-Jan 3pm,14266.68,
Uttar Pradesh - 2025,14-Jan 4pm,11614.12,
Uttar Pradesh - 2025,14-Jan 5pm,12385.98,
Uttar Pradesh - 2025,14-Jan 6pm,16869.88,
Uttar Pradesh - 2025,14-Jan 7pm,20543.07,
Uttar Pradesh - 2025,14-Jan 8pm,19895.89,
Uttar Pradesh - 2025,14-Jan 9pm,18563.17,
Uttar Pradesh - 2025,14-Jan 10pm,16569.86,
Uttar Pradesh - 2025,14-Jan 11pm,14497.96,
Uttar Pradesh - 2025,15-Jan 12am,12906.35,
Uttar Pradesh - 2025,15-Jan 1am,11907.57,
Uttar Pradesh - 2025,15-Jan 2am,11354.39,
Uttar Pradesh - 2025,15-Jan 3am,11161.11,
Uttar Pradesh - 2025,15-Jan 4am,11279.4,
Uttar Pradesh - 2025,15-Jan 5am,12427.72,
Uttar Pradesh - 2025,15-Jan 6am,13657.26,
Uttar Pradesh - 2025,15-Jan 7am,13824.39,
Uttar Pradesh - 2025,15-Jan 8am,14834.49,
Uttar Pradesh - 2025,15-Jan 9am,15671.46,
Uttar Pradesh - 2025,15-Jan 10am,17252.29,
Uttar Pradesh - 2025,15-Jan 11am,18944.73,
Uttar Pradesh - 2025,15-Jan 12pm,18404.76,
Uttar Pradesh - 2025,15-Jan 1pm,17366.79,
Uttar Pradesh - 2025,15-Jan 2pm,16194,
Uttar Pradesh - 2025,15-Jan 3pm,14732.66,
Uttar Pradesh - 2025,15-Jan 4pm,13700.67,
Uttar Pradesh - 2025,15-Jan 5pm,13508.42,
Uttar Pradesh - 2025,15-Jan 6pm,17318.09,
Uttar Pradesh - 2025,15-Jan 7pm,19867.22,
Uttar Pradesh - 2025,15-Jan 8pm,20635.07,
Uttar Pradesh - 2025,15-Jan 9pm,19225.09,
Uttar Pradesh - 2025,15-Jan 10pm,17237.61,
Uttar Pradesh - 2025,15-Jan 11pm,14854.33,
Uttar Pradesh - 2025,16-Jan 12am,13327.09,
Uttar Pradesh - 2025,16-Jan 1am,12270.43,
Uttar Pradesh - 2025,16-Jan 2am,11473.18,
Uttar Pradesh - 2025,16-Jan 3am,10886.21,
Uttar Pradesh - 2025,16-Jan 4am,10826.42,
Uttar Pradesh - 2025,16-Jan 5am,11376.32,
Uttar Pradesh - 2025,16-Jan 6am,12544.37,
Uttar Pradesh - 2025,16-Jan 7am,12834.37,
Uttar Pradesh - 2025,16-Jan 8am,14985.18,
Uttar Pradesh - 2025,16-Jan 9am,16192.92,
Uttar Pradesh - 2025,16-Jan 10am,17195.72,
Uttar Pradesh - 2025,16-Jan 11am,17987.86,
Uttar Pradesh - 2025,16-Jan 12pm,17530.53,
Uttar Pradesh - 2025,16-Jan 1pm,16034.36,
Uttar Pradesh - 2025,16-Jan 2pm,15074.57,
Uttar Pradesh - 2025,16-Jan 3pm,13326.59,
Uttar Pradesh - 2025,16-Jan 4pm,12128.13,
Uttar Pradesh - 2025,16-Jan 5pm,13162.04,
Uttar Pradesh - 2025,16-Jan 6pm,16910.42,
Uttar Pradesh - 2025,16-Jan 7pm,19249.82,
Uttar Pradesh - 2025,16-Jan 8pm,20573.29,
Uttar Pradesh - 2025,16-Jan 9pm,19223.2,
Uttar Pradesh - 2025,16-Jan 10pm,17258.54,
Uttar Pradesh - 2025,16-Jan 11pm,15020.11,
Uttar Pradesh - 2025,17-Jan 12am,13403.52,
Uttar Pradesh - 2025,17-Jan 1am,12356.34,
Uttar Pradesh - 2025,17-Jan 2am,11905.25,
Uttar Pradesh - 2025,17-Jan 3am,11757.88,
Uttar Pradesh - 2025,17-Jan 4am,11766.32,
Uttar Pradesh - 2025,17-Jan 5am,13064.01,
Uttar Pradesh - 2025,17-Jan 6am,14352.32,
Uttar Pradesh - 2025,17-Jan 7am,14386.17,
Uttar Pradesh - 2025,17-Jan 8am,15917.6,
Uttar Pradesh - 2025,17-Jan 9am,16923.5,
Uttar Pradesh - 2025,17-Jan 10am,18340.8,
Uttar Pradesh - 2025,17-Jan 11am,19432.31,
Uttar Pradesh - 2025,17-Jan 12pm,19372.47,
Uttar Pradesh - 2025,17-Jan 1pm,17430.05,
Uttar Pradesh - 2025,17-Jan 2pm,15035.64,
Uttar Pradesh - 2025,17-Jan 3pm,13362.46,
Uttar Pradesh - 2025,17-Jan 4pm,10938.49,
Uttar Pradesh - 2025,17-Jan 5pm,12422.22,
Uttar Pradesh - 2025,17-Jan 6pm,16781.08,
Uttar Pradesh - 2025,17-Jan 7pm,18190.28,
Uttar Pradesh - 2025,17-Jan 8pm,20362.91,
Uttar Pradesh - 2025,17-Jan 9pm,18955.37,
Uttar Pradesh - 2025,17-Jan 10pm,17163.45,
Uttar Pradesh - 2025,17-Jan 11pm,14886.27,
Uttar Pradesh - 2025,18-Jan 12am,13310.44,
Uttar Pradesh - 2025,18-Jan 1am,12259.58,
Uttar Pradesh - 2025,18-Jan 2am,11678.59,
Uttar Pradesh - 2025,18-Jan 3am,11455.95,
Uttar Pradesh - 2025,18-Jan 4am,11606.78,
Uttar Pradesh - 2025,18-Jan 5am,12732.7,
Uttar Pradesh - 2025,18-Jan 6am,13949.97,
Uttar Pradesh - 2025,18-Jan 7am,14228.41,
Uttar Pradesh - 2025,18-Jan 8am,15406.16,
Uttar Pradesh - 2025,18-Jan 9am,16151.48,
Uttar Pradesh - 2025,18-Jan 10am,17512.19,
Uttar Pradesh - 2025,18-Jan 11am,18535.1,
Uttar Pradesh - 2025,18-Jan 12pm,18010.88,
Uttar Pradesh - 2025,18-Jan 1pm,16230.79,
Uttar Pradesh - 2025,18-Jan 2pm,14225.39,
Uttar Pradesh - 2025,18-Jan 3pm,12620.44,
Uttar Pradesh - 2025,18-Jan 4pm,11031.52,
Uttar Pradesh - 2025,18-Jan 5pm,12846.07,
Uttar Pradesh - 2025,18-Jan 6pm,16489.55,
Uttar Pradesh - 2025,18-Jan 7pm,18795.74,
Uttar Pradesh - 2025,18-Jan 8pm,20343.21,
Uttar Pradesh - 2025,18-Jan 9pm,18809.25,
Uttar Pradesh - 2025,18-Jan 10pm,16822.53,
Uttar Pradesh - 2025,18-Jan 11pm,14820.52,
Uttar Pradesh - 2025,19-Jan 12am,13304.52,
Uttar Pradesh - 2025,19-Jan 1am,12315.8,
Uttar Pradesh - 2025,19-Jan 2am,11810.65,
Uttar Pradesh - 2025,19-Jan 3am,11485.01,
Uttar Pradesh - 2025,19-Jan 4am,11585.08,
Uttar Pradesh - 2025,19-Jan 5am,12532.83,
Uttar Pradesh - 2025,19-Jan 6am,13718.98,
Uttar Pradesh - 2025,19-Jan 7am,13855.4,
Uttar Pradesh - 2025,19-Jan 8am,14970.01,
Uttar Pradesh - 2025,19-Jan 9am,15495.64,
Uttar Pradesh - 2025,19-Jan 10am,17656.18,
Uttar Pradesh - 2025,19-Jan 11am,19038.66,
Uttar Pradesh - 2025,19-Jan 12pm,17589.75,
Uttar Pradesh - 2025,19-Jan 1pm,15704.89,
Uttar Pradesh - 2025,19-Jan 2pm,13428.18,
Uttar Pradesh - 2025,19-Jan 3pm,12801.83,
Uttar Pradesh - 2025,19-Jan 4pm,10460.66,
Uttar Pradesh - 2025,19-Jan 5pm,10694.85,
Uttar Pradesh - 2025,19-Jan 6pm,16365.15,
Uttar Pradesh - 2025,19-Jan 7pm,19732.9,
Uttar Pradesh - 2025,19-Jan 8pm,19200.98,
Uttar Pradesh - 2025,19-Jan 9pm,17863.29,
Uttar Pradesh - 2025,19-Jan 10pm,16005.21,
Uttar Pradesh - 2025,19-Jan 11pm,14026.65,
Uttar Pradesh - 2025,20-Jan 12am,12635.35,
Uttar Pradesh - 2025,20-Jan 1am,11657.74,
Uttar Pradesh - 2025,20-Jan 2am,11193.76,
Uttar Pradesh - 2025,20-Jan 3am,11014.42,
Uttar Pradesh - 2025,20-Jan 4am,11298.75,
Uttar Pradesh - 2025,20-Jan 5am,12594.56,
Uttar Pradesh - 2025,20-Jan 6am,14194.2,
Uttar Pradesh - 2025,20-Jan 7am,13955.58,
Uttar Pradesh - 2025,20-Jan 8am,15648.9,
Uttar Pradesh - 2025,20-Jan 9am,16428.34,
Uttar Pradesh - 2025,20-Jan 10am,17911.52,
Uttar Pradesh - 2025,20-Jan 11am,18548.33,
Uttar Pradesh - 2025,20-Jan 12pm,17428.67,
Uttar Pradesh - 2025,20-Jan 1pm,15766.32,
Uttar Pradesh - 2025,20-Jan 2pm,13718.62,
Uttar Pradesh - 2025,20-Jan 3pm,12377.84,
Uttar Pradesh - 2025,20-Jan 4pm,10933.54,
Uttar Pradesh - 2025,20-Jan 5pm,11877.06,
Uttar Pradesh - 2025,20-Jan 6pm,16411.76,
Uttar Pradesh - 2025,20-Jan 7pm,17171.47,
Uttar Pradesh - 2025,20-Jan 8pm,19484.9,
Uttar Pradesh - 2025,20-Jan 9pm,17862.91,
Uttar Pradesh - 2025,20-Jan 10pm,16111.69,
Uttar Pradesh - 2025,20-Jan 11pm,14242.27,
Uttar Pradesh - 2025,21-Jan 12am,12905.65,
Uttar Pradesh - 2025,21-Jan 1am,12101.16,
Uttar Pradesh - 2025,21-Jan 2am,11559.12,
Uttar Pradesh - 2025,21-Jan 3am,11370.31,
Uttar Pradesh - 2025,21-Jan 4am,11448.45,
Uttar Pradesh - 2025,21-Jan 5am,12665.46,
Uttar Pradesh - 2025,21-Jan 6am,14378.69,
Uttar Pradesh - 2025,21-Jan 7am,14541.66,
Uttar Pradesh - 2025,21-Jan 8am,15672.96,
Uttar Pradesh - 2025,21-Jan 9am,16493.98,
Uttar Pradesh - 2025,21-Jan 10am,17748.58,
Uttar Pradesh - 2025,21-Jan 11am,18970.5,
Uttar Pradesh - 2025,21-Jan 12pm,17732.83,
Uttar Pradesh - 2025,21-Jan 1pm,15732.66,
Uttar Pradesh - 2025,21-Jan 2pm,13718.43,
Uttar Pradesh - 2025,21-Jan 3pm,12286.17,
Uttar Pradesh - 2025,21-Jan 4pm,11371.71,
Uttar Pradesh - 2025,21-Jan 5pm,11645.64,
Uttar Pradesh - 2025,21-Jan 6pm,16882.15,
Uttar Pradesh - 2025,21-Jan 7pm,18715.74,
Uttar Pradesh - 2025,21-Jan 8pm,19309.24,
Uttar Pradesh - 2025,21-Jan 9pm,17757.22,
Uttar Pradesh - 2025,21-Jan 10pm,15843.25,
Uttar Pradesh - 2025,21-Jan 11pm,13942.84,
Uttar Pradesh - 2025,22-Jan 12am,12783.61,
Uttar Pradesh - 2025,22-Jan 1am,11971.32,
Uttar Pradesh - 2025,22-Jan 2am,11517.64,
Uttar Pradesh - 2025,22-Jan 3am,11313.78,
Uttar Pradesh - 2025,22-Jan 4am,11488.73,
Uttar Pradesh - 2025,22-Jan 5am,12770.2,
Uttar Pradesh - 2025,22-Jan 6am,14489.38,
Uttar Pradesh - 2025,22-Jan 7am,14426.65,
Uttar Pradesh - 2025,22-Jan 8am,14592.11,
Uttar Pradesh - 2025,22-Jan 9am,16769.22,
Uttar Pradesh - 2025,22-Jan 10am,18926.09,
Uttar Pradesh - 2025,22-Jan 11am,19224.4,
Uttar Pradesh - 2025,22-Jan 12pm,17332.98,
Uttar Pradesh - 2025,22-Jan 1pm,16269.36,
Uttar Pradesh - 2025,22-Jan 2pm,14475.7,
Uttar Pradesh - 2025,22-Jan 3pm,12825.55,
Uttar Pradesh - 2025,22-Jan 4pm,11125.31,
Uttar Pradesh - 2025,22-Jan 5pm,12161.04,
Uttar Pradesh - 2025,22-Jan 6pm,16419.95,
Uttar Pradesh - 2025,22-Jan 7pm,18821.45,
Uttar Pradesh - 2025,22-Jan 8pm,19061.95,
Uttar Pradesh - 2025,22-Jan 9pm,17609.87,
Uttar Pradesh - 2025,22-Jan 10pm,15894.66,
Uttar Pradesh - 2025,22-Jan 11pm,14006.63,
Uttar Pradesh - 2025,23-Jan 12am,12698.64,
Uttar Pradesh - 2025,23-Jan 1am,11838.43,
Uttar Pradesh - 2025,23-Jan 2am,11267.25,
Uttar Pradesh - 2025,23-Jan 3am,11020.74,
Uttar Pradesh - 2025,23-Jan 4am,11138.99,
Uttar Pradesh - 2025,23-Jan 5am,12309.86,
Uttar Pradesh - 2025,23-Jan 6am,13847.55,
Uttar Pradesh - 2025,23-Jan 7am,13694.17,
Uttar Pradesh - 2025,23-Jan 8am,14550.73,
Uttar Pradesh - 2025,23-Jan 9am,16433.21,
Uttar Pradesh - 2025,23-Jan 10am,18255.13,
Uttar Pradesh - 2025,23-Jan 11am,18325.71,
Uttar Pradesh - 2025,23-Jan 12pm,16981.86,
Uttar Pradesh - 2025,23-Jan 1pm,15365.38,
Uttar Pradesh - 2025,23-Jan 2pm,14137.36,
Uttar Pradesh - 2025,23-Jan 3pm,12526.75,
Uttar Pradesh - 2025,23-Jan 4pm,11363.33,
Uttar Pradesh - 2025,23-Jan 5pm,12312.77,
Uttar Pradesh - 2025,23-Jan 6pm,17251.87,
Uttar Pradesh - 2025,23-Jan 7pm,18797.75,
Uttar Pradesh - 2025,23-Jan 8pm,19329.91,
Uttar Pradesh - 2025,23-Jan 9pm,17896.85,
Uttar Pradesh - 2025,23-Jan 10pm,16276.1,
Uttar Pradesh - 2025,23-Jan 11pm,14092.88,
Uttar Pradesh - 2025,24-Jan 12am,12838.18,
Uttar Pradesh - 2025,24-Jan 1am,11795.71,
Uttar Pradesh - 2025,24-Jan 2am,11537.08,
Uttar Pradesh - 2025,24-Jan 3am,11333.41,
Uttar Pradesh - 2025,24-Jan 4am,11579.1,
Uttar Pradesh - 2025,24-Jan 5am,12870.78,
Uttar Pradesh - 2025,24-Jan 6am,14328.01,
Uttar Pradesh - 2025,24-Jan 7am,14829.53,
Uttar Pradesh - 2025,24-Jan 8am,15918.93,
Uttar Pradesh - 2025,24-Jan 9am,16934.86,
Uttar Pradesh - 2025,24-Jan 10am,19263.27,
Uttar Pradesh - 2025,24-Jan 11am,20005.31,
Uttar Pradesh - 2025,24-Jan 12pm,18465.39,
Uttar Pradesh - 2025,24-Jan 1pm,16520.16,
Uttar Pradesh - 2025,24-Jan 2pm,14244.03,
Uttar Pradesh - 2025,24-Jan 3pm,12707.75,
Uttar Pradesh - 2025,24-Jan 4pm,10903.16,
Uttar Pradesh - 2025,24-Jan 5pm,11969.14,
Uttar Pradesh - 2025,24-Jan 6pm,15186.5,
Uttar Pradesh - 2025,24-Jan 7pm,18250.72,
Uttar Pradesh - 2025,24-Jan 8pm,19494.26,
Uttar Pradesh - 2025,24-Jan 9pm,18041.02,
Uttar Pradesh - 2025,24-Jan 10pm,16671.51,
Uttar Pradesh - 2025,24-Jan 11pm,14819.17,
Uttar Pradesh - 2025,25-Jan 12am,13504.39,
Uttar Pradesh - 2025,25-Jan 1am,12711.57,
Uttar Pradesh - 2025,25-Jan 2am,12247.17,
Uttar Pradesh - 2025,25-Jan 3am,12090.69,
Uttar Pradesh - 2025,25-Jan 4am,12247.54,
Uttar Pradesh - 2025,25-Jan 5am,13609.79,
Uttar Pradesh - 2025,25-Jan 6am,14722.59,
Uttar Pradesh - 2025,25-Jan 7am,15251.65,
Uttar Pradesh - 2025,25-Jan 8am,15978.36,
Uttar Pradesh - 2025,25-Jan 9am,17477.37,
Uttar Pradesh - 2025,25-Jan 10am,18319.25,
Uttar Pradesh - 2025,25-Jan 11am,18949.2,
Uttar Pradesh - 2025,25-Jan 12pm,17621.05,
Uttar Pradesh - 2025,25-Jan 1pm,15763.35,
Uttar Pradesh - 2025,25-Jan 2pm,14588.43,
Uttar Pradesh - 2025,25-Jan 3pm,13347.12,
Uttar Pradesh - 2025,25-Jan 4pm,11192.75,
Uttar Pradesh - 2025,25-Jan 5pm,11618.27,
Uttar Pradesh - 2025,25-Jan 6pm,15704.11,
Uttar Pradesh - 2025,25-Jan 7pm,19988.72,
Uttar Pradesh - 2025,25-Jan 8pm,19843.72,
Uttar Pradesh - 2025,25-Jan 9pm,18318.37,
Uttar Pradesh - 2025,25-Jan 10pm,16169.36,
Uttar Pradesh - 2025,25-Jan 11pm,14361.78,
Uttar Pradesh - 2025,26-Jan 12am,12934.21,
Uttar Pradesh - 2025,26-Jan 1am,12155.96,
Uttar Pradesh - 2025,26-Jan 2am,11619.09,
Uttar Pradesh - 2025,26-Jan 3am,11412.98,
Uttar Pradesh - 2025,26-Jan 4am,11638.94,
Uttar Pradesh - 2025,26-Jan 5am,12924.82,
Uttar Pradesh - 2025,26-Jan 6am,15383.44,
Uttar Pradesh - 2025,26-Jan 7am,17597.32,
Uttar Pradesh - 2025,26-Jan 8am,19567.06,
Uttar Pradesh - 2025,26-Jan 9am,20850.51,
Uttar Pradesh - 2025,26-Jan 10am,20961.63,
Uttar Pradesh - 2025,26-Jan 11am,20400.32,
Uttar Pradesh - 2025,26-Jan 12pm,19323.75,
Uttar Pradesh - 2025,26-Jan 1pm,17661.98,
Uttar Pradesh - 2025,26-Jan 2pm,15916.5,
Uttar Pradesh - 2025,26-Jan 3pm,14809.26,
Uttar Pradesh - 2025,26-Jan 4pm,13840.56,
Uttar Pradesh - 2025,26-Jan 5pm,13630.63,
Uttar Pradesh - 2025,26-Jan 6pm,16050.63,
Uttar Pradesh - 2025,26-Jan 7pm,18693.69,
Uttar Pradesh - 2025,26-Jan 8pm,18137.59,
Uttar Pradesh - 2025,26-Jan 9pm,16869.96,
Uttar Pradesh - 2025,26-Jan 10pm,15029.69,
Uttar Pradesh - 2025,26-Jan 11pm,13214.03,
Uttar Pradesh - 2025,27-Jan 12am,12009.57,
Uttar Pradesh - 2025,27-Jan 1am,11238.6,
Uttar Pradesh - 2025,27-Jan 2am,10850.6,
Uttar Pradesh - 2025,27-Jan 3am,10705.81,
Uttar Pradesh - 2025,27-Jan 4am,10873.51,
Uttar Pradesh - 2025,27-Jan 5am,12239.75,
Uttar Pradesh - 2025,27-Jan 6am,13864.66,
Uttar Pradesh - 2025,27-Jan 7am,13267.57,
Uttar Pradesh - 2025,27-Jan 8am,16167.17,
Uttar Pradesh - 2025,27-Jan 9am,17475.62,
Uttar Pradesh - 2025,27-Jan 10am,19123.13,
Uttar Pradesh - 2025,27-Jan 11am,18219.73,
Uttar Pradesh - 2025,27-Jan 12pm,17970.65,
Uttar Pradesh - 2025,27-Jan 1pm,17140.39,
Uttar Pradesh - 2025,27-Jan 2pm,15311.11,
Uttar Pradesh - 2025,27-Jan 3pm,14523.67,
Uttar Pradesh - 2025,27-Jan 4pm,11368.16,
Uttar Pradesh - 2025,27-Jan 5pm,12080.57,
Uttar Pradesh - 2025,27-Jan 6pm,16638.05,
Uttar Pradesh - 2025,27-Jan 7pm,18401.36,
Uttar Pradesh - 2025,27-Jan 8pm,19922.5,
Uttar Pradesh - 2025,27-Jan 9pm,18393.99,
Uttar Pradesh - 2025,27-Jan 10pm,16317.86,
Uttar Pradesh - 2025,27-Jan 11pm,14151.13,
Uttar Pradesh - 2025,28-Jan 12am,12977.25,
Uttar Pradesh - 2025,28-Jan 1am,12088.89,
Uttar Pradesh - 2025,28-Jan 2am,11679.1,
Uttar Pradesh - 2025,28-Jan 3am,11580.45,
Uttar Pradesh - 2025,28-Jan 4am,11795.48,
Uttar Pradesh - 2025,28-Jan 5am,13151.21,
Uttar Pradesh - 2025,28-Jan 6am,14735.5,
Uttar Pradesh - 2025,28-Jan 7am,15032.54,
Uttar Pradesh - 2025,28-Jan 8am,15536.07,
Uttar Pradesh - 2025,28-Jan 9am,17149.73,
Uttar Pradesh - 2025,28-Jan 10am,19193.81,
Uttar Pradesh - 2025,28-Jan 11am,19402.54,
Uttar Pradesh - 2025,28-Jan 12pm,18538.86,
Uttar Pradesh - 2025,28-Jan 1pm,16856.98,
Uttar Pradesh - 2025,28-Jan 2pm,15363,
Uttar Pradesh - 2025,28-Jan 3pm,14029.26,
Uttar Pradesh - 2025,28-Jan 4pm,12325.28,
Uttar Pradesh - 2025,28-Jan 5pm,12763.28,
Uttar Pradesh - 2025,28-Jan 6pm,16755.04,
Uttar Pradesh - 2025,28-Jan 7pm,18927.14,
Uttar Pradesh - 2025,28-Jan 8pm,20224.43,
Uttar Pradesh - 2025,28-Jan 9pm,18474.8,
Uttar Pradesh - 2025,28-Jan 10pm,16435.52,
Uttar Pradesh - 2025,28-Jan 11pm,14470.84,
Uttar Pradesh - 2025,29-Jan 12am,13121.88,
Uttar Pradesh - 2025,29-Jan 1am,12480.81,
Uttar Pradesh - 2025,29-Jan 2am,11867.88,
Uttar Pradesh - 2025,29-Jan 3am,11698.52,
Uttar Pradesh - 2025,29-Jan 4am,11994.7,
Uttar Pradesh - 2025,29-Jan 5am,13419.2,
Uttar Pradesh - 2025,29-Jan 6am,15146.62,
Uttar Pradesh - 2025,29-Jan 7am,15040.96,
Uttar Pradesh - 2025,29-Jan 8am,16319.41,
Uttar Pradesh - 2025,29-Jan 9am,17047.52,
Uttar Pradesh - 2025,29-Jan 10am,19923.11,
Uttar Pradesh - 2025,29-Jan 11am,20335.05,
Uttar Pradesh - 2025,29-Jan 12pm,18320.47,
Uttar Pradesh - 2025,29-Jan 1pm,15979.68,
Uttar Pradesh - 2025,29-Jan 2pm,14122.49,
Uttar Pradesh - 2025,29-Jan 3pm,13612.94,
Uttar Pradesh - 2025,29-Jan 4pm,13191.51,
Uttar Pradesh - 2025,29-Jan 5pm,13625.84,
Uttar Pradesh - 2025,29-Jan 6pm,16944.89,
Uttar Pradesh - 2025,29-Jan 7pm,18356.61,
Uttar Pradesh - 2025,29-Jan 8pm,19790.03,
Uttar Pradesh - 2025,29-Jan 9pm,18226.2,
Uttar Pradesh - 2025,29-Jan 10pm,16393.48,
Uttar Pradesh - 2025,29-Jan 11pm,14377.89,
Uttar Pradesh - 2025,30-Jan 12am,12973.35,
Uttar Pradesh - 2025,30-Jan 1am,12229.4,
Uttar Pradesh - 2025,30-Jan 2am,11933.78,
Uttar Pradesh - 2025,30-Jan 3am,11652.75,
Uttar Pradesh - 2025,30-Jan 4am,11780.95,
Uttar Pradesh - 2025,30-Jan 5am,12883.79,
Uttar Pradesh - 2025,30-Jan 6am,14249.5,
Uttar Pradesh - 2025,30-Jan 7am,15271.97,
Uttar Pradesh - 2025,30-Jan 8am,16054.46,
Uttar Pradesh - 2025,30-Jan 9am,16943.24,
Uttar Pradesh - 2025,30-Jan 10am,18727.2,
Uttar Pradesh - 2025,30-Jan 11am,19679.13,
Uttar Pradesh - 2025,30-Jan 12pm,17950.79,
Uttar Pradesh - 2025,30-Jan 1pm,16312.53,
Uttar Pradesh - 2025,30-Jan 2pm,14597.35,
Uttar Pradesh - 2025,30-Jan 3pm,13539.57,
Uttar Pradesh - 2025,30-Jan 4pm,11480.6,
Uttar Pradesh - 2025,30-Jan 5pm,12547.03,
Uttar Pradesh - 2025,30-Jan 6pm,17561.87,
Uttar Pradesh - 2025,30-Jan 7pm,18414.8,
Uttar Pradesh - 2025,30-Jan 8pm,19936.64,
Uttar Pradesh - 2025,30-Jan 9pm,18245.14,
Uttar Pradesh - 2025,30-Jan 10pm,16313.45,
Uttar Pradesh - 2025,30-Jan 11pm,14445.7,
Uttar Pradesh - 2025,31-Jan 12am,13099.82,
Uttar Pradesh - 2025,31-Jan 1am,12244.6,
Uttar Pradesh - 2025,31-Jan 2am,11804.03,
Uttar Pradesh - 2025,31-Jan 3am,11628.7,
Uttar Pradesh - 2025,31-Jan 4am,11757.03,
Uttar Pradesh - 2025,31-Jan 5am,13108.5,
Uttar Pradesh - 2025,31-Jan 6am,14927,
Uttar Pradesh - 2025,31-Jan 7am,14589.18,
Uttar Pradesh - 2025,31-Jan 8am,16188.28,
Uttar Pradesh - 2025,31-Jan 9am,16808.34,
Uttar Pradesh - 2025,31-Jan 10am,19080.13,
Uttar Pradesh - 2025,31-Jan 11am,20154.63,
Uttar Pradesh - 2025,31-Jan 12pm,18936.58,
Uttar Pradesh - 2025,31-Jan 1pm,17676.21,
Uttar Pradesh - 2025,31-Jan 2pm,15433.8,
Uttar Pradesh - 2025,31-Jan 3pm,13921.89,
Uttar Pradesh - 2025,31-Jan 4pm,12030.88,
Uttar Pradesh - 2025,31-Jan 5pm,12118.89,
Uttar Pradesh - 2025,31-Jan 6pm,16331.93,
Uttar Pradesh - 2025,31-Jan 7pm,19129.6,
Uttar Pradesh - 2025,31-Jan 8pm,19482.79,
Uttar Pradesh - 2025,31-Jan 9pm,17882.7,
Uttar Pradesh - 2025,31-Jan 10pm,15969.57,
Uttar Pradesh - 2025,31-Jan 11pm,13986.75,
Uttar Pradesh - 2025,01-Feb 12am,12888.63,
Uttar Pradesh - 2025,01-Feb 1am,12101.87,
Uttar Pradesh - 2025,01-Feb 2am,11608.37,
Uttar Pradesh - 2025,01-Feb 3am,11570.64,
Uttar Pradesh - 2025,01-Feb 4am,11459.6,
Uttar Pradesh - 2025,01-Feb 5am,12731.53,
Uttar Pradesh - 2025,01-Feb 6am,13970.28,
Uttar Pradesh - 2025,01-Feb 7am,13145.33,
Uttar Pradesh - 2025,01-Feb 8am,14937.79,
Uttar Pradesh - 2025,01-Feb 9am,16571.82,
Uttar Pradesh - 2025,01-Feb 10am,18686.29,
Uttar Pradesh - 2025,01-Feb 11am,19542.3,
Uttar Pradesh - 2025,01-Feb 12pm,18271.44,
Uttar Pradesh - 2025,01-Feb 1pm,16491.74,
Uttar Pradesh - 2025,01-Feb 2pm,14400.36,
Uttar Pradesh - 2025,01-Feb 3pm,12984.49,
Uttar Pradesh - 2025,01-Feb 4pm,11648.49,
Uttar Pradesh - 2025,01-Feb 5pm,12702.66,
Uttar Pradesh - 2025,01-Feb 6pm,17282.95,
Uttar Pradesh - 2025,01-Feb 7pm,18747.77,
Uttar Pradesh - 2025,01-Feb 8pm,19148.62,
Uttar Pradesh - 2025,01-Feb 9pm,17568.44,
Uttar Pradesh - 2025,01-Feb 10pm,15796.11,
Uttar Pradesh - 2025,01-Feb 11pm,14104.62,
Uttar Pradesh - 2025,02-Feb 12am,13003.57,
Uttar Pradesh - 2025,02-Feb 1am,12271.92,
Uttar Pradesh - 2025,02-Feb 2am,11844.99,
Uttar Pradesh - 2025,02-Feb 3am,11620.26,
Uttar Pradesh - 2025,02-Feb 4am,11705.81,
Uttar Pradesh - 2025,02-Feb 5am,12925.95,
Uttar Pradesh - 2025,02-Feb 6am,13517.64,
Uttar Pradesh - 2025,02-Feb 7am,13705.98,
Uttar Pradesh - 2025,02-Feb 8am,14820.63,
Uttar Pradesh - 2025,02-Feb 9am,17231.33,
Uttar Pradesh - 2025,02-Feb 10am,18324.81,
Uttar Pradesh - 2025,02-Feb 11am,18075.94,
Uttar Pradesh - 2025,02-Feb 12pm,17014.83,
Uttar Pradesh - 2025,02-Feb 1pm,15902.68,
Uttar Pradesh - 2025,02-Feb 2pm,14167.65,
Uttar Pradesh - 2025,02-Feb 3pm,12900.33,
Uttar Pradesh - 2025,02-Feb 4pm,10853.09,
Uttar Pradesh - 2025,02-Feb 5pm,10332.5,
Uttar Pradesh - 2025,02-Feb 6pm,15757.59,
Uttar Pradesh - 2025,02-Feb 7pm,19230.82,
Uttar Pradesh - 2025,02-Feb 8pm,18180.99,
Uttar Pradesh - 2025,02-Feb 9pm,17001.88,
Uttar Pradesh - 2025,02-Feb 10pm,15078.33,
Uttar Pradesh - 2025,02-Feb 11pm,13494.63,
Uttar Pradesh - 2025,03-Feb 12am,12613.32,
Uttar Pradesh - 2025,03-Feb 1am,11901.57,
Uttar Pradesh - 2025,03-Feb 2am,11473.53,
Uttar Pradesh - 2025,03-Feb 3am,11324.69,
Uttar Pradesh - 2025,03-Feb 4am,11569.7,
Uttar Pradesh - 2025,03-Feb 5am,12912.92,
Uttar Pradesh - 2025,03-Feb 6am,14085.88,
Uttar Pradesh - 2025,03-Feb 7am,13581.74,
Uttar Pradesh - 2025,03-Feb 8am,15008.71,
Uttar Pradesh - 2025,03-Feb 9am,17454.72,
Uttar Pradesh - 2025,03-Feb 10am,18980.93,
Uttar Pradesh - 2025,03-Feb 11am,18968.4,
Uttar Pradesh - 2025,03-Feb 12pm,17597.34,
Uttar Pradesh - 2025,03-Feb 1pm,15951.57,
Uttar Pradesh - 2025,03-Feb 2pm,13990.96,
Uttar Pradesh - 2025,03-Feb 3pm,13167.92,
Uttar Pradesh - 2025,03-Feb 4pm,11380.01,
Uttar Pradesh - 2025,03-Feb 5pm,12552.13,
Uttar Pradesh - 2025,03-Feb 6pm,16279.79,
Uttar Pradesh - 2025,03-Feb 7pm,19475.85,
Uttar Pradesh - 2025,03-Feb 8pm,18787.79,
Uttar Pradesh - 2025,03-Feb 9pm,17353.57,
Uttar Pradesh - 2025,03-Feb 10pm,15423.9,
Uttar Pradesh - 2025,03-Feb 11pm,13935.47,
Uttar Pradesh - 2025,04-Feb 12am,12746.13,
Uttar Pradesh - 2025,04-Feb 1am,12067.4,
Uttar Pradesh - 2025,04-Feb 2am,11686.75,
Uttar Pradesh - 2025,04-Feb 3am,11497.09,
Uttar Pradesh - 2025,04-Feb 4am,11620.13,
Uttar Pradesh - 2025,04-Feb 5am,12739.93,
Uttar Pradesh - 2025,04-Feb 6am,13404.34,
Uttar Pradesh - 2025,04-Feb 7am,13284.2,
Uttar Pradesh - 2025,04-Feb 8am,14837.82,
Uttar Pradesh - 2025,04-Feb 9am,16694,
Uttar Pradesh - 2025,04-Feb 10am,17594.19,
Uttar Pradesh - 2025,04-Feb 11am,17340.58,
Uttar Pradesh - 2025,04-Feb 12pm,16448.65,
Uttar Pradesh - 2025,04-Feb 1pm,15444.87,
Uttar Pradesh - 2025,04-Feb 2pm,13662.48,
Uttar Pradesh - 2025,04-Feb 3pm,12930.87,
Uttar Pradesh - 2025,04-Feb 4pm,11341.2,
Uttar Pradesh - 2025,04-Feb 5pm,12701.75,
Uttar Pradesh - 2025,04-Feb 6pm,16558.2,
Uttar Pradesh - 2025,04-Feb 7pm,19375.63,
Uttar Pradesh - 2025,04-Feb 8pm,18194.55,
Uttar Pradesh - 2025,04-Feb 9pm,16612.86,
Uttar Pradesh - 2025,04-Feb 10pm,15412.01,
Uttar Pradesh - 2025,04-Feb 11pm,13823.85,
Uttar Pradesh - 2025,05-Feb 12am,12762.21,
Uttar Pradesh - 2025,05-Feb 1am,12070.98,
Uttar Pradesh - 2025,05-Feb 2am,11747.65,
Uttar Pradesh - 2025,05-Feb 3am,11565.5,
Uttar Pradesh - 2025,05-Feb 4am,11692.55,
Uttar Pradesh - 2025,05-Feb 5am,13000.3,
Uttar Pradesh - 2025,05-Feb 6am,13219.08,
Uttar Pradesh - 2025,05-Feb 7am,12789.51,
Uttar Pradesh - 2025,05-Feb 8am,14870.4,
Uttar Pradesh - 2025,05-Feb 9am,16747.91,
Uttar Pradesh - 2025,05-Feb 10am,18313.6,
Uttar Pradesh - 2025,05-Feb 11am,19421.46,
Uttar Pradesh - 2025,05-Feb 12pm,18567.2,
Uttar Pradesh - 2025,05-Feb 1pm,16065.12,
Uttar Pradesh - 2025,05-Feb 2pm,14367.38,
Uttar Pradesh - 2025,05-Feb 3pm,13104.24,
Uttar Pradesh - 2025,05-Feb 4pm,11356.5,
Uttar Pradesh - 2025,05-Feb 5pm,12715.54,
Uttar Pradesh - 2025,05-Feb 6pm,16389.56,
Uttar Pradesh - 2025,05-Feb 7pm,19314.76,
Uttar Pradesh - 2025,05-Feb 8pm,18646.12,
Uttar Pradesh - 2025,05-Feb 9pm,17197.15,
Uttar Pradesh - 2025,05-Feb 10pm,15517.99,
Uttar Pradesh - 2025,05-Feb 11pm,14032.63,
Uttar Pradesh - 2025,06-Feb 12am,12933.48,
Uttar Pradesh - 2025,06-Feb 1am,12293.47,
Uttar Pradesh - 2025,06-Feb 2am,11890.06,
Uttar Pradesh - 2025,06-Feb 3am,11615.7,
Uttar Pradesh - 2025,06-Feb 4am,11781.13,
Uttar Pradesh - 2025,06-Feb 5am,13050.83,
Uttar Pradesh - 2025,06-Feb 6am,14034.04,
Uttar Pradesh - 2025,06-Feb 7am,13948.46,
Uttar Pradesh - 2025,06-Feb 8am,15750.14,
Uttar Pradesh - 2025,06-Feb 9am,17343.96,
Uttar Pradesh - 2025,06-Feb 10am,18470.93,
Uttar Pradesh - 2025,06-Feb 11am,17821.93,
Uttar Pradesh - 2025,06-Feb 12pm,15799.33,
Uttar Pradesh - 2025,06-Feb 1pm,14395.11,
Uttar Pradesh - 2025,06-Feb 2pm,13359.16,
Uttar Pradesh - 2025,06-Feb 3pm,11808.77,
Uttar Pradesh - 2025,06-Feb 4pm,10336.89,
Uttar Pradesh - 2025,06-Feb 5pm,10355.87,
Uttar Pradesh - 2025,06-Feb 6pm,15739.88,
Uttar Pradesh - 2025,06-Feb 7pm,19583.45,
Uttar Pradesh - 2025,06-Feb 8pm,19387.03,
Uttar Pradesh - 2025,06-Feb 9pm,17786.82,
Uttar Pradesh - 2025,06-Feb 10pm,15864.75,
Uttar Pradesh - 2025,06-Feb 11pm,14192.14,
Uttar Pradesh - 2025,07-Feb 12am,13026.46,
Uttar Pradesh - 2025,07-Feb 1am,12287.65,
Uttar Pradesh - 2025,07-Feb 2am,11839.02,
Uttar Pradesh - 2025,07-Feb 3am,11555.68,
Uttar Pradesh - 2025,07-Feb 4am,11813.99,
Uttar Pradesh - 2025,07-Feb 5am,13124.26,
Uttar Pradesh - 2025,07-Feb 6am,13955.53,
Uttar Pradesh - 2025,07-Feb 7am,14217.46,
Uttar Pradesh - 2025,07-Feb 8am,15961.08,
Uttar Pradesh - 2025,07-Feb 9am,17944.98,
Uttar Pradesh - 2025,07-Feb 10am,19063.31,
Uttar Pradesh - 2025,07-Feb 11am,19193.04,
Uttar Pradesh - 2025,07-Feb 12pm,17768.72,
Uttar Pradesh - 2025,07-Feb 1pm,15552.8,
Uttar Pradesh - 2025,07-Feb 2pm,14193.59,
Uttar Pradesh - 2025,07-Feb 3pm,11726.97,
Uttar Pradesh - 2025,07-Feb 4pm,11260.64,
Uttar Pradesh - 2025,07-Feb 5pm,12216.82,
Uttar Pradesh - 2025,07-Feb 6pm,16508.67,
Uttar Pradesh - 2025,07-Feb 7pm,20111.68,
Uttar Pradesh - 2025,07-Feb 8pm,19132.51,
Uttar Pradesh - 2025,07-Feb 9pm,17538.49,
Uttar Pradesh - 2025,07-Feb 10pm,15590.37,
Uttar Pradesh - 2025,07-Feb 11pm,13941.86,
Uttar Pradesh - 2025,08-Feb 12am,12822.47,
Uttar Pradesh - 2025,08-Feb 1am,12099.15,
Uttar Pradesh - 2025,08-Feb 2am,11769.52,
Uttar Pradesh - 2025,08-Feb 3am,11511.19,
Uttar Pradesh - 2025,08-Feb 4am,11611.42,
Uttar Pradesh - 2025,08-Feb 5am,12889.2,
Uttar Pradesh - 2025,08-Feb 6am,14298.1,
Uttar Pradesh - 2025,08-Feb 7am,13605.22,
Uttar Pradesh - 2025,08-Feb 8am,15306.86,
Uttar Pradesh - 2025,08-Feb 9am,17509.15,
Uttar Pradesh - 2025,08-Feb 10am,18083.66,
Uttar Pradesh - 2025,08-Feb 11am,18556.72,
Uttar Pradesh - 2025,08-Feb 12pm,17674.11,
Uttar Pradesh - 2025,08-Feb 1pm,14909.92,
Uttar Pradesh - 2025,08-Feb 2pm,13714.2,
Uttar Pradesh - 2025,08-Feb 3pm,12261.44,
Uttar Pradesh - 2025,08-Feb 4pm,12284.69,
Uttar Pradesh - 2025,08-Feb 5pm,13462.56,
Uttar Pradesh - 2025,08-Feb 6pm,17144.83,
Uttar Pradesh - 2025,08-Feb 7pm,19955.41,
Uttar Pradesh - 2025,08-Feb 8pm,19449.36,
Uttar Pradesh - 2025,08-Feb 9pm,17789.67,
Uttar Pradesh - 2025,08-Feb 10pm,15905.14,
Uttar Pradesh - 2025,08-Feb 11pm,14271.84,
Uttar Pradesh - 2025,09-Feb 12am,13060.42,
Uttar Pradesh - 2025,09-Feb 1am,12258.4,
Uttar Pradesh - 2025,09-Feb 2am,11807.06,
Uttar Pradesh - 2025,09-Feb 3am,11616.27,
Uttar Pradesh - 2025,09-Feb 4am,11634.55,
Uttar Pradesh - 2025,09-Feb 5am,12855.83,
Uttar Pradesh - 2025,09-Feb 6am,13596.92,
Uttar Pradesh - 2025,09-Feb 7am,13193.85,
Uttar Pradesh - 2025,09-Feb 8am,14512.96,
Uttar Pradesh - 2025,09-Feb 9am,16495.17,
Uttar Pradesh - 2025,09-Feb 10am,18401.57,
Uttar Pradesh - 2025,09-Feb 11am,18629.44,
Uttar Pradesh - 2025,09-Feb 12pm,19430.3,
Uttar Pradesh - 2025,09-Feb 1pm,17620.01,
Uttar Pradesh - 2025,09-Feb 2pm,15222.28,
Uttar Pradesh - 2025,09-Feb 3pm,13989.65,
Uttar Pradesh - 2025,09-Feb 4pm,11347.06,
Uttar Pradesh - 2025,09-Feb 5pm,11725.91,
Uttar Pradesh - 2025,09-Feb 6pm,15926.49,
Uttar Pradesh - 2025,09-Feb 7pm,19407.87,
Uttar Pradesh - 2025,09-Feb 8pm,18479.18,
Uttar Pradesh - 2025,09-Feb 9pm,17200.15,
Uttar Pradesh - 2025,09-Feb 10pm,15348.87,
Uttar Pradesh - 2025,09-Feb 11pm,13523.51,
Uttar Pradesh - 2025,10-Feb 12am,12510.56,
Uttar Pradesh - 2025,10-Feb 1am,11896.63,
Uttar Pradesh - 2025,10-Feb 2am,11385.96,
Uttar Pradesh - 2025,10-Feb 3am,11297.49,
Uttar Pradesh - 2025,10-Feb 4am,11467.37,
Uttar Pradesh - 2025,10-Feb 5am,12814.89,
Uttar Pradesh - 2025,10-Feb 6am,14000.66,
Uttar Pradesh - 2025,10-Feb 7am,13683.96,
Uttar Pradesh - 2025,10-Feb 8am,14361.71,
Uttar Pradesh - 2025,10-Feb 9am,17038.91,
Uttar Pradesh - 2025,10-Feb 10am,18540.4,
Uttar Pradesh - 2025,10-Feb 11am,19548.26,
Uttar Pradesh - 2025,10-Feb 12pm,19051.73,
Uttar Pradesh - 2025,10-Feb 1pm,16903.27,
Uttar Pradesh - 2025,10-Feb 2pm,14989.02,
Uttar Pradesh - 2025,10-Feb 3pm,13609.69,
Uttar Pradesh - 2025,10-Feb 4pm,12484.11,
Uttar Pradesh - 2025,10-Feb 5pm,12954.42,
Uttar Pradesh - 2025,10-Feb 6pm,15540.38,
Uttar Pradesh - 2025,10-Feb 7pm,18940.73,
Uttar Pradesh - 2025,10-Feb 8pm,19269.06,
Uttar Pradesh - 2025,10-Feb 9pm,17456.49,
Uttar Pradesh - 2025,10-Feb 10pm,15662.95,
Uttar Pradesh - 2025,10-Feb 11pm,14129.57,
Uttar Pradesh - 2025,11-Feb 12am,13099.68,
Uttar Pradesh - 2025,11-Feb 1am,12281.11,
Uttar Pradesh - 2025,11-Feb 2am,11902.16,
Uttar Pradesh - 2025,11-Feb 3am,11678.32,
Uttar Pradesh - 2025,11-Feb 4am,11846.84,
Uttar Pradesh - 2025,11-Feb 5am,12943.26,
Uttar Pradesh - 2025,11-Feb 6am,12991.55,
Uttar Pradesh - 2025,11-Feb 7am,13114.17,
Uttar Pradesh - 2025,11-Feb 8am,15207.25,
Uttar Pradesh - 2025,11-Feb 9am,17620.34,
Uttar Pradesh - 2025,11-Feb 10am,18668.99,
Uttar Pradesh - 2025,11-Feb 11am,18645.86,
Uttar Pradesh - 2025,11-Feb 12pm,18503.88,
Uttar Pradesh - 2025,11-Feb 1pm,16529.95,
Uttar Pradesh - 2025,11-Feb 2pm,14766.08,
Uttar Pradesh - 2025,11-Feb 3pm,13760.53,
Uttar Pradesh - 2025,11-Feb 4pm,12546.38,
Uttar Pradesh - 2025,11-Feb 5pm,12803.9,
Uttar Pradesh - 2025,11-Feb 6pm,16701.3,
Uttar Pradesh - 2025,11-Feb 7pm,18393.37,
Uttar Pradesh - 2025,11-Feb 8pm,19178.49,
Uttar Pradesh - 2025,11-Feb 9pm,17540.19,
Uttar Pradesh - 2025,11-Feb 10pm,15920.75,
Uttar Pradesh - 2025,11-Feb 11pm,14269.66,
Uttar Pradesh - 2025,12-Feb 12am,13337.97,
Uttar Pradesh - 2025,12-Feb 1am,12673.64,
Uttar Pradesh - 2025,12-Feb 2am,12285.69,
Uttar Pradesh - 2025,12-Feb 3am,11992.63,
Uttar Pradesh - 2025,12-Feb 4am,12211.56,
Uttar Pradesh - 2025,12-Feb 5am,13394.1,
Uttar Pradesh - 2025,12-Feb 6am,14021.63,
Uttar Pradesh - 2025,12-Feb 7am,13028.8,
Uttar Pradesh - 2025,12-Feb 8am,14966.69,
Uttar Pradesh - 2025,12-Feb 9am,16436.87,
Uttar Pradesh - 2025,12-Feb 10am,19519.87,
Uttar Pradesh - 2025,12-Feb 11am,19786.49,
Uttar Pradesh - 2025,12-Feb 12pm,19419.88,
Uttar Pradesh - 2025,12-Feb 1pm,17219.87,
Uttar Pradesh - 2025,12-Feb 2pm,14049.06,
Uttar Pradesh - 2025,12-Feb 3pm,13141.1,
Uttar Pradesh - 2025,12-Feb 4pm,11079.65,
Uttar Pradesh - 2025,12-Feb 5pm,12458.21,
Uttar Pradesh - 2025,12-Feb 6pm,16332.16,
Uttar Pradesh - 2025,12-Feb 7pm,18137.4,
Uttar Pradesh - 2025,12-Feb 8pm,18910.42,
Uttar Pradesh - 2025,12-Feb 9pm,17168.93,
Uttar Pradesh - 2025,12-Feb 10pm,15493.7,
Uttar Pradesh - 2025,12-Feb 11pm,13949.15,
Uttar Pradesh - 2025,13-Feb 12am,13078.63,
Uttar Pradesh - 2025,13-Feb 1am,12393.49,
Uttar Pradesh - 2025,13-Feb 2am,11887.79,
Uttar Pradesh - 2025,13-Feb 3am,11731.8,
Uttar Pradesh - 2025,13-Feb 4am,11819.93,
Uttar Pradesh - 2025,13-Feb 5am,13053.02,
Uttar Pradesh - 2025,13-Feb 6am,13774.69,
Uttar Pradesh - 2025,13-Feb 7am,13857.91,
Uttar Pradesh - 2025,13-Feb 8am,14801.65,
Uttar Pradesh - 2025,13-Feb 9am,16527.34,
Uttar Pradesh - 2025,13-Feb 10am,18574.5,
Uttar Pradesh - 2025,13-Feb 11am,18081.28,
Uttar Pradesh - 2025,13-Feb 12pm,15433.23,
Uttar Pradesh - 2025,13-Feb 1pm,13337.28,
Uttar Pradesh - 2025,13-Feb 2pm,12323.2,
Uttar Pradesh - 2025,13-Feb 3pm,11105.08,
Uttar Pradesh - 2025,13-Feb 4pm,9745.38,
Uttar Pradesh - 2025,13-Feb 5pm,10889.37,
Uttar Pradesh - 2025,13-Feb 6pm,14829.06,
Uttar Pradesh - 2025,13-Feb 7pm,17654.6,
Uttar Pradesh - 2025,13-Feb 8pm,19262.56,
Uttar Pradesh - 2025,13-Feb 9pm,17644.46,
Uttar Pradesh - 2025,13-Feb 10pm,15674.39,
Uttar Pradesh - 2025,13-Feb 11pm,14059.04,
Uttar Pradesh - 2025,14-Feb 12am,12964.59,
Uttar Pradesh - 2025,14-Feb 1am,12250.59,
Uttar Pradesh - 2025,14-Feb 2am,11876.45,
Uttar Pradesh - 2025,14-Feb 3am,11625.21,
Uttar Pradesh - 2025,14-Feb 4am,12077.36,
Uttar Pradesh - 2025,14-Feb 5am,13332.94,
Uttar Pradesh - 2025,14-Feb 6am,13894.37,
Uttar Pradesh - 2025,14-Feb 7am,13985.29,
Uttar Pradesh - 2025,14-Feb 8am,14916.99,
Uttar Pradesh - 2025,14-Feb 9am,16238.34,
Uttar Pradesh - 2025,14-Feb 10am,18061.72,
Uttar Pradesh - 2025,14-Feb 11am,18540.48,
Uttar Pradesh - 2025,14-Feb 12pm,16621.04,
Uttar Pradesh - 2025,14-Feb 1pm,14314.74,
Uttar Pradesh - 2025,14-Feb 2pm,12464.91,
Uttar Pradesh - 2025,14-Feb 3pm,11670.98,
Uttar Pradesh - 2025,14-Feb 4pm,10266.36,
Uttar Pradesh - 2025,14-Feb 5pm,16276.36,
Uttar Pradesh - 2025,14-Feb 6pm,16456.44,
Uttar Pradesh - 2025,14-Feb 7pm,18873.05,
Uttar Pradesh - 2025,14-Feb 8pm,18598.93,
Uttar Pradesh - 2025,14-Feb 9pm,17097.25,
Uttar Pradesh - 2025,14-Feb 10pm,15342.3,
Uttar Pradesh - 2025,14-Feb 11pm,13877.4,
Uttar Pradesh - 2025,15-Feb 12am,12886.78,
Uttar Pradesh - 2025,15-Feb 1am,12150.1,
Uttar Pradesh - 2025,15-Feb 2am,11759.93,
Uttar Pradesh - 2025,15-Feb 3am,11471.28,
Uttar Pradesh - 2025,15-Feb 4am,11721.9,
Uttar Pradesh - 2025,15-Feb 5am,12699.42,
Uttar Pradesh - 2025,15-Feb 6am,14392.21,
Uttar Pradesh - 2025,15-Feb 7am,13814.53,
Uttar Pradesh - 2025,15-Feb 8am,13829.09,
Uttar Pradesh - 2025,15-Feb 9am,16950.72,
Uttar Pradesh - 2025,15-Feb 10am,18898.35,
Uttar Pradesh - 2025,15-Feb 11am,18971.47,
Uttar Pradesh - 2025,15-Feb 12pm,17442.9,
Uttar Pradesh - 2025,15-Feb 1pm,16116.94,
Uttar Pradesh - 2025,15-Feb 2pm,15097.21,
Uttar Pradesh - 2025,15-Feb 3pm,14118.28,
Uttar Pradesh - 2025,15-Feb 4pm,12773.65,
Uttar Pradesh - 2025,15-Feb 5pm,12840.27,
Uttar Pradesh - 2025,15-Feb 6pm,15360.81,
Uttar Pradesh - 2025,15-Feb 7pm,19634.3,
Uttar Pradesh - 2025,15-Feb 8pm,18980.96,
Uttar Pradesh - 2025,15-Feb 9pm,17671.86,
Uttar Pradesh - 2025,15-Feb 10pm,15929.61,
Uttar Pradesh - 2025,15-Feb 11pm,14531.39,
Uttar Pradesh - 2025,16-Feb 12am,13482.71,
Uttar Pradesh - 2025,16-Feb 1am,12670.01,
Uttar Pradesh - 2025,16-Feb 2am,12335.97,
Uttar Pradesh - 2025,16-Feb 3am,12095.79,
Uttar Pradesh - 2025,16-Feb 4am,12149.86,
Uttar Pradesh - 2025,16-Feb 5am,13158.08,
Uttar Pradesh - 2025,16-Feb 6am,13566.48,
Uttar Pradesh - 2025,16-Feb 7am,13430.78,
Uttar Pradesh - 2025,16-Feb 8am,15606.89,
Uttar Pradesh - 2025,16-Feb 9am,17252.07,
Uttar Pradesh - 2025,16-Feb 10am,18675.45,
Uttar Pradesh - 2025,16-Feb 11am,18945.08,
Uttar Pradesh - 2025,16-Feb 12pm,17302.84,
Uttar Pradesh - 2025,16-Feb 1pm,16358.39,
Uttar Pradesh - 2025,16-Feb 2pm,14840.73,
Uttar Pradesh - 2025,16-Feb 3pm,12757.19,
Uttar Pradesh - 2025,16-Feb 4pm,11730.06,
Uttar Pradesh - 2025,16-Feb 5pm,11998.05,
Uttar Pradesh - 2025,16-Feb 6pm,15926.42,
Uttar Pradesh - 2025,16-Feb 7pm,19266.16,
Uttar Pradesh - 2025,16-Feb 8pm,18451.48,
Uttar Pradesh - 2025,16-Feb 9pm,16917.78,
Uttar Pradesh - 2025,16-Feb 10pm,15372.99,
Uttar Pradesh - 2025,16-Feb 11pm,13780.59,
Uttar Pradesh - 2025,17-Feb 12am,12871.62,
Uttar Pradesh - 2025,17-Feb 1am,12241.71,
Uttar Pradesh - 2025,17-Feb 2am,11882.17,
Uttar Pradesh - 2025,17-Feb 3am,11677.11,
Uttar Pradesh - 2025,17-Feb 4am,11965.64,
Uttar Pradesh - 2025,17-Feb 5am,13171.82,
Uttar Pradesh - 2025,17-Feb 6am,14110.84,
Uttar Pradesh - 2025,17-Feb 7am,13760,
Uttar Pradesh - 2025,17-Feb 8am,15123.29,
Uttar Pradesh - 2025,17-Feb 9am,17304.63,
Uttar Pradesh - 2025,17-Feb 10am,19224.53,
Uttar Pradesh - 2025,17-Feb 11am,19465.55,
Uttar Pradesh - 2025,17-Feb 12pm,18145.52,
Uttar Pradesh - 2025,17-Feb 1pm,16768.54,
Uttar Pradesh - 2025,17-Feb 2pm,15119.84,
Uttar Pradesh - 2025,17-Feb 3pm,13804.28,
Uttar Pradesh - 2025,17-Feb 4pm,12101.86,
Uttar Pradesh - 2025,17-Feb 5pm,12122.86,
Uttar Pradesh - 2025,17-Feb 6pm,16061.09,
Uttar Pradesh - 2025,17-Feb 7pm,18546.97,
Uttar Pradesh - 2025,17-Feb 8pm,19092.91,
Uttar Pradesh - 2025,17-Feb 9pm,17583.62,
Uttar Pradesh - 2025,17-Feb 10pm,15510.8,
Uttar Pradesh - 2025,17-Feb 11pm,14493.25,
Uttar Pradesh - 2025,18-Feb 12am,13502.16,
Uttar Pradesh - 2025,18-Feb 1am,12821.77,
Uttar Pradesh - 2025,18-Feb 2am,12343.58,
Uttar Pradesh - 2025,18-Feb 3am,12115.92,
Uttar Pradesh - 2025,18-Feb 4am,12306.54,
Uttar Pradesh - 2025,18-Feb 5am,13704.84,
Uttar Pradesh - 2025,18-Feb 6am,14119.42,
Uttar Pradesh - 2025,18-Feb 7am,13159.14,
Uttar Pradesh - 2025,18-Feb 8am,14625.45,
Uttar Pradesh - 2025,18-Feb 9am,16703.58,
Uttar Pradesh - 2025,18-Feb 10am,18723.16,
Uttar Pradesh - 2025,18-Feb 11am,19950.82,
Uttar Pradesh - 2025,18-Feb 12pm,18697.02,
Uttar Pradesh - 2025,18-Feb 1pm,17208,
Uttar Pradesh - 2025,18-Feb 2pm,14960.51,
Uttar Pradesh - 2025,18-Feb 3pm,13689.1,
Uttar Pradesh - 2025,18-Feb 4pm,11639.7,
Uttar Pradesh - 2025,18-Feb 5pm,11877.46,
Uttar Pradesh - 2025,18-Feb 6pm,15175.98,
Uttar Pradesh - 2025,18-Feb 7pm,17859.37,
Uttar Pradesh - 2025,18-Feb 8pm,18721.58,
Uttar Pradesh - 2025,18-Feb 9pm,17154.35,
Uttar Pradesh - 2025,18-Feb 10pm,15524.6,
Uttar Pradesh - 2025,18-Feb 11pm,14203.43,
Uttar Pradesh - 2025,19-Feb 12am,13401.98,
Uttar Pradesh - 2025,19-Feb 1am,12721.46,
Uttar Pradesh - 2025,19-Feb 2am,12244.23,
Uttar Pradesh - 2025,19-Feb 3am,11982.64,
Uttar Pradesh - 2025,19-Feb 4am,12132.35,
Uttar Pradesh - 2025,19-Feb 5am,13166.58,
Uttar Pradesh - 2025,19-Feb 6am,14016.41,
Uttar Pradesh - 2025,19-Feb 7am,13601.54,
Uttar Pradesh - 2025,19-Feb 8am,14986.56,
Uttar Pradesh - 2025,19-Feb 9am,16783.5,
Uttar Pradesh - 2025,19-Feb 10am,18088.92,
Uttar Pradesh - 2025,19-Feb 11am,19134.5,
Uttar Pradesh - 2025,19-Feb 12pm,17282.81,
Uttar Pradesh - 2025,19-Feb 1pm,14958.63,
Uttar Pradesh - 2025,19-Feb 2pm,14034.13,
Uttar Pradesh - 2025,19-Feb 3pm,12728.85,
Uttar Pradesh - 2025,19-Feb 4pm,12247.99,
Uttar Pradesh - 2025,19-Feb 5pm,13101.01,
Uttar Pradesh - 2025,19-Feb 6pm,16754.48,
Uttar Pradesh - 2025,19-Feb 7pm,18773.45,
Uttar Pradesh - 2025,19-Feb 8pm,18940.77,
Uttar Pradesh - 2025,19-Feb 9pm,17168.09,
Uttar Pradesh - 2025,19-Feb 10pm,15668.88,
Uttar Pradesh - 2025,19-Feb 11pm,14201.53,
Uttar Pradesh - 2025,20-Feb 12am,13315.5,
Uttar Pradesh - 2025,20-Feb 1am,12568.36,
Uttar Pradesh - 2025,20-Feb 2am,12138.93,
Uttar Pradesh - 2025,20-Feb 3am,11746.54,
Uttar Pradesh - 2025,20-Feb 4am,11587.49,
Uttar Pradesh - 2025,20-Feb 5am,12526.42,
Uttar Pradesh - 2025,20-Feb 6am,12897.78,
Uttar Pradesh - 2025,20-Feb 7am,12776.41,
Uttar Pradesh - 2025,20-Feb 8am,14458.41,
Uttar Pradesh - 2025,20-Feb 9am,16119.14,
Uttar Pradesh - 2025,20-Feb 10am,16586.12,
Uttar Pradesh - 2025,20-Feb 11am,16702.29,
Uttar Pradesh - 2025,20-Feb 12pm,14681.04,
Uttar Pradesh - 2025,20-Feb 1pm,13446.28,
Uttar Pradesh - 2025,20-Feb 2pm,13134.79,
Uttar Pradesh - 2025,20-Feb 3pm,11024.12,
Uttar Pradesh - 2025,20-Feb 4pm,10322.58,
Uttar Pradesh - 2025,20-Feb 5pm,10838.25,
Uttar Pradesh - 2025,20-Feb 6pm,16234.84,
Uttar Pradesh - 2025,20-Feb 7pm,18671.32,
Uttar Pradesh - 2025,20-Feb 8pm,18218.45,
Uttar Pradesh - 2025,20-Feb 9pm,16606.36,
Uttar Pradesh - 2025,20-Feb 10pm,15128.9,
Uttar Pradesh - 2025,20-Feb 11pm,13678.2,
Uttar Pradesh - 2025,21-Feb 12am,12765.08,
Uttar Pradesh - 2025,21-Feb 1am,12110.73,
Uttar Pradesh - 2025,21-Feb 2am,11761.04,
Uttar Pradesh - 2025,21-Feb 3am,11450.58,
Uttar Pradesh - 2025,21-Feb 4am,11688.2,
Uttar Pradesh - 2025,21-Feb 5am,12820.45,
Uttar Pradesh - 2025,21-Feb 6am,13623.13,
Uttar Pradesh - 2025,21-Feb 7am,13281.68,
Uttar Pradesh - 2025,21-Feb 8am,14956.61,
Uttar Pradesh - 2025,21-Feb 9am,16918.7,
Uttar Pradesh - 2025,21-Feb 10am,17706.25,
Uttar Pradesh - 2025,21-Feb 11am,17858.33,
Uttar Pradesh - 2025,21-Feb 12pm,16602.95,
Uttar Pradesh - 2025,21-Feb 1pm,15282.62,
Uttar Pradesh - 2025,21-Feb 2pm,13232.63,
Uttar Pradesh - 2025,21-Feb 3pm,13241.58,
Uttar Pradesh - 2025,21-Feb 4pm,12196.07,
Uttar Pradesh - 2025,21-Feb 5pm,12746.22,
Uttar Pradesh - 2025,21-Feb 6pm,16042.94,
Uttar Pradesh - 2025,21-Feb 7pm,18377.71,
Uttar Pradesh - 2025,21-Feb 8pm,18511.38,
Uttar Pradesh - 2025,21-Feb 9pm,16979.37,
Uttar Pradesh - 2025,21-Feb 10pm,15520.15,
Uttar Pradesh - 2025,21-Feb 11pm,14324.81,
Uttar Pradesh - 2025,22-Feb 12am,13442.16,
Uttar Pradesh - 2025,22-Feb 1am,12731.78,
Uttar Pradesh - 2025,22-Feb 2am,12383.36,
Uttar Pradesh - 2025,22-Feb 3am,12196.99,
Uttar Pradesh - 2025,22-Feb 4am,12114.39,
Uttar Pradesh - 2025,22-Feb 5am,13254.16,
Uttar Pradesh - 2025,22-Feb 6am,13968.1,
Uttar Pradesh - 2025,22-Feb 7am,13724.57,
Uttar Pradesh - 2025,22-Feb 8am,15261.22,
Uttar Pradesh - 2025,22-Feb 9am,16398.74,
Uttar Pradesh - 2025,22-Feb 10am,17294.78,
Uttar Pradesh - 2025,22-Feb 11am,17236.9,
Uttar Pradesh - 2025,22-Feb 12pm,16369.66,
Uttar Pradesh - 2025,22-Feb 1pm,14732.11,
Uttar Pradesh - 2025,22-Feb 2pm,13145.15,
Uttar Pradesh - 2025,22-Feb 3pm,12301.21,
Uttar Pradesh - 2025,22-Feb 4pm,11627.93,
Uttar Pradesh - 2025,22-Feb 5pm,11826.04,
Uttar Pradesh - 2025,22-Feb 6pm,15831.54,
Uttar Pradesh - 2025,22-Feb 7pm,19014.01,
Uttar Pradesh - 2025,22-Feb 8pm,18670.33,
Uttar Pradesh - 2025,22-Feb 9pm,17202.27,
Uttar Pradesh - 2025,22-Feb 10pm,15617.24,
Uttar Pradesh - 2025,22-Feb 11pm,14340.41,
Uttar Pradesh - 2025,23-Feb 12am,13455.14,
Uttar Pradesh - 2025,23-Feb 1am,12888.84,
Uttar Pradesh - 2025,23-Feb 2am,12376.1,
Uttar Pradesh - 2025,23-Feb 3am,12094.84,
Uttar Pradesh - 2025,23-Feb 4am,12171.47,
Uttar Pradesh - 2025,23-Feb 5am,13169.25,
Uttar Pradesh - 2025,23-Feb 6am,14165.06,
Uttar Pradesh - 2025,23-Feb 7am,13275.17,
Uttar Pradesh - 2025,23-Feb 8am,14614.71,
Uttar Pradesh - 2025,23-Feb 9am,15635.7,
Uttar Pradesh - 2025,23-Feb 10am,16438.07,
Uttar Pradesh - 2025,23-Feb 11am,17504.57,
Uttar Pradesh - 2025,23-Feb 12pm,16659.71,
Uttar Pradesh - 2025,23-Feb 1pm,16072.42,
Uttar Pradesh - 2025,23-Feb 2pm,14023.26,
Uttar Pradesh - 2025,23-Feb 3pm,12696.17,
Uttar Pradesh - 2025,23-Feb 4pm,11166.93,
Uttar Pradesh - 2025,23-Feb 5pm,10980.5,
Uttar Pradesh - 2025,23-Feb 6pm,14306.39,
Uttar Pradesh - 2025,23-Feb 7pm,18939.06,
Uttar Pradesh - 2025,23-Feb 8pm,18086.26,
Uttar Pradesh - 2025,23-Feb 9pm,16683.22,
Uttar Pradesh - 2025,23-Feb 10pm,15102.35,
Uttar Pradesh - 2025,23-Feb 11pm,13827.95,
Uttar Pradesh - 2025,24-Feb 12am,13023.1,
Uttar Pradesh - 2025,24-Feb 1am,12356.06,
Uttar Pradesh - 2025,24-Feb 2am,11951.14,
Uttar Pradesh - 2025,24-Feb 3am,11740.62,
Uttar Pradesh - 2025,24-Feb 4am,11934.21,
Uttar Pradesh - 2025,24-Feb 5am,13196.59,
Uttar Pradesh - 2025,24-Feb 6am,14022.7,
Uttar Pradesh - 2025,24-Feb 7am,13481.01,
Uttar Pradesh - 2025,24-Feb 8am,15371.54,
Uttar Pradesh - 2025,24-Feb 9am,18231.66,
Uttar Pradesh - 2025,24-Feb 10am,19609.54,
Uttar Pradesh - 2025,24-Feb 11am,19044.01,
Uttar Pradesh - 2025,24-Feb 12pm,17705.52,
Uttar Pradesh - 2025,24-Feb 1pm,15459.64,
Uttar Pradesh - 2025,24-Feb 2pm,15058.57,
Uttar Pradesh - 2025,24-Feb 3pm,14950.27,
Uttar Pradesh - 2025,24-Feb 4pm,13553.34,
Uttar Pradesh - 2025,24-Feb 5pm,13004.54,
Uttar Pradesh - 2025,24-Feb 6pm,14196.45,
Uttar Pradesh - 2025,24-Feb 7pm,18498.95,
Uttar Pradesh - 2025,24-Feb 8pm,18160.8,
Uttar Pradesh - 2025,24-Feb 9pm,16797.06,
Uttar Pradesh - 2025,24-Feb 10pm,15314.52,
Uttar Pradesh - 2025,24-Feb 11pm,14067.57,
Uttar Pradesh - 2025,25-Feb 12am,13467.1,
Uttar Pradesh - 2025,25-Feb 1am,12838.52,
Uttar Pradesh - 2025,25-Feb 2am,12262.7,
Uttar Pradesh - 2025,25-Feb 3am,12042.05,
Uttar Pradesh - 2025,25-Feb 4am,12083.18,
Uttar Pradesh - 2025,25-Feb 5am,13270.58,
Uttar Pradesh - 2025,25-Feb 6am,14054.27,
Uttar Pradesh - 2025,25-Feb 7am,13514.04,
Uttar Pradesh - 2025,25-Feb 8am,14184.81,
Uttar Pradesh - 2025,25-Feb 9am,16622.82,
Uttar Pradesh - 2025,25-Feb 10am,17266.33,
Uttar Pradesh - 2025,25-Feb 11am,17656.08,
Uttar Pradesh - 2025,25-Feb 12pm,17892.53,
Uttar Pradesh - 2025,25-Feb 1pm,16123.41,
Uttar Pradesh - 2025,25-Feb 2pm,14818.87,
Uttar Pradesh - 2025,25-Feb 3pm,14132.8,
Uttar Pradesh - 2025,25-Feb 4pm,13207.52,
Uttar Pradesh - 2025,25-Feb 5pm,12909.91,
Uttar Pradesh - 2025,25-Feb 6pm,15477.08,
Uttar Pradesh - 2025,25-Feb 7pm,18190.79,
Uttar Pradesh - 2025,25-Feb 8pm,18315.85,
Uttar Pradesh - 2025,25-Feb 9pm,16967.01,
Uttar Pradesh - 2025,25-Feb 10pm,15481.4,
Uttar Pradesh - 2025,25-Feb 11pm,14149.59,
Uttar Pradesh - 2025,26-Feb 12am,13332.86,
Uttar Pradesh - 2025,26-Feb 1am,12715.54,
Uttar Pradesh - 2025,26-Feb 2am,12236.09,
Uttar Pradesh - 2025,26-Feb 3am,12136.35,
Uttar Pradesh - 2025,26-Feb 4am,12339.79,
Uttar Pradesh - 2025,26-Feb 5am,13720.22,
Uttar Pradesh - 2025,26-Feb 6am,15421.26,
Uttar Pradesh - 2025,26-Feb 7am,13583.71,
Uttar Pradesh - 2025,26-Feb 8am,16660.05,
Uttar Pradesh - 2025,26-Feb 9am,19277.16,
Uttar Pradesh - 2025,26-Feb 10am,19932.26,
Uttar Pradesh - 2025,26-Feb 11am,19237.69,
Uttar Pradesh - 2025,26-Feb 12pm,17976.29,
Uttar Pradesh - 2025,26-Feb 1pm,16202.15,
Uttar Pradesh - 2025,26-Feb 2pm,15243.76,
Uttar Pradesh - 2025,26-Feb 3pm,14798.43,
Uttar Pradesh - 2025,26-Feb 4pm,13777.43,
Uttar Pradesh - 2025,26-Feb 5pm,13537.58,
Uttar Pradesh - 2025,26-Feb 6pm,15222.85,
Uttar Pradesh - 2025,26-Feb 7pm,18235.92,
Uttar Pradesh - 2025,26-Feb 8pm,17267.56,
Uttar Pradesh - 2025,26-Feb 9pm,16139.62,
Uttar Pradesh - 2025,26-Feb 10pm,15059.35,
Uttar Pradesh - 2025,26-Feb 11pm,13790.13,
Uttar Pradesh - 2025,27-Feb 12am,13056.68,
Uttar Pradesh - 2025,27-Feb 1am,12464.63,
Uttar Pradesh - 2025,27-Feb 2am,12105.58,
Uttar Pradesh - 2025,27-Feb 3am,11907.61,
Uttar Pradesh - 2025,27-Feb 4am,12042.25,
Uttar Pradesh - 2025,27-Feb 5am,13108.69,
Uttar Pradesh - 2025,27-Feb 6am,14054.56,
Uttar Pradesh - 2025,27-Feb 7am,13287.8,
Uttar Pradesh - 2025,27-Feb 8am,14399.69,
Uttar Pradesh - 2025,27-Feb 9am,15624.97,
Uttar Pradesh - 2025,27-Feb 10am,16262.44,
Uttar Pradesh - 2025,27-Feb 11am,16159.24,
Uttar Pradesh - 2025,27-Feb 12pm,15156.07,
Uttar Pradesh - 2025,27-Feb 1pm,13480.46,
Uttar Pradesh - 2025,27-Feb 2pm,13031.8,
Uttar Pradesh - 2025,27-Feb 3pm,12356.32,
Uttar Pradesh - 2025,27-Feb 4pm,11810.01,
Uttar Pradesh - 2025,27-Feb 5pm,12034.95,
Uttar Pradesh - 2025,27-Feb 6pm,15564.5,
Uttar Pradesh - 2025,27-Feb 7pm,18181.47,
Uttar Pradesh - 2025,27-Feb 8pm,18001.98,
Uttar Pradesh - 2025,27-Feb 9pm,16684.1,
Uttar Pradesh - 2025,27-Feb 10pm,15380.69,
Uttar Pradesh - 2025,27-Feb 11pm,14278.21,
Uttar Pradesh - 2025,28-Feb 12am,13528.06,
Uttar Pradesh - 2025,28-Feb 1am,12849.28,
Uttar Pradesh - 2025,28-Feb 2am,12444.55,
Uttar Pradesh - 2025,28-Feb 3am,12151.8,
Uttar Pradesh - 2025,28-Feb 4am,12053.98,
Uttar Pradesh - 2025,28-Feb 5am,13130.41,
Uttar Pradesh - 2025,28-Feb 6am,13838.14,
Uttar Pradesh - 2025,28-Feb 7am,12700.41,
Uttar Pradesh - 2025,28-Feb 8am,14606.6,
Uttar Pradesh - 2025,28-Feb 9am,16943.14,
Uttar Pradesh - 2025,28-Feb 10am,18235.22,
Uttar Pradesh - 2025,28-Feb 11am,18155.03,
Uttar Pradesh - 2025,28-Feb 12pm,16941,
Uttar Pradesh - 2025,28-Feb 1pm,14134.83,
Uttar Pradesh - 2025,28-Feb 2pm,13730.03,
Uttar Pradesh - 2025,28-Feb 3pm,13600.76,
Uttar Pradesh - 2025,28-Feb 4pm,12785.38,
Uttar Pradesh - 2025,28-Feb 5pm,12854.23,
Uttar Pradesh - 2025,28-Feb 6pm,14366.86,
Uttar Pradesh - 2025,28-Feb 7pm,18195.38,
Uttar Pradesh - 2025,28-Feb 8pm,17535.38,
Uttar Pradesh - 2025,28-Feb 9pm,16287.69,
Uttar Pradesh - 2025,28-Feb 10pm,14946.22,
Uttar Pradesh - 2025,28-Feb 11pm,13944.56,
Uttar Pradesh - 2025,01-Mar 12am,13194.28,
Uttar Pradesh - 2025,01-Mar 1am,12586.83,
Uttar Pradesh - 2025,01-Mar 2am,12153.36,
Uttar Pradesh - 2025,01-Mar 3am,11970.61,
Uttar Pradesh - 2025,01-Mar 4am,11888.01,
Uttar Pradesh - 2025,01-Mar 5am,12620.42,
Uttar Pradesh - 2025,01-Mar 6am,12945.01,
Uttar Pradesh - 2025,01-Mar 7am,11527.41,
Uttar Pradesh - 2025,01-Mar 8am,13401.26,
Uttar Pradesh - 2025,01-Mar 9am,15815.93,
Uttar Pradesh - 2025,01-Mar 10am,16349.06,
Uttar Pradesh - 2025,01-Mar 11am,16186.66,
Uttar Pradesh - 2025,01-Mar 12pm,15210.18,
Uttar Pradesh - 2025,01-Mar 1pm,13852.05,
Uttar Pradesh - 2025,01-Mar 2pm,13509.01,
Uttar Pradesh - 2025,01-Mar 3pm,13562.01,
Uttar Pradesh - 2025,01-Mar 4pm,12724.51,
Uttar Pradesh - 2025,01-Mar 5pm,12786.89,
Uttar Pradesh - 2025,01-Mar 6pm,13927.67,
Uttar Pradesh - 2025,01-Mar 7pm,18079.66,
Uttar Pradesh - 2025,01-Mar 8pm,17589.55,
Uttar Pradesh - 2025,01-Mar 9pm,16433.26,
Uttar Pradesh - 2025,01-Mar 10pm,15337.15,
Uttar Pradesh - 2025,01-Mar 11pm,14426.6,
Uttar Pradesh - 2025,02-Mar 12am,13818.53,
Uttar Pradesh - 2025,02-Mar 1am,13115.31,
Uttar Pradesh - 2025,02-Mar 2am,12920.55,
Uttar Pradesh - 2025,02-Mar 3am,12834.66,
Uttar Pradesh - 2025,02-Mar 4am,13418.12,
Uttar Pradesh - 2025,02-Mar 5am,13861.19,
Uttar Pradesh - 2025,02-Mar 6am,13325.72,
Uttar Pradesh - 2025,02-Mar 7am,11951.33,
Uttar Pradesh - 2025,02-Mar 8am,13344.04,
Uttar Pradesh - 2025,02-Mar 9am,14918.61,
Uttar Pradesh - 2025,02-Mar 10am,15534.41,
Uttar Pradesh - 2025,02-Mar 11am,15893.1,
Uttar Pradesh - 2025,02-Mar 12pm,15311.68,
Uttar Pradesh - 2025,02-Mar 1pm,14423.43,
Uttar Pradesh - 2025,02-Mar 2pm,13553.26,
Uttar Pradesh - 2025,02-Mar 3pm,13045.92,
Uttar Pradesh - 2025,02-Mar 4pm,10807.44,
Uttar Pradesh - 2025,02-Mar 5pm,9560.71,
Uttar Pradesh - 2025,02-Mar 6pm,12880.1,
Uttar Pradesh - 2025,02-Mar 7pm,18316.55,
Uttar Pradesh - 2025,02-Mar 8pm,17531.89,
Uttar Pradesh - 2025,02-Mar 9pm,16350.41,
Uttar Pradesh - 2025,02-Mar 10pm,15171.97,
Uttar Pradesh - 2025,02-Mar 11pm,14176.87,
Uttar Pradesh - 2025,03-Mar 12am,13424.41,
Uttar Pradesh - 2025,03-Mar 1am,12845.52,
Uttar Pradesh - 2025,03-Mar 2am,12480.63,
Uttar Pradesh - 2025,03-Mar 3am,12395.4,
Uttar Pradesh - 2025,03-Mar 4am,12962.59,
Uttar Pradesh - 2025,03-Mar 5am,13868.56,
Uttar Pradesh - 2025,03-Mar 6am,13885.2,
Uttar Pradesh - 2025,03-Mar 7am,12648.41,
Uttar Pradesh - 2025,03-Mar 8am,14592.34,
Uttar Pradesh - 2025,03-Mar 9am,17244.69,
Uttar Pradesh - 2025,03-Mar 10am,17763.61,
Uttar Pradesh - 2025,03-Mar 11am,17537.03,
Uttar Pradesh - 2025,03-Mar 12pm,16331.17,
Uttar Pradesh - 2025,03-Mar 1pm,14254.79,
Uttar Pradesh - 2025,03-Mar 2pm,14129.32,
Uttar Pradesh - 2025,03-Mar 3pm,13999.89,
Uttar Pradesh - 2025,03-Mar 4pm,13622.57,
Uttar Pradesh - 2025,03-Mar 5pm,14409.8,
Uttar Pradesh - 2025,03-Mar 6pm,14730.09,
Uttar Pradesh - 2025,03-Mar 7pm,18093.63,
Uttar Pradesh - 2025,03-Mar 8pm,17615.87,
Uttar Pradesh - 2025,03-Mar 9pm,17033.61,
Uttar Pradesh - 2025,03-Mar 10pm,16035.19,
Uttar Pradesh - 2025,03-Mar 11pm,14899.98,
Uttar Pradesh - 2025,04-Mar 12am,14093.54,
Uttar Pradesh - 2025,04-Mar 1am,13596.99,
Uttar Pradesh - 2025,04-Mar 2am,13120.58,
Uttar Pradesh - 2025,04-Mar 3am,12898.64,
Uttar Pradesh - 2025,04-Mar 4am,13489.96,
Uttar Pradesh - 2025,04-Mar 5am,14178.36,
Uttar Pradesh - 2025,04-Mar 6am,13883.95,
Uttar Pradesh - 2025,04-Mar 7am,12668.63,
Uttar Pradesh - 2025,04-Mar 8am,14908.44,
Uttar Pradesh - 2025,04-Mar 9am,18103.37,
Uttar Pradesh - 2025,04-Mar 10am,18242.51,
Uttar Pradesh - 2025,04-Mar 11am,18047.5,
Uttar Pradesh - 2025,04-Mar 12pm,16303.14,
Uttar Pradesh - 2025,04-Mar 1pm,13832.59,
Uttar Pradesh - 2025,04-Mar 2pm,13437.83,
Uttar Pradesh - 2025,04-Mar 3pm,13693.12,
Uttar Pradesh - 2025,04-Mar 4pm,12984.73,
Uttar Pradesh - 2025,04-Mar 5pm,13713.61,
Uttar Pradesh - 2025,04-Mar 6pm,14786.61,
Uttar Pradesh - 2025,04-Mar 7pm,17762.88,
Uttar Pradesh - 2025,04-Mar 8pm,17940.69,
Uttar Pradesh - 2025,04-Mar 9pm,16934.24,
Uttar Pradesh - 2025,04-Mar 10pm,15671.14,
Uttar Pradesh - 2025,04-Mar 11pm,14368.18,
Uttar Pradesh - 2025,05-Mar 12am,13768.77,
Uttar Pradesh - 2025,05-Mar 1am,13098.98,
Uttar Pradesh - 2025,05-Mar 2am,12697.78,
Uttar Pradesh - 2025,05-Mar 3am,12448.02,
Uttar Pradesh - 2025,05-Mar 4am,13029.1,
Uttar Pradesh - 2025,05-Mar 5am,13810,
Uttar Pradesh - 2025,05-Mar 6am,13541.03,
Uttar Pradesh - 2025,05-Mar 7am,12555.81,
Uttar Pradesh - 2025,05-Mar 8am,14460.35,
Uttar Pradesh - 2025,05-Mar 9am,15491.59,
Uttar Pradesh - 2025,05-Mar 10am,14463.07,
Uttar Pradesh - 2025,05-Mar 11am,12360.8,
Uttar Pradesh - 2025,05-Mar 12pm,10836.86,
Uttar Pradesh - 2025,05-Mar 1pm,9012.15,
Uttar Pradesh - 2025,05-Mar 2pm,8531.68,
Uttar Pradesh - 2025,05-Mar 3pm,8879.48,
Uttar Pradesh - 2025,05-Mar 4pm,9462.57,
Uttar Pradesh - 2025,05-Mar 5pm,11092.43,
Uttar Pradesh - 2025,05-Mar 6pm,13482.44,
Uttar Pradesh - 2025,05-Mar 7pm,17931.4,
Uttar Pradesh - 2025,05-Mar 8pm,17761.36,
Uttar Pradesh - 2025,05-Mar 9pm,16781.31,
Uttar Pradesh - 2025,05-Mar 10pm,15357.86,
Uttar Pradesh - 2025,05-Mar 11pm,14001.63,
Uttar Pradesh - 2025,06-Mar 12am,13259.21,
Uttar Pradesh - 2025,06-Mar 1am,12552.7,
Uttar Pradesh - 2025,06-Mar 2am,11990.24,
Uttar Pradesh - 2025,06-Mar 3am,11829.56,
Uttar Pradesh - 2025,06-Mar 4am,12549.72,
Uttar Pradesh - 2025,06-Mar 5am,13398.25,
Uttar Pradesh - 2025,06-Mar 6am,13416.76,
Uttar Pradesh - 2025,06-Mar 7am,12030.17,
Uttar Pradesh - 2025,06-Mar 8am,14108.16,
Uttar Pradesh - 2025,06-Mar 9am,17033.72,
Uttar Pradesh - 2025,06-Mar 10am,17529.7,
Uttar Pradesh - 2025,06-Mar 11am,16433.55,
Uttar Pradesh - 2025,06-Mar 12pm,14789.46,
Uttar Pradesh - 2025,06-Mar 1pm,13123.72,
Uttar Pradesh - 2025,06-Mar 2pm,13076.48,
Uttar Pradesh - 2025,06-Mar 3pm,13137.71,
Uttar Pradesh - 2025,06-Mar 4pm,13144.81,
Uttar Pradesh - 2025,06-Mar 5pm,13183.17,
Uttar Pradesh - 2025,06-Mar 6pm,14328.1,
Uttar Pradesh - 2025,06-Mar 7pm,18258.46,
Uttar Pradesh - 2025,06-Mar 8pm,18221.52,
Uttar Pradesh - 2025,06-Mar 9pm,17044.11,
Uttar Pradesh - 2025,06-Mar 10pm,15584.99,
Uttar Pradesh - 2025,06-Mar 11pm,14413.18,
Uttar Pradesh - 2025,07-Mar 12am,13667.94,
Uttar Pradesh - 2025,07-Mar 1am,13060.47,
Uttar Pradesh - 2025,07-Mar 2am,12634,
Uttar Pradesh - 2025,07-Mar 3am,12497.53,
Uttar Pradesh - 2025,07-Mar 4am,13286.79,
Uttar Pradesh - 2025,07-Mar 5am,14263.48,
Uttar Pradesh - 2025,07-Mar 6am,14026.27,
Uttar Pradesh - 2025,07-Mar 7am,12866.08,
Uttar Pradesh - 2025,07-Mar 8am,14524.21,
Uttar Pradesh - 2025,07-Mar 9am,18790.37,
Uttar Pradesh - 2025,07-Mar 10am,19577.4,
Uttar Pradesh - 2025,07-Mar 11am,19450.65,
Uttar Pradesh - 2025,07-Mar 12pm,18305.47,
Uttar Pradesh - 2025,07-Mar 1pm,15631.45,
Uttar Pradesh - 2025,07-Mar 2pm,15846.54,
Uttar Pradesh - 2025,07-Mar 3pm,15823.95,
Uttar Pradesh - 2025,07-Mar 4pm,15203,
Uttar Pradesh - 2025,07-Mar 5pm,14159.71,
Uttar Pradesh - 2025,07-Mar 6pm,14891.77,
Uttar Pradesh - 2025,07-Mar 7pm,18358.13,
Uttar Pradesh - 2025,07-Mar 8pm,18774.41,
Uttar Pradesh - 2025,07-Mar 9pm,17754.96,
Uttar Pradesh - 2025,07-Mar 10pm,16383.63,
Uttar Pradesh - 2025,07-Mar 11pm,15159.46,
Uttar Pradesh - 2025,08-Mar 12am,14260.36,
Uttar Pradesh - 2025,08-Mar 1am,13818.93,
Uttar Pradesh - 2025,08-Mar 2am,13310.74,
Uttar Pradesh - 2025,08-Mar 3am,13096.7,
Uttar Pradesh - 2025,08-Mar 4am,13804.01,
Uttar Pradesh - 2025,08-Mar 5am,14726.59,
Uttar Pradesh - 2025,08-Mar 6am,14256.93,
Uttar Pradesh - 2025,08-Mar 7am,13094.7,
Uttar Pradesh - 2025,08-Mar 8am,14852.35,
Uttar Pradesh - 2025,08-Mar 9am,19109.65,
Uttar Pradesh - 2025,08-Mar 10am,19520.77,
Uttar Pradesh - 2025,08-Mar 11am,19273.38,
Uttar Pradesh - 2025,08-Mar 12pm,18028.11,
Uttar Pradesh - 2025,08-Mar 1pm,15995.36,
Uttar Pradesh - 2025,08-Mar 2pm,16078.59,
Uttar Pradesh - 2025,08-Mar 3pm,16653.98,
Uttar Pradesh - 2025,08-Mar 4pm,15640.26,
Uttar Pradesh - 2025,08-Mar 5pm,14587.2,
Uttar Pradesh - 2025,08-Mar 6pm,15074.29,
Uttar Pradesh - 2025,08-Mar 7pm,18455.27,
Uttar Pradesh - 2025,08-Mar 8pm,19301.24,
Uttar Pradesh - 2025,08-Mar 9pm,18350.88,
Uttar Pradesh - 2025,08-Mar 10pm,17146.46,
Uttar Pradesh - 2025,08-Mar 11pm,15967.44,
Uttar Pradesh - 2025,09-Mar 12am,15122.42,
Uttar Pradesh - 2025,09-Mar 1am,14555.63,
Uttar Pradesh - 2025,09-Mar 2am,14067.71,
Uttar Pradesh - 2025,09-Mar 3am,13805.05,
Uttar Pradesh - 2025,09-Mar 4am,14377.61,
Uttar Pradesh - 2025,09-Mar 5am,15117.76,
Uttar Pradesh - 2025,09-Mar 6am,14447.76,
Uttar Pradesh - 2025,09-Mar 7am,12687.02,
Uttar Pradesh - 2025,09-Mar 8am,14754.71,
Uttar Pradesh - 2025,09-Mar 9am,16697.28,
Uttar Pradesh - 2025,09-Mar 10am,18848.8,
Uttar Pradesh - 2025,09-Mar 11am,19250.81,
Uttar Pradesh - 2025,09-Mar 12pm,19085.63,
Uttar Pradesh - 2025,09-Mar 1pm,18010.45,
Uttar Pradesh - 2025,09-Mar 2pm,16315.02,
Uttar Pradesh - 2025,09-Mar 3pm,14885.71,
Uttar Pradesh - 2025,09-Mar 4pm,12919.8,
Uttar Pradesh - 2025,09-Mar 5pm,13162.56,
Uttar Pradesh - 2025,09-Mar 6pm,16533.24,
Uttar Pradesh - 2025,09-Mar 7pm,19255.31,
Uttar Pradesh - 2025,09-Mar 8pm,19523.15,
Uttar Pradesh - 2025,09-Mar 9pm,18434.66,
Uttar Pradesh - 2025,09-Mar 10pm,17119.41,
Uttar Pradesh - 2025,09-Mar 11pm,15969.12,
Uttar Pradesh - 2025,10-Mar 12am,15179.3,
Uttar Pradesh - 2025,10-Mar 1am,14637.64,
Uttar Pradesh - 2025,10-Mar 2am,14141.95,
Uttar Pradesh - 2025,10-Mar 3am,13952.49,
Uttar Pradesh - 2025,10-Mar 4am,14628.15,
Uttar Pradesh - 2025,10-Mar 5am,15076.04,
Uttar Pradesh - 2025,10-Mar 6am,14945.11,
Uttar Pradesh - 2025,10-Mar 7am,13281.57,
Uttar Pradesh - 2025,10-Mar 8am,16070.17,
Uttar Pradesh - 2025,10-Mar 9am,19671.4,
Uttar Pradesh - 2025,10-Mar 10am,20573.68,
Uttar Pradesh - 2025,10-Mar 11am,20817.77,
Uttar Pradesh - 2025,10-Mar 12pm,19276.73,
Uttar Pradesh - 2025,10-Mar 1pm,16458.56,
Uttar Pradesh - 2025,10-Mar 2pm,16402.76,
Uttar Pradesh - 2025,10-Mar 3pm,16992.92,
Uttar Pradesh - 2025,10-Mar 4pm,15907.03,
Uttar Pradesh - 2025,10-Mar 5pm,15388.56,
Uttar Pradesh - 2025,10-Mar 6pm,15185.48,
Uttar Pradesh - 2025,10-Mar 7pm,18996.52,
Uttar Pradesh - 2025,10-Mar 8pm,19598.06,
Uttar Pradesh - 2025,10-Mar 9pm,18586.64,
Uttar Pradesh - 2025,10-Mar 10pm,17126.13,
Uttar Pradesh - 2025,10-Mar 11pm,16063.64,
Uttar Pradesh - 2025,11-Mar 12am,15665.11,
Uttar Pradesh - 2025,11-Mar 1am,15019.42,
Uttar Pradesh - 2025,11-Mar 2am,14603.83,
Uttar Pradesh - 2025,11-Mar 3am,14349.42,
Uttar Pradesh - 2025,11-Mar 4am,14919.31,
Uttar Pradesh - 2025,11-Mar 5am,15579.43,
Uttar Pradesh - 2025,11-Mar 6am,15415.17,
Uttar Pradesh - 2025,11-Mar 7am,13807.48,
Uttar Pradesh - 2025,11-Mar 8am,14754.45,
Uttar Pradesh - 2025,11-Mar 9am,19381.29,
Uttar Pradesh - 2025,11-Mar 10am,20226.51,
Uttar Pradesh - 2025,11-Mar 11am,19896.46,
Uttar Pradesh - 2025,11-Mar 12pm,18886.79,
Uttar Pradesh - 2025,11-Mar 1pm,16610.81,
Uttar Pradesh - 2025,11-Mar 2pm,16184.71,
Uttar Pradesh - 2025,11-Mar 3pm,16627.36,
Uttar Pradesh - 2025,11-Mar 4pm,16323.69,
Uttar Pradesh - 2025,11-Mar 5pm,15992.55,
Uttar Pradesh - 2025,11-Mar 6pm,15819.75,
Uttar Pradesh - 2025,11-Mar 7pm,20036.49,
Uttar Pradesh - 2025,11-Mar 8pm,19958,
Uttar Pradesh - 2025,11-Mar 9pm,18077.22,
Uttar Pradesh - 2025,11-Mar 10pm,17839.39,
Uttar Pradesh - 2025,11-Mar 11pm,17102.47,
Uttar Pradesh - 2025,12-Mar 12am,16336.04,
Uttar Pradesh - 2025,12-Mar 1am,15791.39,
Uttar Pradesh - 2025,12-Mar 2am,15237.7,
Uttar Pradesh - 2025,12-Mar 3am,15064.14,
Uttar Pradesh - 2025,12-Mar 4am,15533.24,
Uttar Pradesh - 2025,12-Mar 5am,16120.42,
Uttar Pradesh - 2025,12-Mar 6am,15803.53,
Uttar Pradesh - 2025,12-Mar 7am,13818.78,
Uttar Pradesh - 2025,12-Mar 8am,15283.79,
Uttar Pradesh - 2025,12-Mar 9am,19083.77,
Uttar Pradesh - 2025,12-Mar 10am,20031.99,
Uttar Pradesh - 2025,12-Mar 11am,19876.86,
Uttar Pradesh - 2025,12-Mar 12pm,18698.3,
Uttar Pradesh - 2025,12-Mar 1pm,16520.85,
Uttar Pradesh - 2025,12-Mar 2pm,16403.63,
Uttar Pradesh - 2025,12-Mar 3pm,16821.72,
Uttar Pradesh - 2025,12-Mar 4pm,16039.36,
Uttar Pradesh - 2025,12-Mar 5pm,15183.42,
Uttar Pradesh - 2025,12-Mar 6pm,15105.25,
Uttar Pradesh - 2025,12-Mar 7pm,19325.23,
Uttar Pradesh - 2025,12-Mar 8pm,19513.68,
Uttar Pradesh - 2025,12-Mar 9pm,19027.13,
Uttar Pradesh - 2025,12-Mar 10pm,18296.96,
Uttar Pradesh - 2025,12-Mar 11pm,16927.2,
Uttar Pradesh - 2025,13-Mar 12am,16660.83,
Uttar Pradesh - 2025,13-Mar 1am,16176.46,
Uttar Pradesh - 2025,13-Mar 2am,15667.21,
Uttar Pradesh - 2025,13-Mar 3am,15412.02,
Uttar Pradesh - 2025,13-Mar 4am,15861.33,
Uttar Pradesh - 2025,13-Mar 5am,16405.55,
Uttar Pradesh - 2025,13-Mar 6am,16721.8,
Uttar Pradesh - 2025,13-Mar 7am,16377.73,
Uttar Pradesh - 2025,13-Mar 8am,17593.73,
Uttar Pradesh - 2025,13-Mar 9am,18890.34,
Uttar Pradesh - 2025,13-Mar 10am,19909.72,
Uttar Pradesh - 2025,13-Mar 11am,19770.3,
Uttar Pradesh - 2025,13-Mar 12pm,19007.9,
Uttar Pradesh - 2025,13-Mar 1pm,18170.21,
Uttar Pradesh - 2025,13-Mar 2pm,17329.82,
Uttar Pradesh - 2025,13-Mar 3pm,17162.17,
Uttar Pradesh - 2025,13-Mar 4pm,16226.27,
Uttar Pradesh - 2025,13-Mar 5pm,15447.02,
Uttar Pradesh - 2025,13-Mar 6pm,15764.55,
Uttar Pradesh - 2025,13-Mar 7pm,17572.21,
Uttar Pradesh - 2025,13-Mar 8pm,17279.84,
Uttar Pradesh - 2025,13-Mar 9pm,16559.11,
Uttar Pradesh - 2025,13-Mar 10pm,16018.99,
Uttar Pradesh - 2025,13-Mar 11pm,15378.17,
Uttar Pradesh - 2025,14-Mar 12am,14677.75,
Uttar Pradesh - 2025,14-Mar 1am,14431.25,
Uttar Pradesh - 2025,14-Mar 2am,14199.26,
Uttar Pradesh - 2025,14-Mar 3am,14056.54,
Uttar Pradesh - 2025,14-Mar 4am,14439.85,
Uttar Pradesh - 2025,14-Mar 5am,14642.08,
Uttar Pradesh - 2025,14-Mar 6am,15234.64,
Uttar Pradesh - 2025,14-Mar 7am,14814.71,
Uttar Pradesh - 2025,14-Mar 8am,15733.49,
Uttar Pradesh - 2025,14-Mar 9am,16985.25,
Uttar Pradesh - 2025,14-Mar 10am,17522.36,
Uttar Pradesh - 2025,14-Mar 11am,17247.05,
Uttar Pradesh - 2025,14-Mar 12pm,16995.3,
Uttar Pradesh - 2025,14-Mar 1pm,16685.77,
Uttar Pradesh - 2025,14-Mar 2pm,16241.46,
Uttar Pradesh - 2025,14-Mar 3pm,15571.35,
Uttar Pradesh - 2025,14-Mar 4pm,15046.37,
Uttar Pradesh - 2025,14-Mar 5pm,14239.03,
Uttar Pradesh - 2025,14-Mar 6pm,14455.14,
Uttar Pradesh - 2025,14-Mar 7pm,15230.02,
Uttar Pradesh - 2025,14-Mar 8pm,15202.23,
Uttar Pradesh - 2025,14-Mar 9pm,14594.54,
Uttar Pradesh - 2025,14-Mar 10pm,14604.76,
Uttar Pradesh - 2025,14-Mar 11pm,14321.95,
Uttar Pradesh - 2025,15-Mar 12am,13888.09,
Uttar Pradesh - 2025,15-Mar 1am,13205.79,
Uttar Pradesh - 2025,15-Mar 2am,13091.61,
Uttar Pradesh - 2025,15-Mar 3am,12867.15,
Uttar Pradesh - 2025,15-Mar 4am,12978.89,
Uttar Pradesh - 2025,15-Mar 5am,13080.52,
Uttar Pradesh - 2025,15-Mar 6am,12797.04,
Uttar Pradesh - 2025,15-Mar 7am,11224.99,
Uttar Pradesh - 2025,15-Mar 8am,11864.65,
Uttar Pradesh - 2025,15-Mar 9am,14292.54,
Uttar Pradesh - 2025,15-Mar 10am,14825.61,
Uttar Pradesh - 2025,15-Mar 11am,16250.81,
Uttar Pradesh - 2025,15-Mar 12pm,15569.67,
Uttar Pradesh - 2025,15-Mar 1pm,15237.17,
Uttar Pradesh - 2025,15-Mar 2pm,15037.38,
Uttar Pradesh - 2025,15-Mar 3pm,13703.76,
Uttar Pradesh - 2025,15-Mar 4pm,11628.35,
Uttar Pradesh - 2025,15-Mar 5pm,10373.99,
Uttar Pradesh - 2025,15-Mar 6pm,13346.8,
Uttar Pradesh - 2025,15-Mar 7pm,18947.5,
Uttar Pradesh - 2025,15-Mar 8pm,18970.44,
Uttar Pradesh - 2025,15-Mar 9pm,18092,
Uttar Pradesh - 2025,15-Mar 10pm,17606.84,
Uttar Pradesh - 2025,15-Mar 11pm,16649.55,
Uttar Pradesh - 2025,16-Mar 12am,15990.31,
Uttar Pradesh - 2025,16-Mar 1am,15325.22,
Uttar Pradesh - 2025,16-Mar 2am,14876.66,
Uttar Pradesh - 2025,16-Mar 3am,14652.62,
Uttar Pradesh - 2025,16-Mar 4am,14990.87,
Uttar Pradesh - 2025,16-Mar 5am,15221.5,
Uttar Pradesh - 2025,16-Mar 6am,13918.09,
Uttar Pradesh - 2025,16-Mar 7am,11710.09,
Uttar Pradesh - 2025,16-Mar 8am,12316.55,
Uttar Pradesh - 2025,16-Mar 9am,13631.04,
Uttar Pradesh - 2025,16-Mar 10am,15319.7,
Uttar Pradesh - 2025,16-Mar 11am,15358.25,
Uttar Pradesh - 2025,16-Mar 12pm,15683.34,
Uttar Pradesh - 2025,16-Mar 1pm,14955.63,
Uttar Pradesh - 2025,16-Mar 2pm,14357.98,
Uttar Pradesh - 2025,16-Mar 3pm,11921.07,
Uttar Pradesh - 2025,16-Mar 4pm,11926.42,
Uttar Pradesh - 2025,16-Mar 5pm,11247.96,
Uttar Pradesh - 2025,16-Mar 6pm,15299.2,
Uttar Pradesh - 2025,16-Mar 7pm,18451.8,
Uttar Pradesh - 2025,16-Mar 8pm,18970.47,
Uttar Pradesh - 2025,16-Mar 9pm,18495.64,
Uttar Pradesh - 2025,16-Mar 10pm,17843.37,
Uttar Pradesh - 2025,16-Mar 11pm,16838.59,
Uttar Pradesh - 2025,17-Mar 12am,16277.32,
Uttar Pradesh - 2025,17-Mar 1am,15610.28,
Uttar Pradesh - 2025,17-Mar 2am,15022.93,
Uttar Pradesh - 2025,17-Mar 3am,14566.96,
Uttar Pradesh - 2025,17-Mar 4am,14895.29,
Uttar Pradesh - 2025,17-Mar 5am,15210.68,
Uttar Pradesh - 2025,17-Mar 6am,13938.1,
Uttar Pradesh - 2025,17-Mar 7am,12248.09,
Uttar Pradesh - 2025,17-Mar 8am,13426.22,
Uttar Pradesh - 2025,17-Mar 9am,15069.36,
Uttar Pradesh - 2025,17-Mar 10am,16065.5,
Uttar Pradesh - 2025,17-Mar 11am,17348.11,
Uttar Pradesh - 2025,17-Mar 12pm,16645.68,
Uttar Pradesh - 2025,17-Mar 1pm,15653,
Uttar Pradesh - 2025,17-Mar 2pm,14486.31,
Uttar Pradesh - 2025,17-Mar 3pm,12735.98,
Uttar Pradesh - 2025,17-Mar 4pm,11445.53,
Uttar Pradesh - 2025,17-Mar 5pm,12257.41,
Uttar Pradesh - 2025,17-Mar 6pm,14986.7,
Uttar Pradesh - 2025,17-Mar 7pm,19796.79,
Uttar Pradesh - 2025,17-Mar 8pm,19370.33,
Uttar Pradesh - 2025,17-Mar 9pm,18739.45,
Uttar Pradesh - 2025,17-Mar 10pm,17901.63,
Uttar Pradesh - 2025,17-Mar 11pm,17098.37,
Uttar Pradesh - 2025,18-Mar 12am,16311.31,
Uttar Pradesh - 2025,18-Mar 1am,15715.79,
Uttar Pradesh - 2025,18-Mar 2am,15229.77,
Uttar Pradesh - 2025,18-Mar 3am,14945.83,
Uttar Pradesh - 2025,18-Mar 4am,15237.42,
Uttar Pradesh - 2025,18-Mar 5am,15528.21,
Uttar Pradesh - 2025,18-Mar 6am,14236.94,
Uttar Pradesh - 2025,18-Mar 7am,12586.8,
Uttar Pradesh - 2025,18-Mar 8am,13579.23,
Uttar Pradesh - 2025,18-Mar 9am,15275.45,
Uttar Pradesh - 2025,18-Mar 10am,16138.87,
Uttar Pradesh - 2025,18-Mar 11am,17062.1,
Uttar Pradesh - 2025,18-Mar 12pm,16228.71,
Uttar Pradesh - 2025,18-Mar 1pm,14630.77,
Uttar Pradesh - 2025,18-Mar 2pm,13746.7,
Uttar Pradesh - 2025,18-Mar 3pm,11789.64,
Uttar Pradesh - 2025,18-Mar 4pm,10887.84,
Uttar Pradesh - 2025,18-Mar 5pm,10696.96,
Uttar Pradesh - 2025,18-Mar 6pm,14840.69,
Uttar Pradesh - 2025,18-Mar 7pm,19870.23,
Uttar Pradesh - 2025,18-Mar 8pm,19694.83,
Uttar Pradesh - 2025,18-Mar 9pm,18824.99,
Uttar Pradesh - 2025,18-Mar 10pm,17916.18,
Uttar Pradesh - 2025,18-Mar 11pm,16967.35,
Uttar Pradesh - 2025,19-Mar 12am,16209.78,
Uttar Pradesh - 2025,19-Mar 1am,15543.93,
Uttar Pradesh - 2025,19-Mar 2am,15111.37,
Uttar Pradesh - 2025,19-Mar 3am,14907.23,
Uttar Pradesh - 2025,19-Mar 4am,15188.56,
Uttar Pradesh - 2025,19-Mar 5am,15374.04,
Uttar Pradesh - 2025,19-Mar 6am,13897.44,
Uttar Pradesh - 2025,19-Mar 7am,12360.11,
Uttar Pradesh - 2025,19-Mar 8am,13582.28,
Uttar Pradesh - 2025,19-Mar 9am,16067.36,
Uttar Pradesh - 2025,19-Mar 10am,16614.77,
Uttar Pradesh - 2025,19-Mar 11am,17224.25,
Uttar Pradesh - 2025,19-Mar 12pm,16162.39,
Uttar Pradesh - 2025,19-Mar 1pm,15334.39,
Uttar Pradesh - 2025,19-Mar 2pm,14494.49,
Uttar Pradesh - 2025,19-Mar 3pm,13570.59,
Uttar Pradesh - 2025,19-Mar 4pm,13191.46,
Uttar Pradesh - 2025,19-Mar 5pm,13645.11,
Uttar Pradesh - 2025,19-Mar 6pm,16089.88,
Uttar Pradesh - 2025,19-Mar 7pm,20148.75,
Uttar Pradesh - 2025,19-Mar 8pm,19742.22,
Uttar Pradesh - 2025,19-Mar 9pm,18840.1,
Uttar Pradesh - 2025,19-Mar 10pm,18130.77,
Uttar Pradesh - 2025,19-Mar 11pm,17252.51,
Uttar Pradesh - 2025,20-Mar 12am,16438.37,
Uttar Pradesh - 2025,20-Mar 1am,15910.61,
Uttar Pradesh - 2025,20-Mar 2am,15312.76,
Uttar Pradesh - 2025,20-Mar 3am,14915.56,
Uttar Pradesh - 2025,20-Mar 4am,15438.16,
Uttar Pradesh - 2025,20-Mar 5am,15771.55,
Uttar Pradesh - 2025,20-Mar 6am,14628.02,
Uttar Pradesh - 2025,20-Mar 7am,12712.9,
Uttar Pradesh - 2025,20-Mar 8am,12643.22,
Uttar Pradesh - 2025,20-Mar 9am,14818.39,
Uttar Pradesh - 2025,20-Mar 10am,16470.71,
Uttar Pradesh - 2025,20-Mar 11am,17368.68,
Uttar Pradesh - 2025,20-Mar 12pm,17248.85,
Uttar Pradesh - 2025,20-Mar 1pm,16014.17,
Uttar Pradesh - 2025,20-Mar 2pm,14683.58,
Uttar Pradesh - 2025,20-Mar 3pm,13875.73,
Uttar Pradesh - 2025,20-Mar 4pm,12694,
Uttar Pradesh - 2025,20-Mar 5pm,13523.68,
Uttar Pradesh - 2025,20-Mar 6pm,15991.8,
Uttar Pradesh - 2025,20-Mar 7pm,19944.72,
Uttar Pradesh - 2025,20-Mar 8pm,19478.92,
Uttar Pradesh - 2025,20-Mar 9pm,19205.09,
Uttar Pradesh - 2025,20-Mar 10pm,18405.76,
Uttar Pradesh - 2025,20-Mar 11pm,17401.45,
Uttar Pradesh - 2025,21-Mar 12am,16608.65,
Uttar Pradesh - 2025,21-Mar 1am,16050.49,
Uttar Pradesh - 2025,21-Mar 2am,15754.2,
Uttar Pradesh - 2025,21-Mar 3am,15552.66,
Uttar Pradesh - 2025,21-Mar 4am,15798.32,
Uttar Pradesh - 2025,21-Mar 5am,16216.47,
Uttar Pradesh - 2025,21-Mar 6am,15180.93,
Uttar Pradesh - 2025,21-Mar 7am,13423.58,
Uttar Pradesh - 2025,21-Mar 8am,14292.91,
Uttar Pradesh - 2025,21-Mar 9am,15391.93,
Uttar Pradesh - 2025,21-Mar 10am,17571.69,
Uttar Pradesh - 2025,21-Mar 11am,18104.62,
Uttar Pradesh - 2025,21-Mar 12pm,17458.85,
Uttar Pradesh - 2025,21-Mar 1pm,15899.29,
Uttar Pradesh - 2025,21-Mar 2pm,14552.01,
Uttar Pradesh - 2025,21-Mar 3pm,13663.59,
Uttar Pradesh - 2025,21-Mar 4pm,12838.17,
Uttar Pradesh - 2025,21-Mar 5pm,13535.54,
Uttar Pradesh - 2025,21-Mar 6pm,16444.05,
Uttar Pradesh - 2025,21-Mar 7pm,20036.55,
Uttar Pradesh - 2025,21-Mar 8pm,19984.76,
Uttar Pradesh - 2025,21-Mar 9pm,19181.34,
Uttar Pradesh - 2025,21-Mar 10pm,18330.39,
Uttar Pradesh - 2025,21-Mar 11pm,17409.01,
Uttar Pradesh - 2025,22-Mar 12am,16668.02,
Uttar Pradesh - 2025,22-Mar 1am,15939.65,
Uttar Pradesh - 2025,22-Mar 2am,15553.04,
Uttar Pradesh - 2025,22-Mar 3am,15304.67,
Uttar Pradesh - 2025,22-Mar 4am,15560.86,
Uttar Pradesh - 2025,22-Mar 5am,15751.91,
Uttar Pradesh - 2025,22-Mar 6am,14635.22,
Uttar Pradesh - 2025,22-Mar 7am,13006.19,
Uttar Pradesh - 2025,22-Mar 8am,13709.4,
Uttar Pradesh - 2025,22-Mar 9am,15397.05,
Uttar Pradesh - 2025,22-Mar 10am,16969.62,
Uttar Pradesh - 2025,22-Mar 11am,16876.77,
Uttar Pradesh - 2025,22-Mar 12pm,16616.76,
Uttar Pradesh - 2025,22-Mar 1pm,14840.67,
Uttar Pradesh - 2025,22-Mar 2pm,14243.26,
Uttar Pradesh - 2025,22-Mar 3pm,11354.81,
Uttar Pradesh - 2025,22-Mar 4pm,10265.86,
Uttar Pradesh - 2025,22-Mar 5pm,11052.22,
Uttar Pradesh - 2025,22-Mar 6pm,14413,
Uttar Pradesh - 2025,22-Mar 7pm,18576.42,
Uttar Pradesh - 2025,22-Mar 8pm,18757.13,
Uttar Pradesh - 2025,22-Mar 9pm,17801.17,
Uttar Pradesh - 2025,22-Mar 10pm,17055.73,
Uttar Pradesh - 2025,22-Mar 11pm,16289.14,
Uttar Pradesh - 2025,23-Mar 12am,15643.85,
Uttar Pradesh - 2025,23-Mar 1am,15078.48,
Uttar Pradesh - 2025,23-Mar 2am,14668.8,
Uttar Pradesh - 2025,23-Mar 3am,14376.91,
Uttar Pradesh - 2025,23-Mar 4am,14605.28,
Uttar Pradesh - 2025,23-Mar 5am,14891.48,
Uttar Pradesh - 2025,23-Mar 6am,14033.51,
Uttar Pradesh - 2025,23-Mar 7am,11900.3,
Uttar Pradesh - 2025,23-Mar 8am,12622.29,
Uttar Pradesh - 2025,23-Mar 9am,14004.26,
Uttar Pradesh - 2025,23-Mar 10am,15629.59,
Uttar Pradesh - 2025,23-Mar 11am,15587.16,
Uttar Pradesh - 2025,23-Mar 12pm,15569.32,
Uttar Pradesh - 2025,23-Mar 1pm,14882.96,
Uttar Pradesh - 2025,23-Mar 2pm,14202.67,
Uttar Pradesh - 2025,23-Mar 3pm,13682.66,
Uttar Pradesh - 2025,23-Mar 4pm,12726.88,
Uttar Pradesh - 2025,23-Mar 5pm,10487.5,
Uttar Pradesh - 2025,23-Mar 6pm,13017.52,
Uttar Pradesh - 2025,23-Mar 7pm,19310.09,
Uttar Pradesh - 2025,23-Mar 8pm,19388.27,
Uttar Pradesh - 2025,23-Mar 9pm,18502.16,
Uttar Pradesh - 2025,23-Mar 10pm,17764.77,
Uttar Pradesh - 2025,23-Mar 11pm,16858.63,
Uttar Pradesh - 2025,24-Mar 12am,16091.05,
Uttar Pradesh - 2025,24-Mar 1am,15448.76,
Uttar Pradesh - 2025,24-Mar 2am,15038.49,
Uttar Pradesh - 2025,24-Mar 3am,14771.9,
Uttar Pradesh - 2025,24-Mar 4am,15136.09,
Uttar Pradesh - 2025,24-Mar 5am,15414.82,
Uttar Pradesh - 2025,24-Mar 6am,14205.31,
Uttar Pradesh - 2025,24-Mar 7am,12560.26,
Uttar Pradesh - 2025,24-Mar 8am,13838.41,
Uttar Pradesh - 2025,24-Mar 9am,16557.91,
Uttar Pradesh - 2025,24-Mar 10am,17210.35,
Uttar Pradesh - 2025,24-Mar 11am,17120,
Uttar Pradesh - 2025,24-Mar 12pm,15300.45,
Uttar Pradesh - 2025,24-Mar 1pm,14562.51,
Uttar Pradesh - 2025,24-Mar 2pm,14033.93,
Uttar Pradesh - 2025,24-Mar 3pm,12026.99,
Uttar Pradesh - 2025,24-Mar 4pm,11132.86,
Uttar Pradesh - 2025,24-Mar 5pm,14096.33,
Uttar Pradesh - 2025,24-Mar 6pm,17098.84,
Uttar Pradesh - 2025,24-Mar 7pm,20292.3,
Uttar Pradesh - 2025,24-Mar 8pm,20462.8,
Uttar Pradesh - 2025,24-Mar 9pm,19579.54,
Uttar Pradesh - 2025,24-Mar 10pm,18731.17,
Uttar Pradesh - 2025,24-Mar 11pm,17786.05,
Uttar Pradesh - 2025,25-Mar 12am,17120.34,
Uttar Pradesh - 2025,25-Mar 1am,16169.3,
Uttar Pradesh - 2025,25-Mar 2am,15945.06,
Uttar Pradesh - 2025,25-Mar 3am,15673.75,
Uttar Pradesh - 2025,25-Mar 4am,15884.83,
Uttar Pradesh - 2025,25-Mar 5am,16167.53,
Uttar Pradesh - 2025,25-Mar 6am,15094.57,
Uttar Pradesh - 2025,25-Mar 7am,13559.18,
Uttar Pradesh - 2025,25-Mar 8am,15348.74,
Uttar Pradesh - 2025,25-Mar 9am,16749.06,
Uttar Pradesh - 2025,25-Mar 10am,16694.43,
Uttar Pradesh - 2025,25-Mar 11am,16796.36,
Uttar Pradesh - 2025,25-Mar 12pm,15324.52,
Uttar Pradesh - 2025,25-Mar 1pm,14157,
Uttar Pradesh - 2025,25-Mar 2pm,13541.08,
Uttar Pradesh - 2025,25-Mar 3pm,12666.44,
Uttar Pradesh - 2025,25-Mar 4pm,12021.46,
Uttar Pradesh - 2025,25-Mar 5pm,14417.24,
Uttar Pradesh - 2025,25-Mar 6pm,17027.42,
Uttar Pradesh - 2025,25-Mar 7pm,20446.14,
Uttar Pradesh - 2025,25-Mar 8pm,21147.03,
Uttar Pradesh - 2025,25-Mar 9pm,20336.17,
Uttar Pradesh - 2025,25-Mar 10pm,19420.85,
Uttar Pradesh - 2025,25-Mar 11pm,18495.3,
Uttar Pradesh - 2025,26-Mar 12am,17726.61,
Uttar Pradesh - 2025,26-Mar 1am,17020.39,
Uttar Pradesh - 2025,26-Mar 2am,16478.33,
Uttar Pradesh - 2025,26-Mar 3am,16149.38,
Uttar Pradesh - 2025,26-Mar 4am,16417.49,
Uttar Pradesh - 2025,26-Mar 5am,16749.61,
Uttar Pradesh - 2025,26-Mar 6am,15188.41,
Uttar Pradesh - 2025,26-Mar 7am,14005.12,
Uttar Pradesh - 2025,26-Mar 8am,14797.76,
Uttar Pradesh - 2025,26-Mar 9am,16726.42,
Uttar Pradesh - 2025,26-Mar 10am,16870.44,
Uttar Pradesh - 2025,26-Mar 11am,16668.69,
Uttar Pradesh - 2025,26-Mar 12pm,16138.7,
Uttar Pradesh - 2025,26-Mar 1pm,15303.38,
Uttar Pradesh - 2025,26-Mar 2pm,14081.49,
Uttar Pradesh - 2025,26-Mar 3pm,12479.89,
Uttar Pradesh - 2025,26-Mar 4pm,11935.99,
Uttar Pradesh - 2025,26-Mar 5pm,13846.66,
Uttar Pradesh - 2025,26-Mar 6pm,16631.45,
Uttar Pradesh - 2025,26-Mar 7pm,19877.17,
Uttar Pradesh - 2025,26-Mar 8pm,21368.39,
Uttar Pradesh - 2025,26-Mar 9pm,20438.36,
Uttar Pradesh - 2025,26-Mar 10pm,19902.27,
Uttar Pradesh - 2025,26-Mar 11pm,18919.45,
Uttar Pradesh - 2025,27-Mar 12am,18151.19,
Uttar Pradesh - 2025,27-Mar 1am,17414.05,
Uttar Pradesh - 2025,27-Mar 2am,16835.45,
Uttar Pradesh - 2025,27-Mar 3am,16526.32,
Uttar Pradesh - 2025,27-Mar 4am,16659.98,
Uttar Pradesh - 2025,27-Mar 5am,16907.54,
Uttar Pradesh - 2025,27-Mar 6am,15537.12,
Uttar Pradesh - 2025,27-Mar 7am,14353.2,
Uttar Pradesh - 2025,27-Mar 8am,14986.28,
Uttar Pradesh - 2025,27-Mar 9am,16097.16,
Uttar Pradesh - 2025,27-Mar 10am,17126.72,
Uttar Pradesh - 2025,27-Mar 11am,16399.72,
Uttar Pradesh - 2025,27-Mar 12pm,15795.54,
Uttar Pradesh - 2025,27-Mar 1pm,14297.94,
Uttar Pradesh - 2025,27-Mar 2pm,13439.84,
Uttar Pradesh - 2025,27-Mar 3pm,11345.24,
Uttar Pradesh - 2025,27-Mar 4pm,10982.92,
Uttar Pradesh - 2025,27-Mar 5pm,13129.18,
Uttar Pradesh - 2025,27-Mar 6pm,15916.02,
Uttar Pradesh - 2025,27-Mar 7pm,20173.97,
Uttar Pradesh - 2025,27-Mar 8pm,21040.55,
Uttar Pradesh - 2025,27-Mar 9pm,20945.29,
Uttar Pradesh - 2025,27-Mar 10pm,20527.27,
Uttar Pradesh - 2025,27-Mar 11pm,20217.55,
Uttar Pradesh - 2025,28-Mar 12am,19464.74,
Uttar Pradesh - 2025,28-Mar 1am,18668.96,
Uttar Pradesh - 2025,28-Mar 2am,17988.11,
Uttar Pradesh - 2025,28-Mar 3am,17488.15,
Uttar Pradesh - 2025,28-Mar 4am,17724.8,
Uttar Pradesh - 2025,28-Mar 5am,18204.29,
Uttar Pradesh - 2025,28-Mar 6am,17154.82,
Uttar Pradesh - 2025,28-Mar 7am,15483.74,
Uttar Pradesh - 2025,28-Mar 8am,15820.46,
Uttar Pradesh - 2025,28-Mar 9am,16127.17,
Uttar Pradesh - 2025,28-Mar 10am,16038.66,
Uttar Pradesh - 2025,28-Mar 11am,15364.29,
Uttar Pradesh - 2025,28-Mar 12pm,14080.21,
Uttar Pradesh - 2025,28-Mar 1pm,13481.98,
Uttar Pradesh - 2025,28-Mar 2pm,12976.61,
Uttar Pradesh - 2025,28-Mar 3pm,12874.1,
Uttar Pradesh - 2025,28-Mar 4pm,11689.74,
Uttar Pradesh - 2025,28-Mar 5pm,12710.99,
Uttar Pradesh - 2025,28-Mar 6pm,16778.32,
Uttar Pradesh - 2025,28-Mar 7pm,20651.03,
Uttar Pradesh - 2025,28-Mar 8pm,21408.98,
Uttar Pradesh - 2025,28-Mar 9pm,21303.02,
Uttar Pradesh - 2025,28-Mar 10pm,20492.8,
Uttar Pradesh - 2025,28-Mar 11pm,19585.38,
Uttar Pradesh - 2025,29-Mar 12am,18681,
Uttar Pradesh - 2025,29-Mar 1am,17773.21,
Uttar Pradesh - 2025,29-Mar 2am,17108.94,
Uttar Pradesh - 2025,29-Mar 3am,16616.34,
Uttar Pradesh - 2025,29-Mar 4am,16742.66,
Uttar Pradesh - 2025,29-Mar 5am,17026.77,
Uttar Pradesh - 2025,29-Mar 6am,16137.54,
Uttar Pradesh - 2025,29-Mar 7am,13932.58,
Uttar Pradesh - 2025,29-Mar 8am,14295.14,
Uttar Pradesh - 2025,29-Mar 9am,14746.29,
Uttar Pradesh - 2025,29-Mar 10am,14932.3,
Uttar Pradesh - 2025,29-Mar 11am,13824.81,
Uttar Pradesh - 2025,29-Mar 12pm,12995.24,
Uttar Pradesh - 2025,29-Mar 1pm,11957.46,
Uttar Pradesh - 2025,29-Mar 2pm,11458.55,
Uttar Pradesh - 2025,29-Mar 3pm,11687.11,
Uttar Pradesh - 2025,29-Mar 4pm,11047.17,
Uttar Pradesh - 2025,29-Mar 5pm,12109.39,
Uttar Pradesh - 2025,29-Mar 6pm,13263.7,
Uttar Pradesh - 2025,29-Mar 7pm,19970.97,
Uttar Pradesh - 2025,29-Mar 8pm,20859.67,
Uttar Pradesh - 2025,29-Mar 9pm,20106.29,
Uttar Pradesh - 2025,29-Mar 10pm,19163.38,
Uttar Pradesh - 2025,29-Mar 11pm,18304.1,
Uttar Pradesh - 2025,30-Mar 12am,17390.45,
Uttar Pradesh - 2025,30-Mar 1am,16754.81,
Uttar Pradesh - 2025,30-Mar 2am,16204.88,
Uttar Pradesh - 2025,30-Mar 3am,15810.49,
Uttar Pradesh - 2025,30-Mar 4am,16029.36,
Uttar Pradesh - 2025,30-Mar 5am,16497.13,
Uttar Pradesh - 2025,30-Mar 6am,14969.57,
Uttar Pradesh - 2025,30-Mar 7am,14216.3,
Uttar Pradesh - 2025,30-Mar 8am,14426.85,
Uttar Pradesh - 2025,30-Mar 9am,15444.25,
Uttar Pradesh - 2025,30-Mar 10am,15383.47,
Uttar Pradesh - 2025,30-Mar 11am,14796.94,
Uttar Pradesh - 2025,30-Mar 12pm,12792.19,
Uttar Pradesh - 2025,30-Mar 1pm,11493.23,
Uttar Pradesh - 2025,30-Mar 2pm,11051.67,
Uttar Pradesh - 2025,30-Mar 3pm,10981.33,
Uttar Pradesh - 2025,30-Mar 4pm,11102.15,
Uttar Pradesh - 2025,30-Mar 5pm,10172.74,
Uttar Pradesh - 2025,30-Mar 6pm,12401.17,
Uttar Pradesh - 2025,30-Mar 7pm,19928.72,
Uttar Pradesh - 2025,30-Mar 8pm,20364.95,
Uttar Pradesh - 2025,30-Mar 9pm,19545.99,
Uttar Pradesh - 2025,30-Mar 10pm,18738.93,
Uttar Pradesh - 2025,30-Mar 11pm,17931.27,
Uttar Pradesh - 2025,31-Mar 12am,17022.84,
Uttar Pradesh - 2025,31-Mar 1am,16375.4,
Uttar Pradesh - 2025,31-Mar 2am,15854.37,
Uttar Pradesh - 2025,31-Mar 3am,15399.06,
Uttar Pradesh - 2025,31-Mar 4am,15497.25,
Uttar Pradesh - 2025,31-Mar 5am,16869.58,
Uttar Pradesh - 2025,31-Mar 6am,17300.73,
Uttar Pradesh - 2025,31-Mar 7am,17706.69,
Uttar Pradesh - 2025,31-Mar 8am,17107.55,
Uttar Pradesh - 2025,31-Mar 9am,16596.84,
Uttar Pradesh - 2025,31-Mar 10am,16611.38,
Uttar Pradesh - 2025,31-Mar 11am,15144.77,
Uttar Pradesh - 2025,31-Mar 12pm,13553.78,
Uttar Pradesh - 2025,31-Mar 1pm,12482.16,
Uttar Pradesh - 2025,31-Mar 2pm,12180.79,
Uttar Pradesh - 2025,31-Mar 3pm,12430.68,
Uttar Pradesh - 2025,31-Mar 4pm,12355.22,
Uttar Pradesh - 2025,31-Mar 5pm,14059.42,
Uttar Pradesh - 2025,31-Mar 6pm,16159.54,
Uttar Pradesh - 2025,31-Mar 7pm,19454.97,
Uttar Pradesh - 2025,31-Mar 8pm,19855.21,
Uttar Pradesh - 2025,31-Mar 9pm,19090.13,
Uttar Pradesh - 2025,31-Mar 10pm,18377.23,
Uttar Pradesh - 2025,31-Mar 11pm,17724.57,
Uttar Pradesh - 2025,01-Apr 12am,17041.91,
Uttar Pradesh - 2025,01-Apr 1am,16398.95,
Uttar Pradesh - 2025,01-Apr 2am,15841.88,
Uttar Pradesh - 2025,01-Apr 3am,15419.52,
Uttar Pradesh - 2025,01-Apr 4am,15248.75,
Uttar Pradesh - 2025,01-Apr 5am,15524.61,
Uttar Pradesh - 2025,01-Apr 6am,14516.29,
Uttar Pradesh - 2025,01-Apr 7am,13607.45,
Uttar Pradesh - 2025,01-Apr 8am,13332.74,
Uttar Pradesh - 2025,01-Apr 9am,15996.8,
Uttar Pradesh - 2025,01-Apr 10am,16425.17,
Uttar Pradesh - 2025,01-Apr 11am,14434.21,
Uttar Pradesh - 2025,01-Apr 12pm,13143.77,
Uttar Pradesh - 2025,01-Apr 1pm,11646.1,
Uttar Pradesh - 2025,01-Apr 2pm,11235.44,
Uttar Pradesh - 2025,01-Apr 3pm,11104.41,
Uttar Pradesh - 2025,01-Apr 4pm,10420.67,
Uttar Pradesh - 2025,01-Apr 5pm,11996.63,
Uttar Pradesh - 2025,01-Apr 6pm,13802.35,
Uttar Pradesh - 2025,01-Apr 7pm,19652.93,
Uttar Pradesh - 2025,01-Apr 8pm,21414.56,
Uttar Pradesh - 2025,01-Apr 9pm,20325.32,
Uttar Pradesh - 2025,01-Apr 10pm,19533.53,
Uttar Pradesh - 2025,01-Apr 11pm,18649.33,
Uttar Pradesh - 2025,02-Apr 12am,17866.13,
Uttar Pradesh - 2025,02-Apr 1am,17156.68,
Uttar Pradesh - 2025,02-Apr 2am,16603.68,
Uttar Pradesh - 2025,02-Apr 3am,16091.83,
Uttar Pradesh - 2025,02-Apr 4am,16003.36,
Uttar Pradesh - 2025,02-Apr 5am,16375.05,
Uttar Pradesh - 2025,02-Apr 6am,15898.56,
Uttar Pradesh - 2025,02-Apr 7am,13889.16,
Uttar Pradesh - 2025,02-Apr 8am,14322.57,
Uttar Pradesh - 2025,02-Apr 9am,16328.54,
Uttar Pradesh - 2025,02-Apr 10am,16403.07,
Uttar Pradesh - 2025,02-Apr 11am,15389.39,
Uttar Pradesh - 2025,02-Apr 12pm,14141.31,
Uttar Pradesh - 2025,02-Apr 1pm,12509.84,
Uttar Pradesh - 2025,02-Apr 2pm,11906.16,
Uttar Pradesh - 2025,02-Apr 3pm,11749.42,
Uttar Pradesh - 2025,02-Apr 4pm,11711.76,
Uttar Pradesh - 2025,02-Apr 5pm,13951.15,
Uttar Pradesh - 2025,02-Apr 6pm,15810.54,
Uttar Pradesh - 2025,02-Apr 7pm,20399.63,
Uttar Pradesh - 2025,02-Apr 8pm,21107.81,
Uttar Pradesh - 2025,02-Apr 9pm,20249.98,
Uttar Pradesh - 2025,02-Apr 10pm,19494.22,
Uttar Pradesh - 2025,02-Apr 11pm,18707.64,
Uttar Pradesh - 2025,03-Apr 12am,17905.14,
Uttar Pradesh - 2025,03-Apr 1am,17218.65,
Uttar Pradesh - 2025,03-Apr 2am,16661.87,
Uttar Pradesh - 2025,03-Apr 3am,16197.96,
Uttar Pradesh - 2025,03-Apr 4am,15811.89,
Uttar Pradesh - 2025,03-Apr 5am,16586.41,
Uttar Pradesh - 2025,03-Apr 6am,15720.19,
Uttar Pradesh - 2025,03-Apr 7am,14327.71,
Uttar Pradesh - 2025,03-Apr 8am,14751.74,
Uttar Pradesh - 2025,03-Apr 9am,17027.92,
Uttar Pradesh - 2025,03-Apr 10am,17301.24,
Uttar Pradesh - 2025,03-Apr 11am,15780.12,
Uttar Pradesh - 2025,03-Apr 12pm,13829.65,
Uttar Pradesh - 2025,03-Apr 1pm,12837.16,
Uttar Pradesh - 2025,03-Apr 2pm,12689.54,
Uttar Pradesh - 2025,03-Apr 3pm,11672.98,
Uttar Pradesh - 2025,03-Apr 4pm,11167.19,
Uttar Pradesh - 2025,03-Apr 5pm,13024.82,
Uttar Pradesh - 2025,03-Apr 6pm,15097.96,
Uttar Pradesh - 2025,03-Apr 7pm,19396.54,
Uttar Pradesh - 2025,03-Apr 8pm,21564.75,
Uttar Pradesh - 2025,03-Apr 9pm,20953.98,
Uttar Pradesh - 2025,03-Apr 10pm,20065.42,
Uttar Pradesh - 2025,03-Apr 11pm,19223.12,
Uttar Pradesh - 2025,04-Apr 12am,18468.81,
Uttar Pradesh - 2025,04-Apr 1am,17718.32,
Uttar Pradesh - 2025,04-Apr 2am,17025.4,
Uttar Pradesh - 2025,04-Apr 3am,16418.51,
Uttar Pradesh - 2025,04-Apr 4am,16323.11,
Uttar Pradesh - 2025,04-Apr 5am,16653.08,
Uttar Pradesh - 2025,04-Apr 6am,16416.27,
Uttar Pradesh - 2025,04-Apr 7am,14670.51,
Uttar Pradesh - 2025,04-Apr 8am,14208.24,
Uttar Pradesh - 2025,04-Apr 9am,15033.69,
Uttar Pradesh - 2025,04-Apr 10am,16531.77,
Uttar Pradesh - 2025,04-Apr 11am,15275.83,
Uttar Pradesh - 2025,04-Apr 12pm,13386.63,
Uttar Pradesh - 2025,04-Apr 1pm,12622.53,
Uttar Pradesh - 2025,04-Apr 2pm,12029.96,
Uttar Pradesh - 2025,04-Apr 3pm,11971.37,
Uttar Pradesh - 2025,04-Apr 4pm,11929.4,
Uttar Pradesh - 2025,04-Apr 5pm,14526.97,
Uttar Pradesh - 2025,04-Apr 6pm,16345.83,
Uttar Pradesh - 2025,04-Apr 7pm,20787.79,
Uttar Pradesh - 2025,04-Apr 8pm,22327.01,
Uttar Pradesh - 2025,04-Apr 9pm,21790.86,
Uttar Pradesh - 2025,04-Apr 10pm,21139.52,
Uttar Pradesh - 2025,04-Apr 11pm,19834.09,
Uttar Pradesh - 2025,05-Apr 12am,19330.69,
Uttar Pradesh - 2025,05-Apr 1am,18523.22,
Uttar Pradesh - 2025,05-Apr 2am,17943.77,
Uttar Pradesh - 2025,05-Apr 3am,17400.43,
Uttar Pradesh - 2025,05-Apr 4am,17278.09,
Uttar Pradesh - 2025,05-Apr 5am,17656.39,
Uttar Pradesh - 2025,05-Apr 6am,16932.06,
Uttar Pradesh - 2025,05-Apr 7am,14931.28,
Uttar Pradesh - 2025,05-Apr 8am,14945.19,
Uttar Pradesh - 2025,05-Apr 9am,16300.15,
Uttar Pradesh - 2025,05-Apr 10am,17318.19,
Uttar Pradesh - 2025,05-Apr 11am,16042.87,
Uttar Pradesh - 2025,05-Apr 12pm,13147.79,
Uttar Pradesh - 2025,05-Apr 1pm,12091.29,
Uttar Pradesh - 2025,05-Apr 2pm,12019.12,
Uttar Pradesh - 2025,05-Apr 3pm,11533.14,
Uttar Pradesh - 2025,05-Apr 4pm,11507.83,
Uttar Pradesh - 2025,05-Apr 5pm,13358.53,
Uttar Pradesh - 2025,05-Apr 6pm,13371.62,
Uttar Pradesh - 2025,05-Apr 7pm,16254.94,
Uttar Pradesh - 2025,05-Apr 8pm,18952.85,
Uttar Pradesh - 2025,05-Apr 9pm,18950.16,
Uttar Pradesh - 2025,05-Apr 10pm,18950.1,
Uttar Pradesh - 2025,05-Apr 11pm,18948.49,
Uttar Pradesh - 2025,06-Apr 12am,19633.65,
Uttar Pradesh - 2025,06-Apr 1am,19076.07,
Uttar Pradesh - 2025,06-Apr 2am,18448.54,
Uttar Pradesh - 2025,06-Apr 3am,17937.92,
Uttar Pradesh - 2025,06-Apr 4am,17795.73,
Uttar Pradesh - 2025,06-Apr 5am,17889.28,
Uttar Pradesh - 2025,06-Apr 6am,17126.86,
Uttar Pradesh - 2025,06-Apr 7am,15793.3,
Uttar Pradesh - 2025,06-Apr 8am,14609.96,
Uttar Pradesh - 2025,06-Apr 9am,15547.85,
Uttar Pradesh - 2025,06-Apr 10am,16315.32,
Uttar Pradesh - 2025,06-Apr 11am,15427.44,
Uttar Pradesh - 2025,06-Apr 12pm,13874.5,
Uttar Pradesh - 2025,06-Apr 1pm,13005.09,
Uttar Pradesh - 2025,06-Apr 2pm,12593.06,
Uttar Pradesh - 2025,06-Apr 3pm,12469.57,
Uttar Pradesh - 2025,06-Apr 4pm,10685.28,
Uttar Pradesh - 2025,06-Apr 5pm,11786.5,
Uttar Pradesh - 2025,06-Apr 6pm,14609.94,
Uttar Pradesh - 2025,06-Apr 7pm,21296.02,
Uttar Pradesh - 2025,06-Apr 8pm,22008.92,
Uttar Pradesh - 2025,06-Apr 9pm,21638.48,
Uttar Pradesh - 2025,06-Apr 10pm,21319.77,
Uttar Pradesh - 2025,06-Apr 11pm,20409.54,
Uttar Pradesh - 2025,07-Apr 12am,19965.55,
Uttar Pradesh - 2025,07-Apr 1am,19137.31,
Uttar Pradesh - 2025,07-Apr 2am,18201.19,
Uttar Pradesh - 2025,07-Apr 3am,17612.12,
Uttar Pradesh - 2025,07-Apr 4am,17575.89,
Uttar Pradesh - 2025,07-Apr 5am,17749.3,
Uttar Pradesh - 2025,07-Apr 6am,17112.44,
Uttar Pradesh - 2025,07-Apr 7am,15490.47,
Uttar Pradesh - 2025,07-Apr 8am,14549.74,
Uttar Pradesh - 2025,07-Apr 9am,16255.48,
Uttar Pradesh - 2025,07-Apr 10am,16912.4,
Uttar Pradesh - 2025,07-Apr 11am,15918.87,
Uttar Pradesh - 2025,07-Apr 12pm,14482.58,
Uttar Pradesh - 2025,07-Apr 1pm,13412.44,
Uttar Pradesh - 2025,07-Apr 2pm,13471.8,
Uttar Pradesh - 2025,07-Apr 3pm,13239.88,
Uttar Pradesh - 2025,07-Apr 4pm,13670.32,
Uttar Pradesh - 2025,07-Apr 5pm,15704.19,
Uttar Pradesh - 2025,07-Apr 6pm,17403.79,
Uttar Pradesh - 2025,07-Apr 7pm,21640.03,
Uttar Pradesh - 2025,07-Apr 8pm,22572.55,
Uttar Pradesh - 2025,07-Apr 9pm,22454.38,
Uttar Pradesh - 2025,07-Apr 10pm,22396.07,
Uttar Pradesh - 2025,07-Apr 11pm,21919.65,
Uttar Pradesh - 2025,08-Apr 12am,21764.39,
Uttar Pradesh - 2025,08-Apr 1am,20899.52,
Uttar Pradesh - 2025,08-Apr 2am,20164.46,
Uttar Pradesh - 2025,08-Apr 3am,19624.57,
Uttar Pradesh - 2025,08-Apr 4am,19382.88,
Uttar Pradesh - 2025,08-Apr 5am,19659.38,
Uttar Pradesh - 2025,08-Apr 6am,19161.09,
Uttar Pradesh - 2025,08-Apr 7am,16832.24,
Uttar Pradesh - 2025,08-Apr 8am,16139.68,
Uttar Pradesh - 2025,08-Apr 9am,16596.78,
Uttar Pradesh - 2025,08-Apr 10am,17177.43,
Uttar Pradesh - 2025,08-Apr 11am,16146.31,
Uttar Pradesh - 2025,08-Apr 12pm,13911.26,
Uttar Pradesh - 2025,08-Apr 1pm,13318.54,
Uttar Pradesh - 2025,08-Apr 2pm,14483.89,
Uttar Pradesh - 2025,08-Apr 3pm,14531.99,
Uttar Pradesh - 2025,08-Apr 4pm,14779.48,
Uttar Pradesh - 2025,08-Apr 5pm,17306.98,
Uttar Pradesh - 2025,08-Apr 6pm,18661.42,
Uttar Pradesh - 2025,08-Apr 7pm,22178.15,
Uttar Pradesh - 2025,08-Apr 8pm,23835.82,
Uttar Pradesh - 2025,08-Apr 9pm,24004.14,
Uttar Pradesh - 2025,08-Apr 10pm,22759.93,
Uttar Pradesh - 2025,08-Apr 11pm,22156.03,
Uttar Pradesh - 2025,09-Apr 12am,22458.95,
Uttar Pradesh - 2025,09-Apr 1am,22196.62,
Uttar Pradesh - 2025,09-Apr 2am,21191.61,
Uttar Pradesh - 2025,09-Apr 3am,21093.84,
Uttar Pradesh - 2025,09-Apr 4am,20838.3,
Uttar Pradesh - 2025,09-Apr 5am,20835.52,
Uttar Pradesh - 2025,09-Apr 6am,20291.42,
Uttar Pradesh - 2025,09-Apr 7am,18576.52,
Uttar Pradesh - 2025,09-Apr 8am,17886.93,
Uttar Pradesh - 2025,09-Apr 9am,18396.84,
Uttar Pradesh - 2025,09-Apr 10am,19498.48,
Uttar Pradesh - 2025,09-Apr 11am,18572.41,
Uttar Pradesh - 2025,09-Apr 12pm,16901.66,
Uttar Pradesh - 2025,09-Apr 1pm,16275.37,
Uttar Pradesh - 2025,09-Apr 2pm,16346.67,
Uttar Pradesh - 2025,09-Apr 3pm,15625.75,
Uttar Pradesh - 2025,09-Apr 4pm,15052.18,
Uttar Pradesh - 2025,09-Apr 5pm,16769.61,
Uttar Pradesh - 2025,09-Apr 6pm,19163.98,
Uttar Pradesh - 2025,09-Apr 7pm,22075.97,
Uttar Pradesh - 2025,09-Apr 8pm,22995.39,
Uttar Pradesh - 2025,09-Apr 9pm,24131.83,
Uttar Pradesh - 2025,09-Apr 10pm,23825.97,
Uttar Pradesh - 2025,09-Apr 11pm,22935.84,
Uttar Pradesh - 2025,10-Apr 12am,21986.55,
Uttar Pradesh - 2025,10-Apr 1am,20678.84,
Uttar Pradesh - 2025,10-Apr 2am,19247.78,
Uttar Pradesh - 2025,10-Apr 3am,17868.75,
Uttar Pradesh - 2025,10-Apr 4am,16965.92,
Uttar Pradesh - 2025,10-Apr 5am,16861.87,
Uttar Pradesh - 2025,10-Apr 6am,16284.2,
Uttar Pradesh - 2025,10-Apr 7am,13880.25,
Uttar Pradesh - 2025,10-Apr 8am,13500.38,
Uttar Pradesh - 2025,10-Apr 9am,13640.35,
Uttar Pradesh - 2025,10-Apr 10am,14253.62,
Uttar Pradesh - 2025,10-Apr 11am,13331.84,
Uttar Pradesh - 2025,10-Apr 12pm,12552.28,
Uttar Pradesh - 2025,10-Apr 1pm,12035.81,
Uttar Pradesh - 2025,10-Apr 2pm,11943.27,
Uttar Pradesh - 2025,10-Apr 3pm,12339.21,
Uttar Pradesh - 2025,10-Apr 4pm,12418.44,
Uttar Pradesh - 2025,10-Apr 5pm,13853.59,
Uttar Pradesh - 2025,10-Apr 6pm,13511.15,
Uttar Pradesh - 2025,10-Apr 7pm,17118.01,
Uttar Pradesh - 2025,10-Apr 8pm,18635.59,
Uttar Pradesh - 2025,10-Apr 9pm,18135.49,
Uttar Pradesh - 2025,10-Apr 10pm,17907.89,
Uttar Pradesh - 2025,10-Apr 11pm,17787.03,
Uttar Pradesh - 2025,11-Apr 12am,17353.67,
Uttar Pradesh - 2025,11-Apr 1am,16904.81,
Uttar Pradesh - 2025,11-Apr 2am,16448.57,
Uttar Pradesh - 2025,11-Apr 3am,15874.6,
Uttar Pradesh - 2025,11-Apr 4am,15581.32,
Uttar Pradesh - 2025,11-Apr 5am,15568.79,
Uttar Pradesh - 2025,11-Apr 6am,15555.28,
Uttar Pradesh - 2025,11-Apr 7am,14139.64,
Uttar Pradesh - 2025,11-Apr 8am,13619.9,
Uttar Pradesh - 2025,11-Apr 9am,13737.04,
Uttar Pradesh - 2025,11-Apr 10am,15520.24,
Uttar Pradesh - 2025,11-Apr 11am,15449.55,
Uttar Pradesh - 2025,11-Apr 12pm,13423.72,
Uttar Pradesh - 2025,11-Apr 1pm,12661.97,
Uttar Pradesh - 2025,11-Apr 2pm,13271.94,
Uttar Pradesh - 2025,11-Apr 3pm,14119.54,
Uttar Pradesh - 2025,11-Apr 4pm,13375.28,
Uttar Pradesh - 2025,11-Apr 5pm,14130.98,
Uttar Pradesh - 2025,11-Apr 6pm,16019.06,
Uttar Pradesh - 2025,11-Apr 7pm,18260.02,
Uttar Pradesh - 2025,11-Apr 8pm,17299.08,
Uttar Pradesh - 2025,11-Apr 9pm,15667.33,
Uttar Pradesh - 2025,11-Apr 10pm,15528.95,
Uttar Pradesh - 2025,11-Apr 11pm,15363.28,
Uttar Pradesh - 2025,12-Apr 12am,14477.87,
Uttar Pradesh - 2025,12-Apr 1am,13806.55,
Uttar Pradesh - 2025,12-Apr 2am,13650.39,
Uttar Pradesh - 2025,12-Apr 3am,13299.73,
Uttar Pradesh - 2025,12-Apr 4am,13155.75,
Uttar Pradesh - 2025,12-Apr 5am,12837.9,
Uttar Pradesh - 2025,12-Apr 6am,12841.42,
Uttar Pradesh - 2025,12-Apr 7am,11987.33,
Uttar Pradesh - 2025,12-Apr 8am,11620.48,
Uttar Pradesh - 2025,12-Apr 9am,12814.31,
Uttar Pradesh - 2025,12-Apr 10am,13249.07,
Uttar Pradesh - 2025,12-Apr 11am,13361.96,
Uttar Pradesh - 2025,12-Apr 12pm,11856.67,
Uttar Pradesh - 2025,12-Apr 1pm,12344.2,
Uttar Pradesh - 2025,12-Apr 2pm,12688.04,
Uttar Pradesh - 2025,12-Apr 3pm,12776.91,
Uttar Pradesh - 2025,12-Apr 4pm,13166.1,
Uttar Pradesh - 2025,12-Apr 5pm,14283.94,
Uttar Pradesh - 2025,12-Apr 6pm,16446.66,
Uttar Pradesh - 2025,12-Apr 7pm,17035.87,
Uttar Pradesh - 2025,12-Apr 8pm,21167.3,
Uttar Pradesh - 2025,12-Apr 9pm,21394.83,
Uttar Pradesh - 2025,12-Apr 10pm,21127.58,
Uttar Pradesh - 2025,12-Apr 11pm,20878.82,
Uttar Pradesh - 2025,13-Apr 12am,20135.88,
Uttar Pradesh - 2025,13-Apr 1am,19243.76,
Uttar Pradesh - 2025,13-Apr 2am,18282.59,
Uttar Pradesh - 2025,13-Apr 3am,17288.12,
Uttar Pradesh - 2025,13-Apr 4am,16314.45,
Uttar Pradesh - 2025,13-Apr 5am,15757.22,
Uttar Pradesh - 2025,13-Apr 6am,14499.08,
Uttar Pradesh - 2025,13-Apr 7am,13131.82,
Uttar Pradesh - 2025,13-Apr 8am,12333.29,
Uttar Pradesh - 2025,13-Apr 9am,12644.59,
Uttar Pradesh - 2025,13-Apr 10am,12928.91,
Uttar Pradesh - 2025,13-Apr 11am,12380.9,
Uttar Pradesh - 2025,13-Apr 12pm,12572.16,
Uttar Pradesh - 2025,13-Apr 1pm,12650.08,
Uttar Pradesh - 2025,13-Apr 2pm,12340.48,
Uttar Pradesh - 2025,13-Apr 3pm,12128.37,
Uttar Pradesh - 2025,13-Apr 4pm,11161.9,
Uttar Pradesh - 2025,13-Apr 5pm,11932.21,
Uttar Pradesh - 2025,13-Apr 6pm,12630.89,
Uttar Pradesh - 2025,13-Apr 7pm,16868.03,
Uttar Pradesh - 2025,13-Apr 8pm,19698.67,
Uttar Pradesh - 2025,13-Apr 9pm,19773.46,
Uttar Pradesh - 2025,13-Apr 10pm,19801.67,
Uttar Pradesh - 2025,13-Apr 11pm,19638.15,
Uttar Pradesh - 2025,14-Apr 12am,19054.37,
Uttar Pradesh - 2025,14-Apr 1am,18268.71,
Uttar Pradesh - 2025,14-Apr 2am,17739.58,
Uttar Pradesh - 2025,14-Apr 3am,17025.48,
Uttar Pradesh - 2025,14-Apr 4am,16725.06,
Uttar Pradesh - 2025,14-Apr 5am,16670.01,
Uttar Pradesh - 2025,14-Apr 6am,15639.45,
Uttar Pradesh - 2025,14-Apr 7am,14056.91,
Uttar Pradesh - 2025,14-Apr 8am,13077.45,
Uttar Pradesh - 2025,14-Apr 9am,13836.47,
Uttar Pradesh - 2025,14-Apr 10am,16169.23,
Uttar Pradesh - 2025,14-Apr 11am,15796.43,
Uttar Pradesh - 2025,14-Apr 12pm,14540.44,
Uttar Pradesh - 2025,14-Apr 1pm,13734.07,
Uttar Pradesh - 2025,14-Apr 2pm,13020.97,
Uttar Pradesh - 2025,14-Apr 3pm,13326.86,
Uttar Pradesh - 2025,14-Apr 4pm,13612.92,
Uttar Pradesh - 2025,14-Apr 5pm,15049.2,
Uttar Pradesh - 2025,14-Apr 6pm,16717.5,
Uttar Pradesh - 2025,14-Apr 7pm,20399.84,
Uttar Pradesh - 2025,14-Apr 8pm,22058.16,
Uttar Pradesh - 2025,14-Apr 9pm,21813.88,
Uttar Pradesh - 2025,14-Apr 10pm,21709.21,
Uttar Pradesh - 2025,14-Apr 11pm,21454.79,
Uttar Pradesh - 2025,15-Apr 12am,20885.34,
Uttar Pradesh - 2025,15-Apr 1am,20293.06,
Uttar Pradesh - 2025,15-Apr 2am,19544.41,
Uttar Pradesh - 2025,15-Apr 3am,18984.72,
Uttar Pradesh - 2025,15-Apr 4am,18684.96,
Uttar Pradesh - 2025,15-Apr 5am,18583.23,
Uttar Pradesh - 2025,15-Apr 6am,17729.55,
Uttar Pradesh - 2025,15-Apr 7am,16160.72,
Uttar Pradesh - 2025,15-Apr 8am,15232.46,
Uttar Pradesh - 2025,15-Apr 9am,15965.04,
Uttar Pradesh - 2025,15-Apr 10am,16816.82,
Uttar Pradesh - 2025,15-Apr 11am,16371.21,
Uttar Pradesh - 2025,15-Apr 12pm,14892.02,
Uttar Pradesh - 2025,15-Apr 1pm,14211.21,
Uttar Pradesh - 2025,15-Apr 2pm,12674.98,
Uttar Pradesh - 2025,15-Apr 3pm,13757.63,
Uttar Pradesh - 2025,15-Apr 4pm,13831.18,
Uttar Pradesh - 2025,15-Apr 5pm,16666.5,
Uttar Pradesh - 2025,15-Apr 6pm,18592.06,
Uttar Pradesh - 2025,15-Apr 7pm,21996.28,
Uttar Pradesh - 2025,15-Apr 8pm,23615.2,
Uttar Pradesh - 2025,15-Apr 9pm,23481.29,
Uttar Pradesh - 2025,15-Apr 10pm,23283.23,
Uttar Pradesh - 2025,15-Apr 11pm,22941.76,
Uttar Pradesh - 2025,16-Apr 12am,22320.04,
Uttar Pradesh - 2025,16-Apr 1am,21425.38,
Uttar Pradesh - 2025,16-Apr 2am,20702.79,
Uttar Pradesh - 2025,16-Apr 3am,20067.21,
Uttar Pradesh - 2025,16-Apr 4am,19720.85,
Uttar Pradesh - 2025,16-Apr 5am,19781.26,
Uttar Pradesh - 2025,16-Apr 6am,18834.61,
Uttar Pradesh - 2025,16-Apr 7am,16803.59,
Uttar Pradesh - 2025,16-Apr 8am,15693.6,
Uttar Pradesh - 2025,16-Apr 9am,17075.97,
Uttar Pradesh - 2025,16-Apr 10am,17854.37,
Uttar Pradesh - 2025,16-Apr 11am,17586.55,
Uttar Pradesh - 2025,16-Apr 12pm,16072.58,
Uttar Pradesh - 2025,16-Apr 1pm,15313.24,
Uttar Pradesh - 2025,16-Apr 2pm,15034.69,
Uttar Pradesh - 2025,16-Apr 3pm,14823.95,
Uttar Pradesh - 2025,16-Apr 4pm,15163.13,
Uttar Pradesh - 2025,16-Apr 5pm,16862.68,
Uttar Pradesh - 2025,16-Apr 6pm,19047.98,
Uttar Pradesh - 2025,16-Apr 7pm,22062.02,
Uttar Pradesh - 2025,16-Apr 8pm,24227.09,
Uttar Pradesh - 2025,16-Apr 9pm,24451.72,
Uttar Pradesh - 2025,16-Apr 10pm,24306.21,
Uttar Pradesh - 2025,16-Apr 11pm,23796.31,
Uttar Pradesh - 2025,17-Apr 12am,23396.64,
Uttar Pradesh - 2025,17-Apr 1am,22370.58,
Uttar Pradesh - 2025,17-Apr 2am,21622.92,
Uttar Pradesh - 2025,17-Apr 3am,20833.71,
Uttar Pradesh - 2025,17-Apr 4am,20162.71,
Uttar Pradesh - 2025,17-Apr 5am,19358.05,
Uttar Pradesh - 2025,17-Apr 6am,18404.62,
Uttar Pradesh - 2025,17-Apr 7am,16756.45,
Uttar Pradesh - 2025,17-Apr 8am,15688.42,
Uttar Pradesh - 2025,17-Apr 9am,17176.25,
Uttar Pradesh - 2025,17-Apr 10am,18279.44,
Uttar Pradesh - 2025,17-Apr 11am,18078.63,
Uttar Pradesh - 2025,17-Apr 12pm,16812.73,
Uttar Pradesh - 2025,17-Apr 1pm,16619.11,
Uttar Pradesh - 2025,17-Apr 2pm,16758.31,
Uttar Pradesh - 2025,17-Apr 3pm,16351.07,
Uttar Pradesh - 2025,17-Apr 4pm,16387.32,
Uttar Pradesh - 2025,17-Apr 5pm,17594.19,
Uttar Pradesh - 2025,17-Apr 6pm,19047.2,
Uttar Pradesh - 2025,17-Apr 7pm,22360.93,
Uttar Pradesh - 2025,17-Apr 8pm,24102.46,
Uttar Pradesh - 2025,17-Apr 9pm,24061.9,
Uttar Pradesh - 2025,17-Apr 10pm,24177.73,
Uttar Pradesh - 2025,17-Apr 11pm,24092.75,
Uttar Pradesh - 2025,18-Apr 12am,23340.75,
Uttar Pradesh - 2025,18-Apr 1am,22553.9,
Uttar Pradesh - 2025,18-Apr 2am,21836.55,
Uttar Pradesh - 2025,18-Apr 3am,21218.89,
Uttar Pradesh - 2025,18-Apr 4am,20750,
Uttar Pradesh - 2025,18-Apr 5am,20499.51,
Uttar Pradesh - 2025,18-Apr 6am,19046.96,
Uttar Pradesh - 2025,18-Apr 7am,17604.76,
Uttar Pradesh - 2025,18-Apr 8am,16013.22,
Uttar Pradesh - 2025,18-Apr 9am,17960.44,
Uttar Pradesh - 2025,18-Apr 10am,19092.05,
Uttar Pradesh - 2025,18-Apr 11am,18336.02,
Uttar Pradesh - 2025,18-Apr 12pm,16796.38,
Uttar Pradesh - 2025,18-Apr 1pm,16382.56,
Uttar Pradesh - 2025,18-Apr 2pm,16277.87,
Uttar Pradesh - 2025,18-Apr 3pm,15517.71,
Uttar Pradesh - 2025,18-Apr 4pm,15736.13,
Uttar Pradesh - 2025,18-Apr 5pm,16769.21,
Uttar Pradesh - 2025,18-Apr 6pm,18647.86,
Uttar Pradesh - 2025,18-Apr 7pm,23440.15,
Uttar Pradesh - 2025,18-Apr 8pm,24473.34,
Uttar Pradesh - 2025,18-Apr 9pm,22738.95,
Uttar Pradesh - 2025,18-Apr 10pm,20550.79,
Uttar Pradesh - 2025,18-Apr 11pm,20278.52,
Uttar Pradesh - 2025,19-Apr 12am,19569.96,
Uttar Pradesh - 2025,19-Apr 1am,18963.98,
Uttar Pradesh - 2025,19-Apr 2am,18434.74,
Uttar Pradesh - 2025,19-Apr 3am,17820.99,
Uttar Pradesh - 2025,19-Apr 4am,16713.47,
Uttar Pradesh - 2025,19-Apr 5am,16154.17,
Uttar Pradesh - 2025,19-Apr 6am,14648.56,
Uttar Pradesh - 2025,19-Apr 7am,13818.68,
Uttar Pradesh - 2025,19-Apr 8am,14277.36,
Uttar Pradesh - 2025,19-Apr 9am,15144.47,
Uttar Pradesh - 2025,19-Apr 10am,16310.7,
Uttar Pradesh - 2025,19-Apr 11am,16611.38,
Uttar Pradesh - 2025,19-Apr 12pm,15023.76,
Uttar Pradesh - 2025,19-Apr 1pm,15475.06,
Uttar Pradesh - 2025,19-Apr 2pm,14099.73,
Uttar Pradesh - 2025,19-Apr 3pm,13894.33,
Uttar Pradesh - 2025,19-Apr 4pm,14374.17,
Uttar Pradesh - 2025,19-Apr 5pm,15359.23,
Uttar Pradesh - 2025,19-Apr 6pm,18357.2,
Uttar Pradesh - 2025,19-Apr 7pm,22262.46,
Uttar Pradesh - 2025,19-Apr 8pm,24114.88,
Uttar Pradesh - 2025,19-Apr 9pm,24377.98,
Uttar Pradesh - 2025,19-Apr 10pm,24281.24,
Uttar Pradesh - 2025,19-Apr 11pm,24068.86,
Uttar Pradesh - 2025,20-Apr 12am,23594.21,
Uttar Pradesh - 2025,20-Apr 1am,23034.73,
Uttar Pradesh - 2025,20-Apr 2am,22174.06,
Uttar Pradesh - 2025,20-Apr 3am,21480.1,
Uttar Pradesh - 2025,20-Apr 4am,20952.37,
Uttar Pradesh - 2025,20-Apr 5am,20336.26,
Uttar Pradesh - 2025,20-Apr 6am,18789.25,
Uttar Pradesh - 2025,20-Apr 7am,16718.7,
Uttar Pradesh - 2025,20-Apr 8am,16599.95,
Uttar Pradesh - 2025,20-Apr 9am,16702.41,
Uttar Pradesh - 2025,20-Apr 10am,16924.84,
Uttar Pradesh - 2025,20-Apr 11am,17340.82,
Uttar Pradesh - 2025,20-Apr 12pm,16000.21,
Uttar Pradesh - 2025,20-Apr 1pm,15858.57,
Uttar Pradesh - 2025,20-Apr 2pm,15789.02,
Uttar Pradesh - 2025,20-Apr 3pm,16119.01,
Uttar Pradesh - 2025,20-Apr 4pm,15863.95,
Uttar Pradesh - 2025,20-Apr 5pm,17451.08,
Uttar Pradesh - 2025,20-Apr 6pm,19144.07,
Uttar Pradesh - 2025,20-Apr 7pm,22832.41,
Uttar Pradesh - 2025,20-Apr 8pm,24524.84,
Uttar Pradesh - 2025,20-Apr 9pm,24849.42,
Uttar Pradesh - 2025,20-Apr 10pm,24856.19,
Uttar Pradesh - 2025,20-Apr 11pm,23966.11,
Uttar Pradesh - 2025,21-Apr 12am,24289.21,
Uttar Pradesh - 2025,21-Apr 1am,23806.24,
Uttar Pradesh - 2025,21-Apr 2am,22921.66,
Uttar Pradesh - 2025,21-Apr 3am,22355.44,
Uttar Pradesh - 2025,21-Apr 4am,22095.06,
Uttar Pradesh - 2025,21-Apr 5am,21463.57,
Uttar Pradesh - 2025,21-Apr 6am,20029.96,
Uttar Pradesh - 2025,21-Apr 7am,18062.61,
Uttar Pradesh - 2025,21-Apr 8am,17371.13,
Uttar Pradesh - 2025,21-Apr 9am,18382.6,
Uttar Pradesh - 2025,21-Apr 10am,20029.68,
Uttar Pradesh - 2025,21-Apr 11am,20704.63,
Uttar Pradesh - 2025,21-Apr 12pm,20685.63,
Uttar Pradesh - 2025,21-Apr 1pm,19831.57,
Uttar Pradesh - 2025,21-Apr 2pm,19389.36,
Uttar Pradesh - 2025,21-Apr 3pm,18836.89,
Uttar Pradesh - 2025,21-Apr 4pm,18106.52,
Uttar Pradesh - 2025,21-Apr 5pm,18380.55,
Uttar Pradesh - 2025,21-Apr 6pm,18611.15,
Uttar Pradesh - 2025,21-Apr 7pm,22406.33,
Uttar Pradesh - 2025,21-Apr 8pm,23680.14,
Uttar Pradesh - 2025,21-Apr 9pm,23970.02,
Uttar Pradesh - 2025,21-Apr 10pm,24186.35,
Uttar Pradesh - 2025,21-Apr 11pm,23940.11,
Uttar Pradesh - 2025,22-Apr 12am,23944.31,
Uttar Pradesh - 2025,22-Apr 1am,24850.72,
Uttar Pradesh - 2025,22-Apr 2am,23974.87,
Uttar Pradesh - 2025,22-Apr 3am,23126.85,
Uttar Pradesh - 2025,22-Apr 4am,22498.62,
Uttar Pradesh - 2025,22-Apr 5am,21874.68,
Uttar Pradesh - 2025,22-Apr 6am,20184.72,
Uttar Pradesh - 2025,22-Apr 7am,18568.4,
Uttar Pradesh - 2025,22-Apr 8am,17294.61,
Uttar Pradesh - 2025,22-Apr 9am,19050.93,
Uttar Pradesh - 2025,22-Apr 10am,20740.46,
Uttar Pradesh - 2025,22-Apr 11am,20874.03,
Uttar Pradesh - 2025,22-Apr 12pm,19335.82,
Uttar Pradesh - 2025,22-Apr 1pm,18068.33,
Uttar Pradesh - 2025,22-Apr 2pm,17277,
Uttar Pradesh - 2025,22-Apr 3pm,16297.64,
Uttar Pradesh - 2025,22-Apr 4pm,15795.11,
Uttar Pradesh - 2025,22-Apr 5pm,17013.79,
Uttar Pradesh - 2025,22-Apr 6pm,19258.87,
Uttar Pradesh - 2025,22-Apr 7pm,23402.17,
Uttar Pradesh - 2025,22-Apr 8pm,25254.78,
Uttar Pradesh - 2025,22-Apr 9pm,24960.53,
Uttar Pradesh - 2025,22-Apr 10pm,25159.8,
Uttar Pradesh - 2025,22-Apr 11pm,25426.32,
Uttar Pradesh - 2025,23-Apr 12am,25082.04,
Uttar Pradesh - 2025,23-Apr 1am,24538.18,
Uttar Pradesh - 2025,23-Apr 2am,23425.27,
Uttar Pradesh - 2025,23-Apr 3am,22516.73,
Uttar Pradesh - 2025,23-Apr 4am,21924.31,
Uttar Pradesh - 2025,23-Apr 5am,21658.29,
Uttar Pradesh - 2025,23-Apr 6am,19550.98,
Uttar Pradesh - 2025,23-Apr 7am,17372.47,
Uttar Pradesh - 2025,23-Apr 8am,17285.47,
Uttar Pradesh - 2025,23-Apr 9am,19425.94,
Uttar Pradesh - 2025,23-Apr 10am,20608.36,
Uttar Pradesh - 2025,23-Apr 11am,19275.57,
Uttar Pradesh - 2025,23-Apr 12pm,16073.5,
Uttar Pradesh - 2025,23-Apr 1pm,14216.68,
Uttar Pradesh - 2025,23-Apr 2pm,14281.75,
Uttar Pradesh - 2025,23-Apr 3pm,14522.57,
Uttar Pradesh - 2025,23-Apr 4pm,14947.53,
Uttar Pradesh - 2025,23-Apr 5pm,18665.67,
Uttar Pradesh - 2025,23-Apr 6pm,19810.27,
Uttar Pradesh - 2025,23-Apr 7pm,23256.7,
Uttar Pradesh - 2025,23-Apr 8pm,25026.13,
Uttar Pradesh - 2025,23-Apr 9pm,24664.66,
Uttar Pradesh - 2025,23-Apr 10pm,25251.55,
Uttar Pradesh - 2025,23-Apr 11pm,24716.18,
Uttar Pradesh - 2025,24-Apr 12am,24166.79,
Uttar Pradesh - 2025,24-Apr 1am,24390.75,
Uttar Pradesh - 2025,24-Apr 2am,23532.23,
Uttar Pradesh - 2025,24-Apr 3am,22539.39,
Uttar Pradesh - 2025,24-Apr 4am,21761.95,
Uttar Pradesh - 2025,24-Apr 5am,21189.09,
Uttar Pradesh - 2025,24-Apr 6am,19890.73,
Uttar Pradesh - 2025,24-Apr 7am,18036.02,
Uttar Pradesh - 2025,24-Apr 8am,17034.98,
Uttar Pradesh - 2025,24-Apr 9am,17999.11,
Uttar Pradesh - 2025,24-Apr 10am,19685.32,
Uttar Pradesh - 2025,24-Apr 11am,19481.48,
Uttar Pradesh - 2025,24-Apr 12pm,16105.59,
Uttar Pradesh - 2025,24-Apr 1pm,15503.17,
Uttar Pradesh - 2025,24-Apr 2pm,16044.03,
Uttar Pradesh - 2025,24-Apr 3pm,16635.74,
Uttar Pradesh - 2025,24-Apr 4pm,16787.97,
Uttar Pradesh - 2025,24-Apr 5pm,19167.27,
Uttar Pradesh - 2025,24-Apr 6pm,19651.91,
Uttar Pradesh - 2025,24-Apr 7pm,23410.42,
Uttar Pradesh - 2025,24-Apr 8pm,24559.78,
Uttar Pradesh - 2025,24-Apr 9pm,24654.41,
Uttar Pradesh - 2025,24-Apr 10pm,24769.49,
Uttar Pradesh - 2025,24-Apr 11pm,24065.79,
Uttar Pradesh - 2025,25-Apr 12am,24819.99,
Uttar Pradesh - 2025,25-Apr 1am,23943.42,
Uttar Pradesh - 2025,25-Apr 2am,23953.27,
Uttar Pradesh - 2025,25-Apr 3am,22939.12,
Uttar Pradesh - 2025,25-Apr 4am,22180.38,
Uttar Pradesh - 2025,25-Apr 5am,21919.92,
Uttar Pradesh - 2025,25-Apr 6am,20384.14,
Uttar Pradesh - 2025,25-Apr 7am,18837.13,
Uttar Pradesh - 2025,25-Apr 8am,17108.42,
Uttar Pradesh - 2025,25-Apr 9am,17783.63,
Uttar Pradesh - 2025,25-Apr 10am,20510.13,
Uttar Pradesh - 2025,25-Apr 11am,21464.58,
Uttar Pradesh - 2025,25-Apr 12pm,18751.6,
Uttar Pradesh - 2025,25-Apr 1pm,19459.72,
Uttar Pradesh - 2025,25-Apr 2pm,19094.73,
Uttar Pradesh - 2025,25-Apr 3pm,18626.19,
Uttar Pradesh - 2025,25-Apr 4pm,17851.11,
Uttar Pradesh - 2025,25-Apr 5pm,18561.55,
Uttar Pradesh - 2025,25-Apr 6pm,20194.84,
Uttar Pradesh - 2025,25-Apr 7pm,24189.46,
Uttar Pradesh - 2025,25-Apr 8pm,24480.43,
Uttar Pradesh - 2025,25-Apr 9pm,25291.51,
Uttar Pradesh - 2025,25-Apr 10pm,26049.21,
Uttar Pradesh - 2025,25-Apr 11pm,24972.49,
Uttar Pradesh - 2025,26-Apr 12am,25538.5,
Uttar Pradesh - 2025,26-Apr 1am,24896.31,
Uttar Pradesh - 2025,26-Apr 2am,24235.22,
Uttar Pradesh - 2025,26-Apr 3am,23433.98,
Uttar Pradesh - 2025,26-Apr 4am,22515.61,
Uttar Pradesh - 2025,26-Apr 5am,22190.13,
Uttar Pradesh - 2025,26-Apr 6am,20596.11,
Uttar Pradesh - 2025,26-Apr 7am,18442.67,
Uttar Pradesh - 2025,26-Apr 8am,17429.78,
Uttar Pradesh - 2025,26-Apr 9am,18822.31,
Uttar Pradesh - 2025,26-Apr 10am,21460.46,
Uttar Pradesh - 2025,26-Apr 11am,20738.83,
Uttar Pradesh - 2025,26-Apr 12pm,18245.71,
Uttar Pradesh - 2025,26-Apr 1pm,18515.25,
Uttar Pradesh - 2025,26-Apr 2pm,18553.65,
Uttar Pradesh - 2025,26-Apr 3pm,19297.57,
Uttar Pradesh - 2025,26-Apr 4pm,18972.32,
Uttar Pradesh - 2025,26-Apr 5pm,19664.55,
Uttar Pradesh - 2025,26-Apr 6pm,19935.44,
Uttar Pradesh - 2025,26-Apr 7pm,23389.42,
Uttar Pradesh - 2025,26-Apr 8pm,24474.85,
Uttar Pradesh - 2025,26-Apr 9pm,24356.48,
Uttar Pradesh - 2025,26-Apr 10pm,24627.73,
Uttar Pradesh - 2025,26-Apr 11pm,23788.79,
Uttar Pradesh - 2025,27-Apr 12am,23856.07,
Uttar Pradesh - 2025,27-Apr 1am,23986.05,
Uttar Pradesh - 2025,27-Apr 2am,24072.37,
Uttar Pradesh - 2025,27-Apr 3am,23245.07,
Uttar Pradesh - 2025,27-Apr 4am,22854.39,
Uttar Pradesh - 2025,27-Apr 5am,22117.26,
Uttar Pradesh - 2025,27-Apr 6am,20093.63,
Uttar Pradesh - 2025,27-Apr 7am,18151.12,
Uttar Pradesh - 2025,27-Apr 8am,18155.79,
Uttar Pradesh - 2025,27-Apr 9am,17685.96,
Uttar Pradesh - 2025,27-Apr 10am,17915.89,
Uttar Pradesh - 2025,27-Apr 11am,18318.08,
Uttar Pradesh - 2025,27-Apr 12pm,17995.22,
Uttar Pradesh - 2025,27-Apr 1pm,18006.36,
Uttar Pradesh - 2025,27-Apr 2pm,17752.35,
Uttar Pradesh - 2025,27-Apr 3pm,16478.39,
Uttar Pradesh - 2025,27-Apr 4pm,16165.66,
Uttar Pradesh - 2025,27-Apr 5pm,18206.09,
Uttar Pradesh - 2025,27-Apr 6pm,19069.48,
Uttar Pradesh - 2025,27-Apr 7pm,21674.06,
Uttar Pradesh - 2025,27-Apr 8pm,23229.11,
Uttar Pradesh - 2025,27-Apr 9pm,22637.66,
Uttar Pradesh - 2025,27-Apr 10pm,23052.47,
Uttar Pradesh - 2025,27-Apr 11pm,22903.98,
Uttar Pradesh - 2025,28-Apr 12am,23341.66,
Uttar Pradesh - 2025,28-Apr 1am,22804.49,
Uttar Pradesh - 2025,28-Apr 2am,21894.57,
Uttar Pradesh - 2025,28-Apr 3am,21141.62,
Uttar Pradesh - 2025,28-Apr 4am,20687.51,
Uttar Pradesh - 2025,28-Apr 5am,20468.77,
Uttar Pradesh - 2025,28-Apr 6am,18572.42,
Uttar Pradesh - 2025,28-Apr 7am,17679.99,
Uttar Pradesh - 2025,28-Apr 8am,17262.17,
Uttar Pradesh - 2025,28-Apr 9am,17758.79,
Uttar Pradesh - 2025,28-Apr 10am,18834.8,
Uttar Pradesh - 2025,28-Apr 11am,19004.29,
Uttar Pradesh - 2025,28-Apr 12pm,17881,
Uttar Pradesh - 2025,28-Apr 1pm,18742.85,
Uttar Pradesh - 2025,28-Apr 2pm,18200.45,
Uttar Pradesh - 2025,28-Apr 3pm,17597.66,
Uttar Pradesh - 2025,28-Apr 4pm,16441.01,
Uttar Pradesh - 2025,28-Apr 5pm,17414.77,
Uttar Pradesh - 2025,28-Apr 6pm,18810.4,
Uttar Pradesh - 2025,28-Apr 7pm,22518.55,
Uttar Pradesh - 2025,28-Apr 8pm,24798.65,
Uttar Pradesh - 2025,28-Apr 9pm,25011.55,
Uttar Pradesh - 2025,28-Apr 10pm,25088.55,
Uttar Pradesh - 2025,28-Apr 11pm,24699.59,
Uttar Pradesh - 2025,29-Apr 12am,24143.58,
Uttar Pradesh - 2025,29-Apr 1am,23356.64,
Uttar Pradesh - 2025,29-Apr 2am,22339.77,
Uttar Pradesh - 2025,29-Apr 3am,21502.88,
Uttar Pradesh - 2025,29-Apr 4am,20928.59,
Uttar Pradesh - 2025,29-Apr 5am,20831.2,
Uttar Pradesh - 2025,29-Apr 6am,19709.29,
Uttar Pradesh - 2025,29-Apr 7am,17725.23,
Uttar Pradesh - 2025,29-Apr 8am,16730.86,
Uttar Pradesh - 2025,29-Apr 9am,16696.57,
Uttar Pradesh - 2025,29-Apr 10am,17707.94,
Uttar Pradesh - 2025,29-Apr 11am,17743.14,
Uttar Pradesh - 2025,29-Apr 12pm,16164.89,
Uttar Pradesh - 2025,29-Apr 1pm,15578.79,
Uttar Pradesh - 2025,29-Apr 2pm,16033.44,
Uttar Pradesh - 2025,29-Apr 3pm,16903.07,
Uttar Pradesh - 2025,29-Apr 4pm,16450.94,
Uttar Pradesh - 2025,29-Apr 5pm,17872.08,
Uttar Pradesh - 2025,29-Apr 6pm,18046.4,
Uttar Pradesh - 2025,29-Apr 7pm,23190.7,
Uttar Pradesh - 2025,29-Apr 8pm,25291.46,
Uttar Pradesh - 2025,29-Apr 9pm,25084.82,
Uttar Pradesh - 2025,29-Apr 10pm,25050.36,
Uttar Pradesh - 2025,29-Apr 11pm,24801.95,
Uttar Pradesh - 2025,30-Apr 12am,24650.02,
Uttar Pradesh - 2025,30-Apr 1am,23723.82,
Uttar Pradesh - 2025,30-Apr 2am,22927.7,
Uttar Pradesh - 2025,30-Apr 3am,22206.64,
Uttar Pradesh - 2025,30-Apr 4am,21783.64,
Uttar Pradesh - 2025,30-Apr 5am,21512.37,
Uttar Pradesh - 2025,30-Apr 6am,19723.93,
Uttar Pradesh - 2025,30-Apr 7am,18231.66,
Uttar Pradesh - 2025,30-Apr 8am,18621.47,
Uttar Pradesh - 2025,30-Apr 9am,18126.96,
Uttar Pradesh - 2025,30-Apr 10am,18412.44,
Uttar Pradesh - 2025,30-Apr 11am,18124.53,
Uttar Pradesh - 2025,30-Apr 12pm,18081.89,
Uttar Pradesh - 2025,30-Apr 1pm,17986.56,
Uttar Pradesh - 2025,30-Apr 2pm,17396.51,
Uttar Pradesh - 2025,30-Apr 3pm,17071,
Uttar Pradesh - 2025,30-Apr 4pm,17534.3,
Uttar Pradesh - 2025,30-Apr 5pm,19591.33,
Uttar Pradesh - 2025,30-Apr 6pm,21117.4,
Uttar Pradesh - 2025,30-Apr 7pm,22979.96,
Uttar Pradesh - 2025,30-Apr 8pm,25696.72,
Uttar Pradesh - 2025,30-Apr 9pm,25424.34,
Uttar Pradesh - 2025,30-Apr 10pm,25880.75,
Uttar Pradesh - 2025,30-Apr 11pm,25645.19,
Uttar Pradesh - 2025,01-May 12am,25136.68,
Uttar Pradesh - 2025,01-May 1am,24316.19,
Uttar Pradesh - 2025,01-May 2am,23579.53,
Uttar Pradesh - 2025,01-May 3am,22937.28,
Uttar Pradesh - 2025,01-May 4am,22420.56,
Uttar Pradesh - 2025,01-May 5am,22074.49,
Uttar Pradesh - 2025,01-May 6am,19829.57,
Uttar Pradesh - 2025,01-May 7am,18424.5,
Uttar Pradesh - 2025,01-May 8am,17463.89,
Uttar Pradesh - 2025,01-May 9am,18145.76,
Uttar Pradesh - 2025,01-May 10am,19268.45,
Uttar Pradesh - 2025,01-May 11am,19223.58,
Uttar Pradesh - 2025,01-May 12pm,18188.98,
Uttar Pradesh - 2025,01-May 1pm,17547.83,
Uttar Pradesh - 2025,01-May 2pm,16918.39,
Uttar Pradesh - 2025,01-May 3pm,17184.28,
Uttar Pradesh - 2025,01-May 4pm,17668.5,
Uttar Pradesh - 2025,01-May 5pm,18399.2,
Uttar Pradesh - 2025,01-May 6pm,19881.25,
Uttar Pradesh - 2025,01-May 7pm,22260.74,
Uttar Pradesh - 2025,01-May 8pm,25154.43,
Uttar Pradesh - 2025,01-May 9pm,25350.48,
Uttar Pradesh - 2025,01-May 10pm,25788.46,
Uttar Pradesh - 2025,01-May 11pm,25669.56,
Uttar Pradesh - 2025,02-May 12am,25200.97,
Uttar Pradesh - 2025,02-May 1am,24176.14,
Uttar Pradesh - 2025,02-May 2am,23207.94,
Uttar Pradesh - 2025,02-May 3am,22118.25,
Uttar Pradesh - 2025,02-May 4am,21411.5,
Uttar Pradesh - 2025,02-May 5am,20867.24,
Uttar Pradesh - 2025,02-May 6am,17401.73,
Uttar Pradesh - 2025,02-May 7am,15352.14,
Uttar Pradesh - 2025,02-May 8am,13148.25,
Uttar Pradesh - 2025,02-May 9am,12344.76,
Uttar Pradesh - 2025,02-May 10am,12887.72,
Uttar Pradesh - 2025,02-May 11am,14386.53,
Uttar Pradesh - 2025,02-May 12pm,14176.98,
Uttar Pradesh - 2025,02-May 1pm,14746.65,
Uttar Pradesh - 2025,02-May 2pm,14550.63,
Uttar Pradesh - 2025,02-May 3pm,13628.21,
Uttar Pradesh - 2025,02-May 4pm,14028.68,
Uttar Pradesh - 2025,02-May 5pm,15613.8,
Uttar Pradesh - 2025,02-May 6pm,18692.49,
Uttar Pradesh - 2025,02-May 7pm,22403.6,
Uttar Pradesh - 2025,02-May 8pm,24095.69,
Uttar Pradesh - 2025,02-May 9pm,23878.58,
Uttar Pradesh - 2025,02-May 10pm,24011.71,
Uttar Pradesh - 2025,02-May 11pm,23930.7,
Uttar Pradesh - 2025,03-May 12am,23383.69,
Uttar Pradesh - 2025,03-May 1am,22303.23,
Uttar Pradesh - 2025,03-May 2am,21641.16,
Uttar Pradesh - 2025,03-May 3am,20952.93,
Uttar Pradesh - 2025,03-May 4am,20430.82,
Uttar Pradesh - 2025,03-May 5am,20127.89,
Uttar Pradesh - 2025,03-May 6am,18838.21,
Uttar Pradesh - 2025,03-May 7am,16697.43,
Uttar Pradesh - 2025,03-May 8am,16404.27,
Uttar Pradesh - 2025,03-May 9am,16867.41,
Uttar Pradesh - 2025,03-May 10am,17633.7,
Uttar Pradesh - 2025,03-May 11am,17403.31,
Uttar Pradesh - 2025,03-May 12pm,17161.51,
Uttar Pradesh - 2025,03-May 1pm,17290.77,
Uttar Pradesh - 2025,03-May 2pm,16879.85,
Uttar Pradesh - 2025,03-May 3pm,16829.36,
Uttar Pradesh - 2025,03-May 4pm,14248.26,
Uttar Pradesh - 2025,03-May 5pm,17565.85,
Uttar Pradesh - 2025,03-May 6pm,18991.94,
Uttar Pradesh - 2025,03-May 7pm,21655.91,
Uttar Pradesh - 2025,03-May 8pm,24937.35,
Uttar Pradesh - 2025,03-May 9pm,24952.86,
Uttar Pradesh - 2025,03-May 10pm,25263.35,
Uttar Pradesh - 2025,03-May 11pm,25001.52,
Uttar Pradesh - 2025,04-May 12am,24379.88,
Uttar Pradesh - 2025,04-May 1am,23599.19,
Uttar Pradesh - 2025,04-May 2am,22676.06,
Uttar Pradesh - 2025,04-May 3am,21918.03,
Uttar Pradesh - 2025,04-May 4am,21314.61,
Uttar Pradesh - 2025,04-May 5am,20986.02,
Uttar Pradesh - 2025,04-May 6am,18870.95,
Uttar Pradesh - 2025,04-May 7am,17121.37,
Uttar Pradesh - 2025,04-May 8am,17050.95,
Uttar Pradesh - 2025,04-May 9am,17086.46,
Uttar Pradesh - 2025,04-May 10am,17645.16,
Uttar Pradesh - 2025,04-May 11am,17613.07,
Uttar Pradesh - 2025,04-May 12pm,17860.33,
Uttar Pradesh - 2025,04-May 1pm,17383.1,
Uttar Pradesh - 2025,04-May 2pm,16868,
Uttar Pradesh - 2025,04-May 3pm,16167.36,
Uttar Pradesh - 2025,04-May 4pm,14823.65,
Uttar Pradesh - 2025,04-May 5pm,16533.53,
Uttar Pradesh - 2025,04-May 6pm,15747.36,
Uttar Pradesh - 2025,04-May 7pm,19511.8,
Uttar Pradesh - 2025,04-May 8pm,22350.11,
Uttar Pradesh - 2025,04-May 9pm,22418.57,
Uttar Pradesh - 2025,04-May 10pm,22575.42,
Uttar Pradesh - 2025,04-May 11pm,22589.17,
Uttar Pradesh - 2025,05-May 12am,22276.32,
Uttar Pradesh - 2025,05-May 1am,21500.77,
Uttar Pradesh - 2025,05-May 2am,20633.96,
Uttar Pradesh - 2025,05-May 3am,19816.09,
Uttar Pradesh - 2025,05-May 4am,19059.33,
Uttar Pradesh - 2025,05-May 5am,18519.03,
Uttar Pradesh - 2025,05-May 6am,17237.84,
Uttar Pradesh - 2025,05-May 7am,14801.08,
Uttar Pradesh - 2025,05-May 8am,14735.2,
Uttar Pradesh - 2025,05-May 9am,15547.21,
Uttar Pradesh - 2025,05-May 10am,17302.93,
Uttar Pradesh - 2025,05-May 11am,18161.42,
Uttar Pradesh - 2025,05-May 12pm,16726.46,
Uttar Pradesh - 2025,05-May 1pm,16880.53,
Uttar Pradesh - 2025,05-May 2pm,16280.71,
Uttar Pradesh - 2025,05-May 3pm,16160.63,
Uttar Pradesh - 2025,05-May 4pm,14951.24,
Uttar Pradesh - 2025,05-May 5pm,15538.83,
Uttar Pradesh - 2025,05-May 6pm,16561.82,
Uttar Pradesh - 2025,05-May 7pm,18624.18,
Uttar Pradesh - 2025,05-May 8pm,20516.79,
Uttar Pradesh - 2025,05-May 9pm,20682.88,
Uttar Pradesh - 2025,05-May 10pm,20771.64,
Uttar Pradesh - 2025,05-May 11pm,20507.75,
Uttar Pradesh - 2025,06-May 12am,20134.36,
Uttar Pradesh - 2025,06-May 1am,19661.12,
Uttar Pradesh - 2025,06-May 2am,18995.2,
Uttar Pradesh - 2025,06-May 3am,18505.87,
Uttar Pradesh - 2025,06-May 4am,18032.97,
Uttar Pradesh - 2025,06-May 5am,17816.32,
Uttar Pradesh - 2025,06-May 6am,16604.21,
Uttar Pradesh - 2025,06-May 7am,15716.8,
Uttar Pradesh - 2025,06-May 8am,15239.37,
Uttar Pradesh - 2025,06-May 9am,16807.78,
Uttar Pradesh - 2025,06-May 10am,17129.38,
Uttar Pradesh - 2025,06-May 11am,16966.87,
Uttar Pradesh - 2025,06-May 12pm,16233.11,
Uttar Pradesh - 2025,06-May 1pm,16689.9,
Uttar Pradesh - 2025,06-May 2pm,16014.12,
Uttar Pradesh - 2025,06-May 3pm,15967.4,
Uttar Pradesh - 2025,06-May 4pm,15751.11,
Uttar Pradesh - 2025,06-May 5pm,16977.21,
Uttar Pradesh - 2025,06-May 6pm,18022.49,
Uttar Pradesh - 2025,06-May 7pm,21356.59,
Uttar Pradesh - 2025,06-May 8pm,24436.48,
Uttar Pradesh - 2025,06-May 9pm,24238.62,
Uttar Pradesh - 2025,06-May 10pm,24506.84,
Uttar Pradesh - 2025,06-May 11pm,24259.1,
Uttar Pradesh - 2025,07-May 12am,23645.54,
Uttar Pradesh - 2025,07-May 1am,22760.73,
Uttar Pradesh - 2025,07-May 2am,21896.87,
Uttar Pradesh - 2025,07-May 3am,21324.05,
Uttar Pradesh - 2025,07-May 4am,20723.94,
Uttar Pradesh - 2025,07-May 5am,20276.75,
Uttar Pradesh - 2025,07-May 6am,18718.62,
Uttar Pradesh - 2025,07-May 7am,16345.43,
Uttar Pradesh - 2025,07-May 8am,16774.25,
Uttar Pradesh - 2025,07-May 9am,16863.14,
Uttar Pradesh - 2025,07-May 10am,17865.78,
Uttar Pradesh - 2025,07-May 11am,18208.42,
Uttar Pradesh - 2025,07-May 12pm,18882.82,
Uttar Pradesh - 2025,07-May 1pm,18312.32,
Uttar Pradesh - 2025,07-May 2pm,17770.58,
Uttar Pradesh - 2025,07-May 3pm,17479.48,
Uttar Pradesh - 2025,07-May 4pm,16319.38,
Uttar Pradesh - 2025,07-May 5pm,17211.12,
Uttar Pradesh - 2025,07-May 6pm,17433.73,
Uttar Pradesh - 2025,07-May 7pm,22185.53,
Uttar Pradesh - 2025,07-May 8pm,23472.28,
Uttar Pradesh - 2025,07-May 9pm,24203.96,
Uttar Pradesh - 2025,07-May 10pm,24487.29,
Uttar Pradesh - 2025,07-May 11pm,24032.63,
Uttar Pradesh - 2025,08-May 12am,23026.09,
Uttar Pradesh - 2025,08-May 1am,22122.41,
Uttar Pradesh - 2025,08-May 2am,20939.22,
Uttar Pradesh - 2025,08-May 3am,20086.3,
Uttar Pradesh - 2025,08-May 4am,19659.95,
Uttar Pradesh - 2025,08-May 5am,18900.41,
Uttar Pradesh - 2025,08-May 6am,17544.1,
Uttar Pradesh - 2025,08-May 7am,16034.6,
Uttar Pradesh - 2025,08-May 8am,16542.18,
Uttar Pradesh - 2025,08-May 9am,16928.8,
Uttar Pradesh - 2025,08-May 10am,18261.04,
Uttar Pradesh - 2025,08-May 11am,18467.67,
Uttar Pradesh - 2025,08-May 12pm,19301.03,
Uttar Pradesh - 2025,08-May 1pm,19921.33,
Uttar Pradesh - 2025,08-May 2pm,19208.75,
Uttar Pradesh - 2025,08-May 3pm,18103.33,
Uttar Pradesh - 2025,08-May 4pm,16525.15,
Uttar Pradesh - 2025,08-May 5pm,17399.37,
Uttar Pradesh - 2025,08-May 6pm,17607.55,
Uttar Pradesh - 2025,08-May 7pm,22247.13,
Uttar Pradesh - 2025,08-May 8pm,24999.43,
Uttar Pradesh - 2025,08-May 9pm,25527.77,
Uttar Pradesh - 2025,08-May 10pm,25701.86,
Uttar Pradesh - 2025,08-May 11pm,25577.51,
Uttar Pradesh - 2025,09-May 12am,25078.04,
Uttar Pradesh - 2025,09-May 1am,24533.33,
Uttar Pradesh - 2025,09-May 2am,23707.95,
Uttar Pradesh - 2025,09-May 3am,22930.27,
Uttar Pradesh - 2025,09-May 4am,22406.28,
Uttar Pradesh - 2025,09-May 5am,22024.36,
Uttar Pradesh - 2025,09-May 6am,19786.05,
Uttar Pradesh - 2025,09-May 7am,18248.54,
Uttar Pradesh - 2025,09-May 8am,17391.88,
Uttar Pradesh - 2025,09-May 9am,17260.92,
Uttar Pradesh - 2025,09-May 10am,19124.85,
Uttar Pradesh - 2025,09-May 11am,19915.34,
Uttar Pradesh - 2025,09-May 12pm,20419.96,
Uttar Pradesh - 2025,09-May 1pm,19836.13,
Uttar Pradesh - 2025,09-May 2pm,18693.88,
Uttar Pradesh - 2025,09-May 3pm,18387.31,
Uttar Pradesh - 2025,09-May 4pm,17654.49,
Uttar Pradesh - 2025,09-May 5pm,18248.89,
Uttar Pradesh - 2025,09-May 6pm,18805.15,
Uttar Pradesh - 2025,09-May 7pm,23185.77,
Uttar Pradesh - 2025,09-May 8pm,25550.58,
Uttar Pradesh - 2025,09-May 9pm,26220,
Uttar Pradesh - 2025,09-May 10pm,26648.71,
Uttar Pradesh - 2025,09-May 11pm,26533.42,
Uttar Pradesh - 2025,10-May 12am,26059.59,
Uttar Pradesh - 2025,10-May 1am,25411.47,
Uttar Pradesh - 2025,10-May 2am,24570,
Uttar Pradesh - 2025,10-May 3am,23843.12,
Uttar Pradesh - 2025,10-May 4am,23344.06,
Uttar Pradesh - 2025,10-May 5am,22772.57,
Uttar Pradesh - 2025,10-May 6am,20709.48,
Uttar Pradesh - 2025,10-May 7am,18582.56,
Uttar Pradesh - 2025,10-May 8am,18129.5,
Uttar Pradesh - 2025,10-May 9am,18695.87,
Uttar Pradesh - 2025,10-May 10am,20824.12,
Uttar Pradesh - 2025,10-May 11am,20705.64,
Uttar Pradesh - 2025,10-May 12pm,21144.57,
Uttar Pradesh - 2025,10-May 1pm,21335.74,
Uttar Pradesh - 2025,10-May 2pm,20846.04,
Uttar Pradesh - 2025,10-May 3pm,19482.23,
Uttar Pradesh - 2025,10-May 4pm,17971.94,
Uttar Pradesh - 2025,10-May 5pm,18100.12,
Uttar Pradesh - 2025,10-May 6pm,18603.37,
Uttar Pradesh - 2025,10-May 7pm,22628.97,
Uttar Pradesh - 2025,10-May 8pm,25710.84,
Uttar Pradesh - 2025,10-May 9pm,26491.97,
Uttar Pradesh - 2025,10-May 10pm,26762.74,
Uttar Pradesh - 2025,10-May 11pm,26588.14,
Uttar Pradesh - 2025,11-May 12am,26660.79,
Uttar Pradesh - 2025,11-May 1am,25865.11,
Uttar Pradesh - 2025,11-May 2am,25054.27,
Uttar Pradesh - 2025,11-May 3am,24390.34,
Uttar Pradesh - 2025,11-May 4am,23839.24,
Uttar Pradesh - 2025,11-May 5am,23172.21,
Uttar Pradesh - 2025,11-May 6am,20769.8,
Uttar Pradesh - 2025,11-May 7am,19173.61,
Uttar Pradesh - 2025,11-May 8am,18289.66,
Uttar Pradesh - 2025,11-May 9am,19203.78,
Uttar Pradesh - 2025,11-May 10am,20293.81,
Uttar Pradesh - 2025,11-May 11am,20452.02,
Uttar Pradesh - 2025,11-May 12pm,20731.04,
Uttar Pradesh - 2025,11-May 1pm,20651.43,
Uttar Pradesh - 2025,11-May 2pm,20043.63,
Uttar Pradesh - 2025,11-May 3pm,18021.01,
Uttar Pradesh - 2025,11-May 4pm,17282.17,
Uttar Pradesh - 2025,11-May 5pm,19001.96,
Uttar Pradesh - 2025,11-May 6pm,19789.63,
Uttar Pradesh - 2025,11-May 7pm,21129.12,
Uttar Pradesh - 2025,11-May 8pm,24247.29,
Uttar Pradesh - 2025,11-May 9pm,24010.34,
Uttar Pradesh - 2025,11-May 10pm,24529.38,
Uttar Pradesh - 2025,11-May 11pm,24313.96,
Uttar Pradesh - 2025,12-May 12am,25969.38,
Uttar Pradesh - 2025,12-May 1am,25219.27,
Uttar Pradesh - 2025,12-May 2am,24345.26,
Uttar Pradesh - 2025,12-May 3am,23695.78,
Uttar Pradesh - 2025,12-May 4am,23217.41,
Uttar Pradesh - 2025,12-May 5am,22648.08,
Uttar Pradesh - 2025,12-May 6am,20588.08,
Uttar Pradesh - 2025,12-May 7am,18716.13,
Uttar Pradesh - 2025,12-May 8am,18169.77,
Uttar Pradesh - 2025,12-May 9am,19206.84,
Uttar Pradesh - 2025,12-May 10am,21327.09,
Uttar Pradesh - 2025,12-May 11am,22522.76,
Uttar Pradesh - 2025,12-May 12pm,22240.98,
Uttar Pradesh - 2025,12-May 1pm,22128.29,
Uttar Pradesh - 2025,12-May 2pm,22053.71,
Uttar Pradesh - 2025,12-May 3pm,20982.26,
Uttar Pradesh - 2025,12-May 4pm,19386.95,
Uttar Pradesh - 2025,12-May 5pm,19645.47,
Uttar Pradesh - 2025,12-May 6pm,20375.64,
Uttar Pradesh - 2025,12-May 7pm,23596.11,
Uttar Pradesh - 2025,12-May 8pm,26174.16,
Uttar Pradesh - 2025,12-May 9pm,26441.45,
Uttar Pradesh - 2025,12-May 10pm,27321.72,
Uttar Pradesh - 2025,12-May 11pm,27663.43,
Uttar Pradesh - 2025,13-May 12am,27773.75,
Uttar Pradesh - 2025,13-May 1am,27052.56,
Uttar Pradesh - 2025,13-May 2am,26221.13,
Uttar Pradesh - 2025,13-May 3am,25458.23,
Uttar Pradesh - 2025,13-May 4am,24903.96,
Uttar Pradesh - 2025,13-May 5am,24314.05,
Uttar Pradesh - 2025,13-May 6am,21888.01,
Uttar Pradesh - 2025,13-May 7am,19701.74,
Uttar Pradesh - 2025,13-May 8am,19042.79,
Uttar Pradesh - 2025,13-May 9am,20320.2,
Uttar Pradesh - 2025,13-May 10am,22284.3,
Uttar Pradesh - 2025,13-May 11am,22832.69,
Uttar Pradesh - 2025,13-May 12pm,22694.62,
Uttar Pradesh - 2025,13-May 1pm,22252.66,
Uttar Pradesh - 2025,13-May 2pm,22373.61,
Uttar Pradesh - 2025,13-May 3pm,21590.01,
Uttar Pradesh - 2025,13-May 4pm,20256.09,
Uttar Pradesh - 2025,13-May 5pm,19653.68,
Uttar Pradesh - 2025,13-May 6pm,18735.33,
Uttar Pradesh - 2025,13-May 7pm,18909.64,
Uttar Pradesh - 2025,13-May 8pm,22520.45,
Uttar Pradesh - 2025,13-May 9pm,24596.96,
Uttar Pradesh - 2025,13-May 10pm,25689.78,
Uttar Pradesh - 2025,13-May 11pm,26134.59,
Uttar Pradesh - 2025,14-May 12am,26268.6,
Uttar Pradesh - 2025,14-May 1am,26234.66,
Uttar Pradesh - 2025,14-May 2am,25573.83,
Uttar Pradesh - 2025,14-May 3am,24853.34,
Uttar Pradesh - 2025,14-May 4am,24170.38,
Uttar Pradesh - 2025,14-May 5am,23534.46,
Uttar Pradesh - 2025,14-May 6am,21082.56,
Uttar Pradesh - 2025,14-May 7am,18693.75,
Uttar Pradesh - 2025,14-May 8am,18375.6,
Uttar Pradesh - 2025,14-May 9am,19940.46,
Uttar Pradesh - 2025,14-May 10am,21966.88,
Uttar Pradesh - 2025,14-May 11am,22343.89,
Uttar Pradesh - 2025,14-May 12pm,22327.93,
Uttar Pradesh - 2025,14-May 1pm,22707.24,
Uttar Pradesh - 2025,14-May 2pm,23005.02,
Uttar Pradesh - 2025,14-May 3pm,22408.97,
Uttar Pradesh - 2025,14-May 4pm,20600.83,
Uttar Pradesh - 2025,14-May 5pm,21009.46,
Uttar Pradesh - 2025,14-May 6pm,21921.6,
Uttar Pradesh - 2025,14-May 7pm,24828.33,
Uttar Pradesh - 2025,14-May 8pm,27537.88,
Uttar Pradesh - 2025,14-May 9pm,28157.46,
Uttar Pradesh - 2025,14-May 10pm,28076.96,
Uttar Pradesh - 2025,14-May 11pm,26741.05,
Uttar Pradesh - 2025,15-May 12am,26920.05,
Uttar Pradesh - 2025,15-May 1am,27088.08,
Uttar Pradesh - 2025,15-May 2am,27002.21,
Uttar Pradesh - 2025,15-May 3am,26547.17,
Uttar Pradesh - 2025,15-May 4am,25848.29,
Uttar Pradesh - 2025,15-May 5am,25285.55,
Uttar Pradesh - 2025,15-May 6am,23049.13,
Uttar Pradesh - 2025,15-May 7am,20558.47,
Uttar Pradesh - 2025,15-May 8am,20677.85,
Uttar Pradesh - 2025,15-May 9am,22621.24,
Uttar Pradesh - 2025,15-May 10am,23159.89,
Uttar Pradesh - 2025,15-May 11am,23401.44,
Uttar Pradesh - 2025,15-May 12pm,24415.59,
Uttar Pradesh - 2025,15-May 1pm,24473.03,
Uttar Pradesh - 2025,15-May 2pm,23462.21,
Uttar Pradesh - 2025,15-May 3pm,22705.41,
Uttar Pradesh - 2025,15-May 4pm,21344.16,
Uttar Pradesh - 2025,15-May 5pm,21168.93,
Uttar Pradesh - 2025,15-May 6pm,22529.77,
Uttar Pradesh - 2025,15-May 7pm,24027.45,
Uttar Pradesh - 2025,15-May 8pm,28008.97,
Uttar Pradesh - 2025,15-May 9pm,27724.09,
Uttar Pradesh - 2025,15-May 10pm,28352.31,
Uttar Pradesh - 2025,15-May 11pm,27510.14,
Uttar Pradesh - 2025,16-May 12am,27846.64,
Uttar Pradesh - 2025,16-May 1am,28132.43,
Uttar Pradesh - 2025,16-May 2am,27455.5,
Uttar Pradesh - 2025,16-May 3am,26882.17,
Uttar Pradesh - 2025,16-May 4am,26523.93,
Uttar Pradesh - 2025,16-May 5am,26029.14,
Uttar Pradesh - 2025,16-May 6am,23363.56,
Uttar Pradesh - 2025,16-May 7am,21121.05,
Uttar Pradesh - 2025,16-May 8am,20703.66,
Uttar Pradesh - 2025,16-May 9am,21604.59,
Uttar Pradesh - 2025,16-May 10am,23345.28,
Uttar Pradesh - 2025,16-May 11am,24051.24,
Uttar Pradesh - 2025,16-May 12pm,23828.79,
Uttar Pradesh - 2025,16-May 1pm,23732.36,
Uttar Pradesh - 2025,16-May 2pm,22815.18,
Uttar Pradesh - 2025,16-May 3pm,22066.91,
Uttar Pradesh - 2025,16-May 4pm,20612.69,
Uttar Pradesh - 2025,16-May 5pm,20537.23,
Uttar Pradesh - 2025,16-May 6pm,19789.5,
Uttar Pradesh - 2025,16-May 7pm,22000.04,
Uttar Pradesh - 2025,16-May 8pm,25168.32,
Uttar Pradesh - 2025,16-May 9pm,26857.78,
Uttar Pradesh - 2025,16-May 10pm,27691.46,
Uttar Pradesh - 2025,16-May 11pm,27794.02,
Uttar Pradesh - 2025,17-May 12am,27723.86,
Uttar Pradesh - 2025,17-May 1am,27195.58,
Uttar Pradesh - 2025,17-May 2am,26373.72,
Uttar Pradesh - 2025,17-May 3am,25256.02,
Uttar Pradesh - 2025,17-May 4am,24578.62,
Uttar Pradesh - 2025,17-May 5am,23778,
Uttar Pradesh - 2025,17-May 6am,21229.79,
Uttar Pradesh - 2025,17-May 7am,18377.67,
Uttar Pradesh - 2025,17-May 8am,18526.05,
Uttar Pradesh - 2025,17-May 9am,20167.33,
Uttar Pradesh - 2025,17-May 10am,21843.95,
Uttar Pradesh - 2025,17-May 11am,21522.63,
Uttar Pradesh - 2025,17-May 12pm,21419.42,
Uttar Pradesh - 2025,17-May 1pm,21266.08,
Uttar Pradesh - 2025,17-May 2pm,22289.36,
Uttar Pradesh - 2025,17-May 3pm,21898.46,
Uttar Pradesh - 2025,17-May 4pm,19745.84,
Uttar Pradesh - 2025,17-May 5pm,19427.22,
Uttar Pradesh - 2025,17-May 6pm,18096.11,
Uttar Pradesh - 2025,17-May 7pm,22113.8,
Uttar Pradesh - 2025,17-May 8pm,26810.95,
Uttar Pradesh - 2025,17-May 9pm,27362.8,
Uttar Pradesh - 2025,17-May 10pm,28316.39,
Uttar Pradesh - 2025,17-May 11pm,27867.17,
Uttar Pradesh - 2025,18-May 12am,28179.83,
Uttar Pradesh - 2025,18-May 1am,27490.53,
Uttar Pradesh - 2025,18-May 2am,26797.63,
Uttar Pradesh - 2025,18-May 3am,26053.24,
Uttar Pradesh - 2025,18-May 4am,25344.37,
Uttar Pradesh - 2025,18-May 5am,24599.81,
Uttar Pradesh - 2025,18-May 6am,22456.64,
Uttar Pradesh - 2025,18-May 7am,20346.33,
Uttar Pradesh - 2025,18-May 8am,20079.94,
Uttar Pradesh - 2025,18-May 9am,20822.05,
Uttar Pradesh - 2025,18-May 10am,21247.75,
Uttar Pradesh - 2025,18-May 11am,20370.26,
Uttar Pradesh - 2025,18-May 12pm,19657.09,
Uttar Pradesh - 2025,18-May 1pm,20833.13,
Uttar Pradesh - 2025,18-May 2pm,22211.61,
Uttar Pradesh - 2025,18-May 3pm,22442.38,
Uttar Pradesh - 2025,18-May 4pm,20317.49,
Uttar Pradesh - 2025,18-May 5pm,19517.41,
Uttar Pradesh - 2025,18-May 6pm,19574.04,
Uttar Pradesh - 2025,18-May 7pm,23819.66,
Uttar Pradesh - 2025,18-May 8pm,27899.05,
Uttar Pradesh - 2025,18-May 9pm,28118.08,
Uttar Pradesh - 2025,18-May 10pm,28758.76,
Uttar Pradesh - 2025,18-May 11pm,28916.68,
Uttar Pradesh - 2025,19-May 12am,28530.12,
Uttar Pradesh - 2025,19-May 1am,27689.89,
Uttar Pradesh - 2025,19-May 2am,27086.67,
Uttar Pradesh - 2025,19-May 3am,26075.29,
Uttar Pradesh - 2025,19-May 4am,25476.09,
Uttar Pradesh - 2025,19-May 5am,25026.72,
Uttar Pradesh - 2025,19-May 6am,22603.24,
Uttar Pradesh - 2025,19-May 7am,20440.73,
Uttar Pradesh - 2025,19-May 8am,20041.07,
Uttar Pradesh - 2025,19-May 9am,20019.52,
Uttar Pradesh - 2025,19-May 10am,21565.52,
Uttar Pradesh - 2025,19-May 11am,22291.09,
Uttar Pradesh - 2025,19-May 12pm,23168.11,
Uttar Pradesh - 2025,19-May 1pm,23987.59,
Uttar Pradesh - 2025,19-May 2pm,23210.35,
Uttar Pradesh - 2025,19-May 3pm,22862.88,
Uttar Pradesh - 2025,19-May 4pm,21747.17,
Uttar Pradesh - 2025,19-May 5pm,21955.72,
Uttar Pradesh - 2025,19-May 6pm,22568.38,
Uttar Pradesh - 2025,19-May 7pm,25251.9,
Uttar Pradesh - 2025,19-May 8pm,28937.52,
Uttar Pradesh - 2025,19-May 9pm,29196.65,
Uttar Pradesh - 2025,19-May 10pm,29360.99,
Uttar Pradesh - 2025,19-May 11pm,28709.31,
Uttar Pradesh - 2025,20-May 12am,28712.74,
Uttar Pradesh - 2025,20-May 1am,28063.5,
Uttar Pradesh - 2025,20-May 2am,27125.63,
Uttar Pradesh - 2025,20-May 3am,26192.32,
Uttar Pradesh - 2025,20-May 4am,25522.05,
Uttar Pradesh - 2025,20-May 5am,25085.29,
Uttar Pradesh - 2025,20-May 6am,22492.31,
Uttar Pradesh - 2025,20-May 7am,20363.03,
Uttar Pradesh - 2025,20-May 8am,19811.87,
Uttar Pradesh - 2025,20-May 9am,20559.45,
Uttar Pradesh - 2025,20-May 10am,22313.88,
Uttar Pradesh - 2025,20-May 11am,23136.86,
Uttar Pradesh - 2025,20-May 12pm,24175.29,
Uttar Pradesh - 2025,20-May 1pm,23574.45,
Uttar Pradesh - 2025,20-May 2pm,23805.76,
Uttar Pradesh - 2025,20-May 3pm,23345.03,
Uttar Pradesh - 2025,20-May 4pm,22190.7,
Uttar Pradesh - 2025,20-May 5pm,21783.04,
Uttar Pradesh - 2025,20-May 6pm,21680.19,
Uttar Pradesh - 2025,20-May 7pm,25050.85,
Uttar Pradesh - 2025,20-May 8pm,29070.18,
Uttar Pradesh - 2025,20-May 9pm,29448.49,
Uttar Pradesh - 2025,20-May 10pm,29596.35,
Uttar Pradesh - 2025,20-May 11pm,28948.52,
Uttar Pradesh - 2025,21-May 12am,29030.95,
Uttar Pradesh - 2025,21-May 1am,28459.21,
Uttar Pradesh - 2025,21-May 2am,27616.26,
Uttar Pradesh - 2025,21-May 3am,26526.86,
Uttar Pradesh - 2025,21-May 4am,26308.77,
Uttar Pradesh - 2025,21-May 5am,25247.99,
Uttar Pradesh - 2025,21-May 6am,22338.99,
Uttar Pradesh - 2025,21-May 7am,20577.34,
Uttar Pradesh - 2025,21-May 8am,20181.46,
Uttar Pradesh - 2025,21-May 9am,20140.34,
Uttar Pradesh - 2025,21-May 10am,20498.13,
Uttar Pradesh - 2025,21-May 11am,21539.06,
Uttar Pradesh - 2025,21-May 12pm,22831.93,
Uttar Pradesh - 2025,21-May 1pm,23178.41,
Uttar Pradesh - 2025,21-May 2pm,23812.63,
Uttar Pradesh - 2025,21-May 3pm,23629.96,
Uttar Pradesh - 2025,21-May 4pm,23178.63,
Uttar Pradesh - 2025,21-May 5pm,21828.43,
Uttar Pradesh - 2025,21-May 6pm,20863.87,
Uttar Pradesh - 2025,21-May 7pm,22901.29,
Uttar Pradesh - 2025,21-May 8pm,22638.73,
Uttar Pradesh - 2025,21-May 9pm,19036.85,
Uttar Pradesh - 2025,21-May 10pm,17762.39,
Uttar Pradesh - 2025,21-May 11pm,16701.02,
Uttar Pradesh - 2025,22-May 12am,16043.67,
Uttar Pradesh - 2025,22-May 1am,14091.85,
Uttar Pradesh - 2025,22-May 2am,13369.58,
Uttar Pradesh - 2025,22-May 3am,12949.17,
Uttar Pradesh - 2025,22-May 4am,11952.33,
Uttar Pradesh - 2025,22-May 5am,11877.16,
Uttar Pradesh - 2025,22-May 6am,11387.75,
Uttar Pradesh - 2025,22-May 7am,11267.66,
Uttar Pradesh - 2025,22-May 8am,11453.6,
Uttar Pradesh - 2025,22-May 9am,12341.07,
Uttar Pradesh - 2025,22-May 10am,13793.26,
Uttar Pradesh - 2025,22-May 11am,14766.59,
Uttar Pradesh - 2025,22-May 12pm,15532.7,
Uttar Pradesh - 2025,22-May 1pm,16066.13,
Uttar Pradesh - 2025,22-May 2pm,17058.78,
Uttar Pradesh - 2025,22-May 3pm,16418.39,
Uttar Pradesh - 2025,22-May 4pm,14781.58,
Uttar Pradesh - 2025,22-May 5pm,14667.75,
Uttar Pradesh - 2025,22-May 6pm,15755.54,
Uttar Pradesh - 2025,22-May 7pm,18938.98,
Uttar Pradesh - 2025,22-May 8pm,22842.8,
Uttar Pradesh - 2025,22-May 9pm,22653.76,
Uttar Pradesh - 2025,22-May 10pm,24270.54,
Uttar Pradesh - 2025,22-May 11pm,23976.61,
Uttar Pradesh - 2025,23-May 12am,24697.12,
Uttar Pradesh - 2025,23-May 1am,23829.76,
Uttar Pradesh - 2025,23-May 2am,22996.35,
Uttar Pradesh - 2025,23-May 3am,21929.31,
Uttar Pradesh - 2025,23-May 4am,21104.17,
Uttar Pradesh - 2025,23-May 5am,20121.5,
Uttar Pradesh - 2025,23-May 6am,17756.5,
Uttar Pradesh - 2025,23-May 7am,16276.34,
Uttar Pradesh - 2025,23-May 8am,16198.18,
Uttar Pradesh - 2025,23-May 9am,17245.85,
Uttar Pradesh - 2025,23-May 10am,17501.39,
Uttar Pradesh - 2025,23-May 11am,18418.75,
Uttar Pradesh - 2025,23-May 12pm,19093.46,
Uttar Pradesh - 2025,23-May 1pm,19975.43,
Uttar Pradesh - 2025,23-May 2pm,20629.03,
Uttar Pradesh - 2025,23-May 3pm,20443.88,
Uttar Pradesh - 2025,23-May 4pm,18946.44,
Uttar Pradesh - 2025,23-May 5pm,19000.83,
Uttar Pradesh - 2025,23-May 6pm,18367.42,
Uttar Pradesh - 2025,23-May 7pm,21973.78,
Uttar Pradesh - 2025,23-May 8pm,25797.29,
Uttar Pradesh - 2025,23-May 9pm,26317.55,
Uttar Pradesh - 2025,23-May 10pm,27082.73,
Uttar Pradesh - 2025,23-May 11pm,27201.52,
Uttar Pradesh - 2025,24-May 12am,27440.06,
Uttar Pradesh - 2025,24-May 1am,26530.64,
Uttar Pradesh - 2025,24-May 2am,25828.11,
Uttar Pradesh - 2025,24-May 3am,25101.42,
Uttar Pradesh - 2025,24-May 4am,24356.72,
Uttar Pradesh - 2025,24-May 5am,23231.37,
Uttar Pradesh - 2025,24-May 6am,20372.58,
Uttar Pradesh - 2025,24-May 7am,17980.76,
Uttar Pradesh - 2025,24-May 8am,18205.65,
Uttar Pradesh - 2025,24-May 9am,18683.63,
Uttar Pradesh - 2025,24-May 10am,18714.33,
Uttar Pradesh - 2025,24-May 11am,19468,
Uttar Pradesh - 2025,24-May 12pm,19311.58,
Uttar Pradesh - 2025,24-May 1pm,19955.54,
Uttar Pradesh - 2025,24-May 2pm,21364.3,
Uttar Pradesh - 2025,24-May 3pm,22026.3,
Uttar Pradesh - 2025,24-May 4pm,20571.05,
Uttar Pradesh - 2025,24-May 5pm,19958.69,
Uttar Pradesh - 2025,24-May 6pm,19898.95,
Uttar Pradesh - 2025,24-May 7pm,21445.87,
Uttar Pradesh - 2025,24-May 8pm,27035.89,
Uttar Pradesh - 2025,24-May 9pm,27901.51,
Uttar Pradesh - 2025,24-May 10pm,28538.46,
Uttar Pradesh - 2025,24-May 11pm,28230.94,
Uttar Pradesh - 2025,25-May 12am,28410.5,
Uttar Pradesh - 2025,25-May 1am,27255.58,
Uttar Pradesh - 2025,25-May 2am,24912.46,
Uttar Pradesh - 2025,25-May 3am,21609.81,
Uttar Pradesh - 2025,25-May 4am,19570.13,
Uttar Pradesh - 2025,25-May 5am,17975.09,
Uttar Pradesh - 2025,25-May 6am,15766.53,
Uttar Pradesh - 2025,25-May 7am,14559.43,
Uttar Pradesh - 2025,25-May 8am,14232.16,
Uttar Pradesh - 2025,25-May 9am,15177.5,
Uttar Pradesh - 2025,25-May 10am,16211.42,
Uttar Pradesh - 2025,25-May 11am,17435.93,
Uttar Pradesh - 2025,25-May 12pm,18027.13,
Uttar Pradesh - 2025,25-May 1pm,18221.43,
Uttar Pradesh - 2025,25-May 2pm,18138.33,
Uttar Pradesh - 2025,25-May 3pm,17772.21,
Uttar Pradesh - 2025,25-May 4pm,16753.59,
Uttar Pradesh - 2025,25-May 5pm,17038.82,
Uttar Pradesh - 2025,25-May 6pm,16930.36,
Uttar Pradesh - 2025,25-May 7pm,20983.32,
Uttar Pradesh - 2025,25-May 8pm,25180.99,
Uttar Pradesh - 2025,25-May 9pm,25964.61,
Uttar Pradesh - 2025,25-May 10pm,26420.69,
Uttar Pradesh - 2025,25-May 11pm,26356.82,
Uttar Pradesh - 2025,26-May 12am,26225.54,
Uttar Pradesh - 2025,26-May 1am,25347.61,
Uttar Pradesh - 2025,26-May 2am,24343.36,
Uttar Pradesh - 2025,26-May 3am,23371.43,
Uttar Pradesh - 2025,26-May 4am,22422,
Uttar Pradesh - 2025,26-May 5am,21432.97,
Uttar Pradesh - 2025,26-May 6am,18565.27,
Uttar Pradesh - 2025,26-May 7am,16163.1,
Uttar Pradesh - 2025,26-May 8am,16439.88,
Uttar Pradesh - 2025,26-May 9am,17372.48,
Uttar Pradesh - 2025,26-May 10am,17581.63,
Uttar Pradesh - 2025,26-May 11am,18928.18,
Uttar Pradesh - 2025,26-May 12pm,19254.43,
Uttar Pradesh - 2025,26-May 1pm,21099.12,
Uttar Pradesh - 2025,26-May 2pm,21463.16,
Uttar Pradesh - 2025,26-May 3pm,21569.21,
Uttar Pradesh - 2025,26-May 4pm,19861.55,
Uttar Pradesh - 2025,26-May 5pm,18829.39,
Uttar Pradesh - 2025,26-May 6pm,18703.58,
Uttar Pradesh - 2025,26-May 7pm,22020.28,
Uttar Pradesh - 2025,26-May 8pm,26491.89,
Uttar Pradesh - 2025,26-May 9pm,27223.26,
Uttar Pradesh - 2025,26-May 10pm,27508.04,
Uttar Pradesh - 2025,26-May 11pm,27696.21,
Uttar Pradesh - 2025,27-May 12am,27371.76,
Uttar Pradesh - 2025,27-May 1am,26393.96,
Uttar Pradesh - 2025,27-May 2am,25539.7,
Uttar Pradesh - 2025,27-May 3am,24598.61,
Uttar Pradesh - 2025,27-May 4am,23859.13,
Uttar Pradesh - 2025,27-May 5am,22849.52,
Uttar Pradesh - 2025,27-May 6am,20246.28,
Uttar Pradesh - 2025,27-May 7am,17578.1,
Uttar Pradesh - 2025,27-May 8am,17561.76,
Uttar Pradesh - 2025,27-May 9am,18595.28,
Uttar Pradesh - 2025,27-May 10am,20091.37,
Uttar Pradesh - 2025,27-May 11am,20866.93,
Uttar Pradesh - 2025,27-May 12pm,21738.59,
Uttar Pradesh - 2025,27-May 1pm,22839.13,
Uttar Pradesh - 2025,27-May 2pm,22326.66,
Uttar Pradesh - 2025,27-May 3pm,21616.54,
Uttar Pradesh - 2025,27-May 4pm,20745.48,
Uttar Pradesh - 2025,27-May 5pm,19773.37,
Uttar Pradesh - 2025,27-May 6pm,20688.42,
Uttar Pradesh - 2025,27-May 7pm,23928,
Uttar Pradesh - 2025,27-May 8pm,27649.32,
Uttar Pradesh - 2025,27-May 9pm,28509.16,
Uttar Pradesh - 2025,27-May 10pm,28895.4,
Uttar Pradesh - 2025,27-May 11pm,29017.58,
Uttar Pradesh - 2025,28-May 12am,28592.82,
Uttar Pradesh - 2025,28-May 1am,27658.03,
Uttar Pradesh - 2025,28-May 2am,26983.98,
Uttar Pradesh - 2025,28-May 3am,26213.66,
Uttar Pradesh - 2025,28-May 4am,25721.09,
Uttar Pradesh - 2025,28-May 5am,24592.63,
Uttar Pradesh - 2025,28-May 6am,21359.26,
Uttar Pradesh - 2025,28-May 7am,19161.76,
Uttar Pradesh - 2025,28-May 8am,18559.47,
Uttar Pradesh - 2025,28-May 9am,19886.1,
Uttar Pradesh - 2025,28-May 10am,21462.32,
Uttar Pradesh - 2025,28-May 11am,22834.7,
Uttar Pradesh - 2025,28-May 12pm,23344.9,
Uttar Pradesh - 2025,28-May 1pm,24335.33,
Uttar Pradesh - 2025,28-May 2pm,24033.65,
Uttar Pradesh - 2025,28-May 3pm,23101.44,
Uttar Pradesh - 2025,28-May 4pm,21610.27,
Uttar Pradesh - 2025,28-May 5pm,20315.06,
Uttar Pradesh - 2025,28-May 6pm,21238.32,
Uttar Pradesh - 2025,28-May 7pm,24535.42,
Uttar Pradesh - 2025,28-May 8pm,28120.39,
Uttar Pradesh - 2025,28-May 9pm,28367.02,
Uttar Pradesh - 2025,28-May 10pm,28902.58,
Uttar Pradesh - 2025,28-May 11pm,27765.47,
Uttar Pradesh - 2025,29-May 12am,27813.67,
Uttar Pradesh - 2025,29-May 1am,27969.73,
Uttar Pradesh - 2025,29-May 2am,27465.41,
Uttar Pradesh - 2025,29-May 3am,26644.66,
Uttar Pradesh - 2025,29-May 4am,26080.08,
Uttar Pradesh - 2025,29-May 5am,25326.91,
Uttar Pradesh - 2025,29-May 6am,22001.95,
Uttar Pradesh - 2025,29-May 7am,19125.26,
Uttar Pradesh - 2025,29-May 8am,19226.75,
Uttar Pradesh - 2025,29-May 9am,20314.79,
Uttar Pradesh - 2025,29-May 10am,22597.68,
Uttar Pradesh - 2025,29-May 11am,23775.55,
Uttar Pradesh - 2025,29-May 12pm,23322.73,
Uttar Pradesh - 2025,29-May 1pm,23197.84,
Uttar Pradesh - 2025,29-May 2pm,24120.7,
Uttar Pradesh - 2025,29-May 3pm,23716.39,
Uttar Pradesh - 2025,29-May 4pm,22760.35,
Uttar Pradesh - 2025,29-May 5pm,22028.56,
Uttar Pradesh - 2025,29-May 6pm,21132.59,
Uttar Pradesh - 2025,29-May 7pm,22546.44,
Uttar Pradesh - 2025,29-May 8pm,27141.25,
Uttar Pradesh - 2025,29-May 9pm,27468.42,
Uttar Pradesh - 2025,29-May 10pm,28495.35,
Uttar Pradesh - 2025,29-May 11pm,27839.78,
Uttar Pradesh - 2025,30-May 12am,28376.01,
Uttar Pradesh - 2025,30-May 1am,27728.81,
Uttar Pradesh - 2025,30-May 2am,26941.89,
Uttar Pradesh - 2025,30-May 3am,25922.63,
Uttar Pradesh - 2025,30-May 4am,25088.56,
Uttar Pradesh - 2025,30-May 5am,24023.93,
Uttar Pradesh - 2025,30-May 6am,20852.5,
Uttar Pradesh - 2025,30-May 7am,18757.64,
Uttar Pradesh - 2025,30-May 8am,17965.9,
Uttar Pradesh - 2025,30-May 9am,19871.62,
Uttar Pradesh - 2025,30-May 10am,22975.06,
Uttar Pradesh - 2025,30-May 11am,22805.5,
Uttar Pradesh - 2025,30-May 12pm,22545.2,
Uttar Pradesh - 2025,30-May 1pm,21721.77,
Uttar Pradesh - 2025,30-May 2pm,22457.75,
Uttar Pradesh - 2025,30-May 3pm,22109.46,
Uttar Pradesh - 2025,30-May 4pm,20640.93,
Uttar Pradesh - 2025,30-May 5pm,19320.7,
Uttar Pradesh - 2025,30-May 6pm,19944.38,
Uttar Pradesh - 2025,30-May 7pm,23413.71,
Uttar Pradesh - 2025,30-May 8pm,26996.65,
Uttar Pradesh - 2025,30-May 9pm,27376.08,
Uttar Pradesh - 2025,30-May 10pm,28257.53,
Uttar Pradesh - 2025,30-May 11pm,28519.19,
Uttar Pradesh - 2025,31-May 12am,28307.23,
Uttar Pradesh - 2025,31-May 1am,27705.49,
Uttar Pradesh - 2025,31-May 2am,26941.49,
Uttar Pradesh - 2025,31-May 3am,26277.36,
Uttar Pradesh - 2025,31-May 4am,25651.29,
Uttar Pradesh - 2025,31-May 5am,24636.5,
Uttar Pradesh - 2025,31-May 6am,21360.2,
Uttar Pradesh - 2025,31-May 7am,19009.67,
Uttar Pradesh - 2025,31-May 8am,18502.54,
Uttar Pradesh - 2025,31-May 9am,19421.09,
Uttar Pradesh - 2025,31-May 10am,21633.8,
Uttar Pradesh - 2025,31-May 11am,22849.26,
Uttar Pradesh - 2025,31-May 12pm,24038.44,
Uttar Pradesh - 2025,31-May 1pm,24308.56,
Uttar Pradesh - 2025,31-May 2pm,24102.77,
Uttar Pradesh - 2025,31-May 3pm,23732.14,
Uttar Pradesh - 2025,31-May 4pm,23794.29,
Uttar Pradesh - 2025,31-May 5pm,23796.74,
Uttar Pradesh - 2025,31-May 6pm,18772.17,
Uttar Pradesh - 2025,31-May 7pm,21661.55,
Uttar Pradesh - 2025,31-May 8pm,25614.69,
Uttar Pradesh - 2025,31-May 9pm,25381.42,
Uttar Pradesh - 2025,31-May 10pm,26895.12,
Uttar Pradesh - 2025,31-May 11pm,27670.52,
Uttar Pradesh - 2025,01-Jun 12am,27437.59,
Uttar Pradesh - 2025,01-Jun 1am,26678.02,
Uttar Pradesh - 2025,01-Jun 2am,25900.3,
Uttar Pradesh - 2025,01-Jun 3am,25201.49,
Uttar Pradesh - 2025,01-Jun 4am,24397.17,
Uttar Pradesh - 2025,01-Jun 5am,23325.34,
Uttar Pradesh - 2025,01-Jun 6am,20384.55,
Uttar Pradesh - 2025,01-Jun 7am,17639.87,
Uttar Pradesh - 2025,01-Jun 8am,18184,
Uttar Pradesh - 2025,01-Jun 9am,18802.66,
Uttar Pradesh - 2025,01-Jun 10am,20178.15,
Uttar Pradesh - 2025,01-Jun 11am,20397.57,
Uttar Pradesh - 2025,01-Jun 12pm,20942.77,
Uttar Pradesh - 2025,01-Jun 1pm,22162.39,
Uttar Pradesh - 2025,01-Jun 2pm,22256.21,
Uttar Pradesh - 2025,01-Jun 3pm,21120.63,
Uttar Pradesh - 2025,01-Jun 4pm,19634.48,
Uttar Pradesh - 2025,01-Jun 5pm,16975.45,
Uttar Pradesh - 2025,01-Jun 6pm,16895.07,
Uttar Pradesh - 2025,01-Jun 7pm,18672.86,
Uttar Pradesh - 2025,01-Jun 8pm,22703.94,
Uttar Pradesh - 2025,01-Jun 9pm,23858.47,
Uttar Pradesh - 2025,01-Jun 10pm,25335.41,
Uttar Pradesh - 2025,01-Jun 11pm,26032.82,
Uttar Pradesh - 2025,02-Jun 12am,26428.94,
Uttar Pradesh - 2025,02-Jun 1am,26109.31,
Uttar Pradesh - 2025,02-Jun 2am,25268.28,
Uttar Pradesh - 2025,02-Jun 3am,24487.98,
Uttar Pradesh - 2025,02-Jun 4am,23762.29,
Uttar Pradesh - 2025,02-Jun 5am,22733.27,
Uttar Pradesh - 2025,02-Jun 6am,19714.35,
Uttar Pradesh - 2025,02-Jun 7am,17386.67,
Uttar Pradesh - 2025,02-Jun 8am,17690.67,
Uttar Pradesh - 2025,02-Jun 9am,18797.6,
Uttar Pradesh - 2025,02-Jun 10am,21017.43,
Uttar Pradesh - 2025,02-Jun 11am,22163.73,
Uttar Pradesh - 2025,02-Jun 12pm,22344.28,
Uttar Pradesh - 2025,02-Jun 1pm,23578.3,
Uttar Pradesh - 2025,02-Jun 2pm,22912.38,
Uttar Pradesh - 2025,02-Jun 3pm,22138.8,
Uttar Pradesh - 2025,02-Jun 4pm,21364.94,
Uttar Pradesh - 2025,02-Jun 5pm,20125.83,
Uttar Pradesh - 2025,02-Jun 6pm,19535.9,
Uttar Pradesh - 2025,02-Jun 7pm,21397.33,
Uttar Pradesh - 2025,02-Jun 8pm,26191.01,
Uttar Pradesh - 2025,02-Jun 9pm,27147.44,
Uttar Pradesh - 2025,02-Jun 10pm,27737.67,
Uttar Pradesh - 2025,02-Jun 11pm,28069.7,
Uttar Pradesh - 2025,03-Jun 12am,27826.92,
Uttar Pradesh - 2025,03-Jun 1am,27144.78,
Uttar Pradesh - 2025,03-Jun 2am,26503.76,
Uttar Pradesh - 2025,03-Jun 3am,25508.66,
Uttar Pradesh - 2025,03-Jun 4am,25010.26,
Uttar Pradesh - 2025,03-Jun 5am,24132.8,
Uttar Pradesh - 2025,03-Jun 6am,20137.11,
Uttar Pradesh - 2025,03-Jun 7am,18258.99,
Uttar Pradesh - 2025,03-Jun 8am,18937.95,
Uttar Pradesh - 2025,03-Jun 9am,19841.08,
Uttar Pradesh - 2025,03-Jun 10am,21107.67,
Uttar Pradesh - 2025,03-Jun 11am,21786.12,
Uttar Pradesh - 2025,03-Jun 12pm,21553.03,
Uttar Pradesh - 2025,03-Jun 1pm,23329.55,
Uttar Pradesh - 2025,03-Jun 2pm,22032.04,
Uttar Pradesh - 2025,03-Jun 3pm,21366.17,
Uttar Pradesh - 2025,03-Jun 4pm,19372.55,
Uttar Pradesh - 2025,03-Jun 5pm,19123.93,
Uttar Pradesh - 2025,03-Jun 6pm,20096.62,
Uttar Pradesh - 2025,03-Jun 7pm,21301.22,
Uttar Pradesh - 2025,03-Jun 8pm,25125.11,
Uttar Pradesh - 2025,03-Jun 9pm,25817.77,
Uttar Pradesh - 2025,03-Jun 10pm,26523,
Uttar Pradesh - 2025,03-Jun 11pm,26615.32,
Uttar Pradesh - 2025,04-Jun 12am,25888.08,
Uttar Pradesh - 2025,04-Jun 1am,25163.7,
Uttar Pradesh - 2025,04-Jun 2am,24125.39,
Uttar Pradesh - 2025,04-Jun 3am,23381.35,
Uttar Pradesh - 2025,04-Jun 4am,22401.89,
Uttar Pradesh - 2025,04-Jun 5am,21602.72,
Uttar Pradesh - 2025,04-Jun 6am,18762.4,
Uttar Pradesh - 2025,04-Jun 7am,17228.62,
Uttar Pradesh - 2025,04-Jun 8am,17818.27,
Uttar Pradesh - 2025,04-Jun 9am,18888.6,
Uttar Pradesh - 2025,04-Jun 10am,20483.37,
Uttar Pradesh - 2025,04-Jun 11am,21459.02,
Uttar Pradesh - 2025,04-Jun 12pm,21572.3,
Uttar Pradesh - 2025,04-Jun 1pm,22226.13,
Uttar Pradesh - 2025,04-Jun 2pm,21524.9,
Uttar Pradesh - 2025,04-Jun 3pm,20112.07,
Uttar Pradesh - 2025,04-Jun 4pm,18979.88,
Uttar Pradesh - 2025,04-Jun 5pm,18722.61,
Uttar Pradesh - 2025,04-Jun 6pm,19402.18,
Uttar Pradesh - 2025,04-Jun 7pm,21770.07,
Uttar Pradesh - 2025,04-Jun 8pm,25299.9,
Uttar Pradesh - 2025,04-Jun 9pm,26168.56,
Uttar Pradesh - 2025,04-Jun 10pm,26531.34,
Uttar Pradesh - 2025,04-Jun 11pm,26860.08,
Uttar Pradesh - 2025,05-Jun 12am,26178.68,
Uttar Pradesh - 2025,05-Jun 1am,25575.45,
Uttar Pradesh - 2025,05-Jun 2am,24452.47,
Uttar Pradesh - 2025,05-Jun 3am,23515.12,
Uttar Pradesh - 2025,05-Jun 4am,22814.91,
Uttar Pradesh - 2025,05-Jun 5am,21971,
Uttar Pradesh - 2025,05-Jun 6am,19317.5,
Uttar Pradesh - 2025,05-Jun 7am,17304.55,
Uttar Pradesh - 2025,05-Jun 8am,17596.46,
Uttar Pradesh - 2025,05-Jun 9am,19113.35,
Uttar Pradesh - 2025,05-Jun 10am,21564.27,
Uttar Pradesh - 2025,05-Jun 11am,21815.08,
Uttar Pradesh - 2025,05-Jun 12pm,22222.19,
Uttar Pradesh - 2025,05-Jun 1pm,22202.78,
Uttar Pradesh - 2025,05-Jun 2pm,22073.25,
Uttar Pradesh - 2025,05-Jun 3pm,21431.99,
Uttar Pradesh - 2025,05-Jun 4pm,20533.41,
Uttar Pradesh - 2025,05-Jun 5pm,19799.86,
Uttar Pradesh - 2025,05-Jun 6pm,20216.02,
Uttar Pradesh - 2025,05-Jun 7pm,23434.4,
Uttar Pradesh - 2025,05-Jun 8pm,26483.45,
Uttar Pradesh - 2025,05-Jun 9pm,27547.24,
Uttar Pradesh - 2025,05-Jun 10pm,27090.81,
Uttar Pradesh - 2025,05-Jun 11pm,25667.21,
Uttar Pradesh - 2025,06-Jun 12am,26676.1,
Uttar Pradesh - 2025,06-Jun 1am,26809.47,
Uttar Pradesh - 2025,06-Jun 2am,26135.58,
Uttar Pradesh - 2025,06-Jun 3am,25209.6,
Uttar Pradesh - 2025,06-Jun 4am,24376.72,
Uttar Pradesh - 2025,06-Jun 5am,23340.79,
Uttar Pradesh - 2025,06-Jun 6am,20157.66,
Uttar Pradesh - 2025,06-Jun 7am,18454.87,
Uttar Pradesh - 2025,06-Jun 8am,18269.32,
Uttar Pradesh - 2025,06-Jun 9am,20552.66,
Uttar Pradesh - 2025,06-Jun 10am,22303.1,
Uttar Pradesh - 2025,06-Jun 11am,23050.25,
Uttar Pradesh - 2025,06-Jun 12pm,23946.84,
Uttar Pradesh - 2025,06-Jun 1pm,23720.49,
Uttar Pradesh - 2025,06-Jun 2pm,23886.52,
Uttar Pradesh - 2025,06-Jun 3pm,22542.69,
Uttar Pradesh - 2025,06-Jun 4pm,21571.97,
Uttar Pradesh - 2025,06-Jun 5pm,20982.56,
Uttar Pradesh - 2025,06-Jun 6pm,21150.86,
Uttar Pradesh - 2025,06-Jun 7pm,24554.73,
Uttar Pradesh - 2025,06-Jun 8pm,27633.55,
Uttar Pradesh - 2025,06-Jun 9pm,28418.33,
Uttar Pradesh - 2025,06-Jun 10pm,28514.65,
Uttar Pradesh - 2025,06-Jun 11pm,27132.22,
Uttar Pradesh - 2025,07-Jun 12am,27436.08,
Uttar Pradesh - 2025,07-Jun 1am,28168.02,
Uttar Pradesh - 2025,07-Jun 2am,27395.16,
Uttar Pradesh - 2025,07-Jun 3am,26473.41,
Uttar Pradesh - 2025,07-Jun 4am,25922.82,
Uttar Pradesh - 2025,07-Jun 5am,25432.15,
Uttar Pradesh - 2025,07-Jun 6am,23216.86,
Uttar Pradesh - 2025,07-Jun 7am,21710.2,
Uttar Pradesh - 2025,07-Jun 8am,21967.62,
Uttar Pradesh - 2025,07-Jun 9am,23405.97,
Uttar Pradesh - 2025,07-Jun 10am,25283.26,
Uttar Pradesh - 2025,07-Jun 11am,26049.97,
Uttar Pradesh - 2025,07-Jun 12pm,26480.33,
Uttar Pradesh - 2025,07-Jun 1pm,26774.28,
Uttar Pradesh - 2025,07-Jun 2pm,27050.75,
Uttar Pradesh - 2025,07-Jun 3pm,27362.21,
Uttar Pradesh - 2025,07-Jun 4pm,26246.41,
Uttar Pradesh - 2025,07-Jun 5pm,24350.27,
Uttar Pradesh - 2025,07-Jun 6pm,23149.42,
Uttar Pradesh - 2025,07-Jun 7pm,24851.66,
Uttar Pradesh - 2025,07-Jun 8pm,27797.43,
Uttar Pradesh - 2025,07-Jun 9pm,28563.13,
Uttar Pradesh - 2025,07-Jun 10pm,29086.34,
Uttar Pradesh - 2025,07-Jun 11pm,29377.91,
Uttar Pradesh - 2025,08-Jun 12am,29134.43,
Uttar Pradesh - 2025,08-Jun 1am,28616.95,
Uttar Pradesh - 2025,08-Jun 2am,27995.79,
Uttar Pradesh - 2025,08-Jun 3am,27445.45,
Uttar Pradesh - 2025,08-Jun 4am,26737.55,
Uttar Pradesh - 2025,08-Jun 5am,25672.14,
Uttar Pradesh - 2025,08-Jun 6am,22156.97,
Uttar Pradesh - 2025,08-Jun 7am,19738.34,
Uttar Pradesh - 2025,08-Jun 8am,19613.16,
Uttar Pradesh - 2025,08-Jun 9am,21365.19,
Uttar Pradesh - 2025,08-Jun 10am,23090.76,
Uttar Pradesh - 2025,08-Jun 11am,23760.27,
Uttar Pradesh - 2025,08-Jun 12pm,23708.08,
Uttar Pradesh - 2025,08-Jun 1pm,23590.9,
Uttar Pradesh - 2025,08-Jun 2pm,23965.49,
Uttar Pradesh - 2025,08-Jun 3pm,24395.25,
Uttar Pradesh - 2025,08-Jun 4pm,23594.02,
Uttar Pradesh - 2025,08-Jun 5pm,22051.45,
Uttar Pradesh - 2025,08-Jun 6pm,21233.35,
Uttar Pradesh - 2025,08-Jun 7pm,24595.71,
Uttar Pradesh - 2025,08-Jun 8pm,28694.48,
Uttar Pradesh - 2025,08-Jun 9pm,29281.73,
Uttar Pradesh - 2025,08-Jun 10pm,29894.98,
Uttar Pradesh - 2025,08-Jun 11pm,29858.73,
Uttar Pradesh - 2025,09-Jun 12am,29873.38,
Uttar Pradesh - 2025,09-Jun 1am,29439.2,
Uttar Pradesh - 2025,09-Jun 2am,29049.75,
Uttar Pradesh - 2025,09-Jun 3am,28446.55,
Uttar Pradesh - 2025,09-Jun 4am,28061.17,
Uttar Pradesh - 2025,09-Jun 5am,27238.09,
Uttar Pradesh - 2025,09-Jun 6am,23536.02,
Uttar Pradesh - 2025,09-Jun 7am,20944.57,
Uttar Pradesh - 2025,09-Jun 8am,20706.41,
Uttar Pradesh - 2025,09-Jun 9am,22568.04,
Uttar Pradesh - 2025,09-Jun 10am,24265.74,
Uttar Pradesh - 2025,09-Jun 11am,25590.12,
Uttar Pradesh - 2025,09-Jun 12pm,26559.05,
Uttar Pradesh - 2025,09-Jun 1pm,27274.97,
Uttar Pradesh - 2025,09-Jun 2pm,28403.88,
Uttar Pradesh - 2025,09-Jun 3pm,26777.04,
Uttar Pradesh - 2025,09-Jun 4pm,24439.75,
Uttar Pradesh - 2025,09-Jun 5pm,23266.19,
Uttar Pradesh - 2025,09-Jun 6pm,23663.34,
Uttar Pradesh - 2025,09-Jun 7pm,26876.27,
Uttar Pradesh - 2025,09-Jun 8pm,30054.71,
Uttar Pradesh - 2025,09-Jun 9pm,30641.74,
Uttar Pradesh - 2025,09-Jun 10pm,30943.5,
Uttar Pradesh - 2025,09-Jun 11pm,31019.53,
Uttar Pradesh - 2025,10-Jun 12am,30495.22,
Uttar Pradesh - 2025,10-Jun 1am,30687.15,
Uttar Pradesh - 2025,10-Jun 2am,30416.89,
Uttar Pradesh - 2025,10-Jun 3am,29927.07,
Uttar Pradesh - 2025,10-Jun 4am,29519.28,
Uttar Pradesh - 2025,10-Jun 5am,28624.78,
Uttar Pradesh - 2025,10-Jun 6am,24921.89,
Uttar Pradesh - 2025,10-Jun 7am,22091.42,
Uttar Pradesh - 2025,10-Jun 8am,22293.08,
Uttar Pradesh - 2025,10-Jun 9am,23752.31,
Uttar Pradesh - 2025,10-Jun 10am,25166.75,
Uttar Pradesh - 2025,10-Jun 11am,25726.21,
Uttar Pradesh - 2025,10-Jun 12pm,26115.84,
Uttar Pradesh - 2025,10-Jun 1pm,26963.86,
Uttar Pradesh - 2025,10-Jun 2pm,26908.72,
Uttar Pradesh - 2025,10-Jun 3pm,26149.88,
Uttar Pradesh - 2025,10-Jun 4pm,23192.72,
Uttar Pradesh - 2025,10-Jun 5pm,23517.17,
Uttar Pradesh - 2025,10-Jun 6pm,25316.62,
Uttar Pradesh - 2025,10-Jun 7pm,26986.01,
Uttar Pradesh - 2025,10-Jun 8pm,30266.5,
Uttar Pradesh - 2025,10-Jun 9pm,30748.38,
Uttar Pradesh - 2025,10-Jun 10pm,30827.45,
Uttar Pradesh - 2025,10-Jun 11pm,30134.35,
Uttar Pradesh - 2025,11-Jun 12am,30349.1,
Uttar Pradesh - 2025,11-Jun 1am,31287.75,
Uttar Pradesh - 2025,11-Jun 2am,30894.36,
Uttar Pradesh - 2025,11-Jun 3am,30367.97,
Uttar Pradesh - 2025,11-Jun 4am,30085.06,
Uttar Pradesh - 2025,11-Jun 5am,28693.34,
Uttar Pradesh - 2025,11-Jun 6am,25540.83,
Uttar Pradesh - 2025,11-Jun 7am,22189,
Uttar Pradesh - 2025,11-Jun 8am,22708.98,
Uttar Pradesh - 2025,11-Jun 9am,24339.95,
Uttar Pradesh - 2025,11-Jun 10am,25609.59,
Uttar Pradesh - 2025,11-Jun 11am,26950.58,
Uttar Pradesh - 2025,11-Jun 12pm,27129.76,
Uttar Pradesh - 2025,11-Jun 1pm,27401.55,
Uttar Pradesh - 2025,11-Jun 2pm,27401.62,
Uttar Pradesh - 2025,11-Jun 3pm,26896.54,
Uttar Pradesh - 2025,11-Jun 4pm,25537.82,
Uttar Pradesh - 2025,11-Jun 5pm,24804.5,
Uttar Pradesh - 2025,11-Jun 6pm,25340.48,
Uttar Pradesh - 2025,11-Jun 7pm,26367.66,
Uttar Pradesh - 2025,11-Jun 8pm,29636.41,
Uttar Pradesh - 2025,11-Jun 9pm,28888.64,
Uttar Pradesh - 2025,11-Jun 10pm,29191.41,
Uttar Pradesh - 2025,11-Jun 11pm,29276.03,
Uttar Pradesh - 2025,12-Jun 12am,30993.63,
Uttar Pradesh - 2025,12-Jun 1am,31158.89,
Uttar Pradesh - 2025,12-Jun 2am,31074.49,
Uttar Pradesh - 2025,12-Jun 3am,30652.77,
Uttar Pradesh - 2025,12-Jun 4am,30357.59,
Uttar Pradesh - 2025,12-Jun 5am,29318.99,
Uttar Pradesh - 2025,12-Jun 6am,22856.34,
Uttar Pradesh - 2025,12-Jun 7am,23924.49,
Uttar Pradesh - 2025,12-Jun 8am,24428.86,
Uttar Pradesh - 2025,12-Jun 9am,25578.76,
Uttar Pradesh - 2025,12-Jun 10am,28173.39,
Uttar Pradesh - 2025,12-Jun 11am,28346.1,
Uttar Pradesh - 2025,12-Jun 12pm,27184.92,
Uttar Pradesh - 2025,12-Jun 1pm,27893.38,
Uttar Pradesh - 2025,12-Jun 2pm,28111.74,
Uttar Pradesh - 2025,12-Jun 3pm,28205.62,
Uttar Pradesh - 2025,12-Jun 4pm,27245.93,
Uttar Pradesh - 2025,12-Jun 5pm,25826.09,
Uttar Pradesh - 2025,12-Jun 6pm,25691.53,
Uttar Pradesh - 2025,12-Jun 7pm,26362.23,
Uttar Pradesh - 2025,12-Jun 8pm,28653.28,
Uttar Pradesh - 2025,12-Jun 9pm,28781.79,
Uttar Pradesh - 2025,12-Jun 10pm,28238.64,
Uttar Pradesh - 2025,12-Jun 11pm,28111.48,
Uttar Pradesh - 2025,13-Jun 12am,29157.67,
Uttar Pradesh - 2025,13-Jun 1am,29623.14,
Uttar Pradesh - 2025,13-Jun 2am,30418.43,
Uttar Pradesh - 2025,13-Jun 3am,30687.64,
Uttar Pradesh - 2025,13-Jun 4am,29982.88,
Uttar Pradesh - 2025,13-Jun 5am,25951.07,
Uttar Pradesh - 2025,13-Jun 6am,25107.41,
Uttar Pradesh - 2025,13-Jun 7am,24977.07,
Uttar Pradesh - 2025,13-Jun 8am,26257.84,
Uttar Pradesh - 2025,13-Jun 9am,26730.21,
Uttar Pradesh - 2025,13-Jun 10am,26767.43,
Uttar Pradesh - 2025,13-Jun 11am,27024.95,
Uttar Pradesh - 2025,13-Jun 12pm,26940.88,
Uttar Pradesh - 2025,13-Jun 1pm,26310.69,
Uttar Pradesh - 2025,13-Jun 2pm,26666.46,
Uttar Pradesh - 2025,13-Jun 3pm,26124.62,
Uttar Pradesh - 2025,13-Jun 4pm,25084.78,
Uttar Pradesh - 2025,13-Jun 5pm,24953.74,
Uttar Pradesh - 2025,13-Jun 6pm,24679.81,
Uttar Pradesh - 2025,13-Jun 7pm,25512.15,
Uttar Pradesh - 2025,13-Jun 8pm,28855.14,
Uttar Pradesh - 2025,13-Jun 9pm,29031.25,
Uttar Pradesh - 2025,13-Jun 10pm,28565.41,
Uttar Pradesh - 2025,13-Jun 11pm,27753.74,
Uttar Pradesh - 2025,14-Jun 12am,28913.24,
Uttar Pradesh - 2025,14-Jun 1am,30231.35,
Uttar Pradesh - 2025,14-Jun 2am,30116.65,
Uttar Pradesh - 2025,14-Jun 3am,29443.05,
Uttar Pradesh - 2025,14-Jun 4am,28921.69,
Uttar Pradesh - 2025,14-Jun 5am,26216.46,
Uttar Pradesh - 2025,14-Jun 6am,24296.31,
Uttar Pradesh - 2025,14-Jun 7am,22697.53,
Uttar Pradesh - 2025,14-Jun 8am,23172.67,
Uttar Pradesh - 2025,14-Jun 9am,23735.72,
Uttar Pradesh - 2025,14-Jun 10am,24537.36,
Uttar Pradesh - 2025,14-Jun 11am,25956.06,
Uttar Pradesh - 2025,14-Jun 12pm,27892.87,
Uttar Pradesh - 2025,14-Jun 1pm,28378.56,
Uttar Pradesh - 2025,14-Jun 2pm,27886.37,
Uttar Pradesh - 2025,14-Jun 3pm,27993.99,
Uttar Pradesh - 2025,14-Jun 4pm,27380.27,
Uttar Pradesh - 2025,14-Jun 5pm,26660.31,
Uttar Pradesh - 2025,14-Jun 6pm,25816.35,
Uttar Pradesh - 2025,14-Jun 7pm,26799.55,
Uttar Pradesh - 2025,14-Jun 8pm,30591.5,
Uttar Pradesh - 2025,14-Jun 9pm,30050.95,
Uttar Pradesh - 2025,14-Jun 10pm,30096.88,
Uttar Pradesh - 2025,14-Jun 11pm,30087.88,
Uttar Pradesh - 2025,15-Jun 12am,30912.18,
Uttar Pradesh - 2025,15-Jun 1am,30711.57,
Uttar Pradesh - 2025,15-Jun 2am,30333,
Uttar Pradesh - 2025,15-Jun 3am,28314.42,
Uttar Pradesh - 2025,15-Jun 4am,26776.84,
Uttar Pradesh - 2025,15-Jun 5am,24911.07,
Uttar Pradesh - 2025,15-Jun 6am,21141.97,
Uttar Pradesh - 2025,15-Jun 7am,19205.03,
Uttar Pradesh - 2025,15-Jun 8am,18399.8,
Uttar Pradesh - 2025,15-Jun 9am,19438.63,
Uttar Pradesh - 2025,15-Jun 10am,20219.51,
Uttar Pradesh - 2025,15-Jun 11am,21652.21,
Uttar Pradesh - 2025,15-Jun 12pm,21392.31,
Uttar Pradesh - 2025,15-Jun 1pm,21548.28,
Uttar Pradesh - 2025,15-Jun 2pm,20918.16,
Uttar Pradesh - 2025,15-Jun 3pm,21280.63,
Uttar Pradesh - 2025,15-Jun 4pm,20951.8,
Uttar Pradesh - 2025,15-Jun 5pm,19862.22,
Uttar Pradesh - 2025,15-Jun 6pm,20544.44,
Uttar Pradesh - 2025,15-Jun 7pm,20607.95,
Uttar Pradesh - 2025,15-Jun 8pm,26368.48,
Uttar Pradesh - 2025,15-Jun 9pm,28522.58,
Uttar Pradesh - 2025,15-Jun 10pm,29290.32,
Uttar Pradesh - 2025,15-Jun 11pm,29477.11,
Uttar Pradesh - 2025,16-Jun 12am,29452.25,
Uttar Pradesh - 2025,16-Jun 1am,28731.62,
Uttar Pradesh - 2025,16-Jun 2am,27851.84,
Uttar Pradesh - 2025,16-Jun 3am,25974.43,
Uttar Pradesh - 2025,16-Jun 4am,24674.25,
Uttar Pradesh - 2025,16-Jun 5am,23422.7,
Uttar Pradesh - 2025,16-Jun 6am,19540.42,
Uttar Pradesh - 2025,16-Jun 7am,18002.75,
Uttar Pradesh - 2025,16-Jun 8am,17213.65,
Uttar Pradesh - 2025,16-Jun 9am,18478.06,
Uttar Pradesh - 2025,16-Jun 10am,18843,
Uttar Pradesh - 2025,16-Jun 11am,20770.14,
Uttar Pradesh - 2025,16-Jun 12pm,21147.09,
Uttar Pradesh - 2025,16-Jun 1pm,21588.98,
Uttar Pradesh - 2025,16-Jun 2pm,20648.27,
Uttar Pradesh - 2025,16-Jun 3pm,21923.21,
Uttar Pradesh - 2025,16-Jun 4pm,20220.61,
Uttar Pradesh - 2025,16-Jun 5pm,18608.33,
Uttar Pradesh - 2025,16-Jun 6pm,18831.73,
Uttar Pradesh - 2025,16-Jun 7pm,22224.08,
Uttar Pradesh - 2025,16-Jun 8pm,28134.12,
Uttar Pradesh - 2025,16-Jun 9pm,28498.16,
Uttar Pradesh - 2025,16-Jun 10pm,28914.05,
Uttar Pradesh - 2025,16-Jun 11pm,29322.38,
Uttar Pradesh - 2025,17-Jun 12am,28585.74,
Uttar Pradesh - 2025,17-Jun 1am,27833.73,
Uttar Pradesh - 2025,17-Jun 2am,27282.2,
Uttar Pradesh - 2025,17-Jun 3am,25728.97,
Uttar Pradesh - 2025,17-Jun 4am,24711.37,
Uttar Pradesh - 2025,17-Jun 5am,23627.85,
Uttar Pradesh - 2025,17-Jun 6am,20603.38,
Uttar Pradesh - 2025,17-Jun 7am,18447.34,
Uttar Pradesh - 2025,17-Jun 8am,17535.54,
Uttar Pradesh - 2025,17-Jun 9am,18766.4,
Uttar Pradesh - 2025,17-Jun 10am,21043.81,
Uttar Pradesh - 2025,17-Jun 11am,22919.39,
Uttar Pradesh - 2025,17-Jun 12pm,23752.17,
Uttar Pradesh - 2025,17-Jun 1pm,24553.92,
Uttar Pradesh - 2025,17-Jun 2pm,24171.1,
Uttar Pradesh - 2025,17-Jun 3pm,22743.17,
Uttar Pradesh - 2025,17-Jun 4pm,20703.14,
Uttar Pradesh - 2025,17-Jun 5pm,19013.82,
Uttar Pradesh - 2025,17-Jun 6pm,18353.87,
Uttar Pradesh - 2025,17-Jun 7pm,21659.04,
Uttar Pradesh - 2025,17-Jun 8pm,23360.31,
Uttar Pradesh - 2025,17-Jun 9pm,24127.62,
Uttar Pradesh - 2025,17-Jun 10pm,24981.95,
Uttar Pradesh - 2025,17-Jun 11pm,24981.76,
Uttar Pradesh - 2025,18-Jun 12am,24966.02,
Uttar Pradesh - 2025,18-Jun 1am,24401.74,
Uttar Pradesh - 2025,18-Jun 2am,23473.74,
Uttar Pradesh - 2025,18-Jun 3am,22162.51,
Uttar Pradesh - 2025,18-Jun 4am,20963.02,
Uttar Pradesh - 2025,18-Jun 5am,19721.8,
Uttar Pradesh - 2025,18-Jun 6am,17549.8,
Uttar Pradesh - 2025,18-Jun 7am,16614.56,
Uttar Pradesh - 2025,18-Jun 8am,17504.92,
Uttar Pradesh - 2025,18-Jun 9am,19311.88,
Uttar Pradesh - 2025,18-Jun 10am,20171,
Uttar Pradesh - 2025,18-Jun 11am,20812.76,
Uttar Pradesh - 2025,18-Jun 12pm,20897.09,
Uttar Pradesh - 2025,18-Jun 1pm,20977.91,
Uttar Pradesh - 2025,18-Jun 2pm,20830.91,
Uttar Pradesh - 2025,18-Jun 3pm,21797.21,
Uttar Pradesh - 2025,18-Jun 4pm,19864.52,
Uttar Pradesh - 2025,18-Jun 5pm,19672.25,
Uttar Pradesh - 2025,18-Jun 6pm,18080,
Uttar Pradesh - 2025,18-Jun 7pm,22167.82,
Uttar Pradesh - 2025,18-Jun 8pm,26884.48,
Uttar Pradesh - 2025,18-Jun 9pm,27443.42,
Uttar Pradesh - 2025,18-Jun 10pm,28279.88,
Uttar Pradesh - 2025,18-Jun 11pm,28519.92,
Uttar Pradesh - 2025,19-Jun 12am,27905.21,
Uttar Pradesh - 2025,19-Jun 1am,26642.82,
Uttar Pradesh - 2025,19-Jun 2am,25678.97,
Uttar Pradesh - 2025,19-Jun 3am,24604.92,
Uttar Pradesh - 2025,19-Jun 4am,23586.1,
Uttar Pradesh - 2025,19-Jun 5am,22489.59,
Uttar Pradesh - 2025,19-Jun 6am,19668.48,
Uttar Pradesh - 2025,19-Jun 7am,17880.38,
Uttar Pradesh - 2025,19-Jun 8am,17737.57,
Uttar Pradesh - 2025,19-Jun 9am,19227.58,
Uttar Pradesh - 2025,19-Jun 10am,20437.54,
Uttar Pradesh - 2025,19-Jun 11am,21252.27,
Uttar Pradesh - 2025,19-Jun 12pm,21491.61,
Uttar Pradesh - 2025,19-Jun 1pm,22926.88,
Uttar Pradesh - 2025,19-Jun 2pm,22738.96,
Uttar Pradesh - 2025,19-Jun 3pm,21692.4,
Uttar Pradesh - 2025,19-Jun 4pm,20103.21,
Uttar Pradesh - 2025,19-Jun 5pm,19364.11,
Uttar Pradesh - 2025,19-Jun 6pm,18806.85,
Uttar Pradesh - 2025,19-Jun 7pm,21624.62,
Uttar Pradesh - 2025,19-Jun 8pm,24624.02,
Uttar Pradesh - 2025,19-Jun 9pm,25311.86,
Uttar Pradesh - 2025,19-Jun 10pm,25639.14,
Uttar Pradesh - 2025,19-Jun 11pm,25775.02,
Uttar Pradesh - 2025,20-Jun 12am,25062.86,
Uttar Pradesh - 2025,20-Jun 1am,23923.42,
Uttar Pradesh - 2025,20-Jun 2am,22512.71,
Uttar Pradesh - 2025,20-Jun 3am,21658.73,
Uttar Pradesh - 2025,20-Jun 4am,20923.26,
Uttar Pradesh - 2025,20-Jun 5am,19966.66,
Uttar Pradesh - 2025,20-Jun 6am,17458.09,
Uttar Pradesh - 2025,20-Jun 7am,15724.79,
Uttar Pradesh - 2025,20-Jun 8am,15560.8,
Uttar Pradesh - 2025,20-Jun 9am,17253.96,
Uttar Pradesh - 2025,20-Jun 10am,18312.38,
Uttar Pradesh - 2025,20-Jun 11am,19521.36,
Uttar Pradesh - 2025,20-Jun 12pm,19840.02,
Uttar Pradesh - 2025,20-Jun 1pm,20045.77,
Uttar Pradesh - 2025,20-Jun 2pm,19963.3,
Uttar Pradesh - 2025,20-Jun 3pm,20124.5,
Uttar Pradesh - 2025,20-Jun 4pm,19504.91,
Uttar Pradesh - 2025,20-Jun 5pm,18672.76,
Uttar Pradesh - 2025,20-Jun 6pm,19266.95,
Uttar Pradesh - 2025,20-Jun 7pm,21712.66,
Uttar Pradesh - 2025,20-Jun 8pm,25353.27,
Uttar Pradesh - 2025,20-Jun 9pm,26278.22,
Uttar Pradesh - 2025,20-Jun 10pm,27005.89,
Uttar Pradesh - 2025,20-Jun 11pm,26949.65,
Uttar Pradesh - 2025,21-Jun 12am,26569.69,
Uttar Pradesh - 2025,21-Jun 1am,25845.96,
Uttar Pradesh - 2025,21-Jun 2am,24901.59,
Uttar Pradesh - 2025,21-Jun 3am,23873.05,
Uttar Pradesh - 2025,21-Jun 4am,22996.01,
Uttar Pradesh - 2025,21-Jun 5am,21846.86,
Uttar Pradesh - 2025,21-Jun 6am,19026.86,
Uttar Pradesh - 2025,21-Jun 7am,16808.96,
Uttar Pradesh - 2025,21-Jun 8am,16614.75,
Uttar Pradesh - 2025,21-Jun 9am,18876,
Uttar Pradesh - 2025,21-Jun 10am,20357.34,
Uttar Pradesh - 2025,21-Jun 11am,21803.65,
Uttar Pradesh - 2025,21-Jun 12pm,22231.21,
Uttar Pradesh - 2025,21-Jun 1pm,22132.62,
Uttar Pradesh - 2025,21-Jun 2pm,22080.9,
Uttar Pradesh - 2025,21-Jun 3pm,21053.82,
Uttar Pradesh - 2025,21-Jun 4pm,20266.29,
Uttar Pradesh - 2025,21-Jun 5pm,19810.09,
Uttar Pradesh - 2025,21-Jun 6pm,21250.34,
Uttar Pradesh - 2025,21-Jun 7pm,23669.33,
Uttar Pradesh - 2025,21-Jun 8pm,27043,
Uttar Pradesh - 2025,21-Jun 9pm,27592.45,
Uttar Pradesh - 2025,21-Jun 10pm,28318.21,
Uttar Pradesh - 2025,21-Jun 11pm,28321.3,
Uttar Pradesh - 2025,22-Jun 12am,28137.38,
Uttar Pradesh - 2025,22-Jun 1am,27371.26,
Uttar Pradesh - 2025,22-Jun 2am,26808.13,
Uttar Pradesh - 2025,22-Jun 3am,26034.45,
Uttar Pradesh - 2025,22-Jun 4am,25227.59,
Uttar Pradesh - 2025,22-Jun 5am,24055.88,
Uttar Pradesh - 2025,22-Jun 6am,20643.81,
Uttar Pradesh - 2025,22-Jun 7am,18382.75,
Uttar Pradesh - 2025,22-Jun 8am,17363.84,
Uttar Pradesh - 2025,22-Jun 9am,19712.75,
Uttar Pradesh - 2025,22-Jun 10am,19809.95,
Uttar Pradesh - 2025,22-Jun 11am,19472.57,
Uttar Pradesh - 2025,22-Jun 12pm,19397.76,
Uttar Pradesh - 2025,22-Jun 1pm,20279.16,
Uttar Pradesh - 2025,22-Jun 2pm,20829.95,
Uttar Pradesh - 2025,22-Jun 3pm,19120.95,
Uttar Pradesh - 2025,22-Jun 4pm,18493.3,
Uttar Pradesh - 2025,22-Jun 5pm,18242.26,
Uttar Pradesh - 2025,22-Jun 6pm,19226.03,
Uttar Pradesh - 2025,22-Jun 7pm,22006.52,
Uttar Pradesh - 2025,22-Jun 8pm,26056.39,
Uttar Pradesh - 2025,22-Jun 9pm,26888.79,
Uttar Pradesh - 2025,22-Jun 10pm,27563.41,
Uttar Pradesh - 2025,22-Jun 11pm,27560.86,
Uttar Pradesh - 2025,23-Jun 12am,26816.79,
Uttar Pradesh - 2025,23-Jun 1am,25479.79,
Uttar Pradesh - 2025,23-Jun 2am,24483.55,
Uttar Pradesh - 2025,23-Jun 3am,23886.61,
Uttar Pradesh - 2025,23-Jun 4am,23096.83,
Uttar Pradesh - 2025,23-Jun 5am,21443.54,
Uttar Pradesh - 2025,23-Jun 6am,18955.86,
Uttar Pradesh - 2025,23-Jun 7am,16764.09,
Uttar Pradesh - 2025,23-Jun 8am,16662.02,
Uttar Pradesh - 2025,23-Jun 9am,18287.13,
Uttar Pradesh - 2025,23-Jun 10am,20167.69,
Uttar Pradesh - 2025,23-Jun 11am,21795.75,
Uttar Pradesh - 2025,23-Jun 12pm,22490.26,
Uttar Pradesh - 2025,23-Jun 1pm,22026.46,
Uttar Pradesh - 2025,23-Jun 2pm,21408.07,
Uttar Pradesh - 2025,23-Jun 3pm,21317.48,
Uttar Pradesh - 2025,23-Jun 4pm,20742.27,
Uttar Pradesh - 2025,23-Jun 5pm,20097.4,
Uttar Pradesh - 2025,23-Jun 6pm,20743.9,
Uttar Pradesh - 2025,23-Jun 7pm,23523.16,
Uttar Pradesh - 2025,23-Jun 8pm,27600.15,
Uttar Pradesh - 2025,23-Jun 9pm,28129.05,
Uttar Pradesh - 2025,23-Jun 10pm,28659.88,
Uttar Pradesh - 2025,23-Jun 11pm,28406.8,
Uttar Pradesh - 2025,24-Jun 12am,28539.58,
Uttar Pradesh - 2025,24-Jun 1am,27410.76,
Uttar Pradesh - 2025,24-Jun 2am,26515.15,
Uttar Pradesh - 2025,24-Jun 3am,25608.82,
Uttar Pradesh - 2025,24-Jun 4am,24899.93,
Uttar Pradesh - 2025,24-Jun 5am,23612.93,
Uttar Pradesh - 2025,24-Jun 6am,20773.96,
Uttar Pradesh - 2025,24-Jun 7am,18287.01,
Uttar Pradesh - 2025,24-Jun 8am,17240.51,
Uttar Pradesh - 2025,24-Jun 9am,18757.87,
Uttar Pradesh - 2025,24-Jun 10am,21697.83,
Uttar Pradesh - 2025,24-Jun 11am,22448.32,
Uttar Pradesh - 2025,24-Jun 12pm,22933.12,
Uttar Pradesh - 2025,24-Jun 1pm,22894.81,
Uttar Pradesh - 2025,24-Jun 2pm,22857.18,
Uttar Pradesh - 2025,24-Jun 3pm,21766.89,
Uttar Pradesh - 2025,24-Jun 4pm,20310.07,
Uttar Pradesh - 2025,24-Jun 5pm,19661.47,
Uttar Pradesh - 2025,24-Jun 6pm,20710.99,
Uttar Pradesh - 2025,24-Jun 7pm,23926.64,
Uttar Pradesh - 2025,24-Jun 8pm,28245.75,
Uttar Pradesh - 2025,24-Jun 9pm,28835.39,
Uttar Pradesh - 2025,24-Jun 10pm,29162.7,
Uttar Pradesh - 2025,24-Jun 11pm,29233.55,
Uttar Pradesh - 2025,25-Jun 12am,28880.17,
Uttar Pradesh - 2025,25-Jun 1am,28102.04,
Uttar Pradesh - 2025,25-Jun 2am,27171.77,
Uttar Pradesh - 2025,25-Jun 3am,26405.57,
Uttar Pradesh - 2025,25-Jun 4am,25553.05,
Uttar Pradesh - 2025,25-Jun 5am,23976.64,
Uttar Pradesh - 2025,25-Jun 6am,20182.41,
Uttar Pradesh - 2025,25-Jun 7am,18478.59,
Uttar Pradesh - 2025,25-Jun 8am,17978.27,
Uttar Pradesh - 2025,25-Jun 9am,19616.43,
Uttar Pradesh - 2025,25-Jun 10am,20884.18,
Uttar Pradesh - 2025,25-Jun 11am,21706.06,
Uttar Pradesh - 2025,25-Jun 12pm,21499.64,
Uttar Pradesh - 2025,25-Jun 1pm,22302.94,
Uttar Pradesh - 2025,25-Jun 2pm,22387.08,
Uttar Pradesh - 2025,25-Jun 3pm,21543.48,
Uttar Pradesh - 2025,25-Jun 4pm,20428.81,
Uttar Pradesh - 2025,25-Jun 5pm,19666.73,
Uttar Pradesh - 2025,25-Jun 6pm,20522.7,
Uttar Pradesh - 2025,25-Jun 7pm,23851.67,
Uttar Pradesh - 2025,25-Jun 8pm,27535.15,
Uttar Pradesh - 2025,25-Jun 9pm,28523.59,
Uttar Pradesh - 2025,25-Jun 10pm,28438.58,
Uttar Pradesh - 2025,25-Jun 11pm,28466.11,
Uttar Pradesh - 2025,26-Jun 12am,28762.17,
Uttar Pradesh - 2025,26-Jun 1am,27804.38,
Uttar Pradesh - 2025,26-Jun 2am,26845.15,
Uttar Pradesh - 2025,26-Jun 3am,26110.66,
Uttar Pradesh - 2025,26-Jun 4am,25501.88,
Uttar Pradesh - 2025,26-Jun 5am,24303.69,
Uttar Pradesh - 2025,26-Jun 6am,20378.23,
Uttar Pradesh - 2025,26-Jun 7am,18266.38,
Uttar Pradesh - 2025,26-Jun 8am,18137.01,
Uttar Pradesh - 2025,26-Jun 9am,20319.71,
Uttar Pradesh - 2025,26-Jun 10am,21489.64,
Uttar Pradesh - 2025,26-Jun 11am,23397.79,
Uttar Pradesh - 2025,26-Jun 12pm,22960.32,
Uttar Pradesh - 2025,26-Jun 1pm,22924.45,
Uttar Pradesh - 2025,26-Jun 2pm,23082.52,
Uttar Pradesh - 2025,26-Jun 3pm,22034.2,
Uttar Pradesh - 2025,26-Jun 4pm,21369.37,
Uttar Pradesh - 2025,26-Jun 5pm,20749.4,
Uttar Pradesh - 2025,26-Jun 6pm,21583.32,
Uttar Pradesh - 2025,26-Jun 7pm,23871.79,
Uttar Pradesh - 2025,26-Jun 8pm,28460.96,
Uttar Pradesh - 2025,26-Jun 9pm,28755.37,
Uttar Pradesh - 2025,26-Jun 10pm,28181.64,
Uttar Pradesh - 2025,26-Jun 11pm,28041.64,
Uttar Pradesh - 2025,27-Jun 12am,29390.41,
Uttar Pradesh - 2025,27-Jun 1am,28845.42,
Uttar Pradesh - 2025,27-Jun 2am,28104.71,
Uttar Pradesh - 2025,27-Jun 3am,27074.87,
Uttar Pradesh - 2025,27-Jun 4am,26664.99,
Uttar Pradesh - 2025,27-Jun 5am,25219.93,
Uttar Pradesh - 2025,27-Jun 6am,21300.52,
Uttar Pradesh - 2025,27-Jun 7am,18663.86,
Uttar Pradesh - 2025,27-Jun 8am,19181.98,
Uttar Pradesh - 2025,27-Jun 9am,21954.56,
Uttar Pradesh - 2025,27-Jun 10am,23613.74,
Uttar Pradesh - 2025,27-Jun 11am,25090.66,
Uttar Pradesh - 2025,27-Jun 12pm,24153.76,
Uttar Pradesh - 2025,27-Jun 1pm,24688.57,
Uttar Pradesh - 2025,27-Jun 2pm,23975.24,
Uttar Pradesh - 2025,27-Jun 3pm,23395.08,
Uttar Pradesh - 2025,27-Jun 4pm,22034.12,
Uttar Pradesh - 2025,27-Jun 5pm,20970.5,
Uttar Pradesh - 2025,27-Jun 6pm,21701.57,
Uttar Pradesh - 2025,27-Jun 7pm,24091.01,
Uttar Pradesh - 2025,27-Jun 8pm,28349.02,
Uttar Pradesh - 2025,27-Jun 9pm,29292.28,
Uttar Pradesh - 2025,27-Jun 10pm,29221.87,
Uttar Pradesh - 2025,27-Jun 11pm,28288.59,
Uttar Pradesh - 2025,28-Jun 12am,29546.04,
Uttar Pradesh - 2025,28-Jun 1am,29113.5,
Uttar Pradesh - 2025,28-Jun 2am,28400.36,
Uttar Pradesh - 2025,28-Jun 3am,27484.57,
Uttar Pradesh - 2025,28-Jun 4am,26844.62,
Uttar Pradesh - 2025,28-Jun 5am,25800.39,
Uttar Pradesh - 2025,28-Jun 6am,22093.67,
Uttar Pradesh - 2025,28-Jun 7am,19685.25,
Uttar Pradesh - 2025,28-Jun 8am,19168.79,
Uttar Pradesh - 2025,28-Jun 9am,20729.28,
Uttar Pradesh - 2025,28-Jun 10am,22346.12,
Uttar Pradesh - 2025,28-Jun 11am,21933.86,
Uttar Pradesh - 2025,28-Jun 12pm,23979.1,
Uttar Pradesh - 2025,28-Jun 1pm,24076.68,
Uttar Pradesh - 2025,28-Jun 2pm,24514.74,
Uttar Pradesh - 2025,28-Jun 3pm,22786.12,
Uttar Pradesh - 2025,28-Jun 4pm,19204.5,
Uttar Pradesh - 2025,28-Jun 5pm,18787.57,
Uttar Pradesh - 2025,28-Jun 6pm,17967.05,
Uttar Pradesh - 2025,28-Jun 7pm,19813.02,
Uttar Pradesh - 2025,28-Jun 8pm,26209.07,
Uttar Pradesh - 2025,28-Jun 9pm,27142.94,
Uttar Pradesh - 2025,28-Jun 10pm,27992.61,
Uttar Pradesh - 2025,28-Jun 11pm,28100,
Uttar Pradesh - 2025,29-Jun 12am,27531.42,
Uttar Pradesh - 2025,29-Jun 1am,26265.69,
Uttar Pradesh - 2025,29-Jun 2am,25419.16,
Uttar Pradesh - 2025,29-Jun 3am,24602.45,
Uttar Pradesh - 2025,29-Jun 4am,23909.54,
Uttar Pradesh - 2025,29-Jun 5am,23055.28,
Uttar Pradesh - 2025,29-Jun 6am,20135.13,
Uttar Pradesh - 2025,29-Jun 7am,17601.54,
Uttar Pradesh - 2025,29-Jun 8am,17435.49,
Uttar Pradesh - 2025,29-Jun 9am,18597.09,
Uttar Pradesh - 2025,29-Jun 10am,19105.84,
Uttar Pradesh - 2025,29-Jun 11am,19074.07,
Uttar Pradesh - 2025,29-Jun 12pm,18752.04,
Uttar Pradesh - 2025,29-Jun 1pm,19468.72,
Uttar Pradesh - 2025,29-Jun 2pm,19704.53,
Uttar Pradesh - 2025,29-Jun 3pm,18896.84,
Uttar Pradesh - 2025,29-Jun 4pm,18515.01,
Uttar Pradesh - 2025,29-Jun 5pm,17543.32,
Uttar Pradesh - 2025,29-Jun 6pm,18126.59,
Uttar Pradesh - 2025,29-Jun 7pm,17911.43,
Uttar Pradesh - 2025,29-Jun 8pm,23293.56,
Uttar Pradesh - 2025,29-Jun 9pm,24231.56,
Uttar Pradesh - 2025,29-Jun 10pm,25127.95,
Uttar Pradesh - 2025,29-Jun 11pm,25766.86,
Uttar Pradesh - 2025,30-Jun 12am,25044.84,
Uttar Pradesh - 2025,30-Jun 1am,24197.31,
Uttar Pradesh - 2025,30-Jun 2am,23245.51,
Uttar Pradesh - 2025,30-Jun 3am,21652.46,
Uttar Pradesh - 2025,30-Jun 4am,20788.57,
Uttar Pradesh - 2025,30-Jun 5am,19736.02,
Uttar Pradesh - 2025,30-Jun 6am,17603.99,
Uttar Pradesh - 2025,30-Jun 7am,15364.13,
Uttar Pradesh - 2025,30-Jun 8am,15844.66,
Uttar Pradesh - 2025,30-Jun 9am,17122.68,
Uttar Pradesh - 2025,30-Jun 10am,17661.72,
Uttar Pradesh - 2025,30-Jun 11am,17100.97,
Uttar Pradesh - 2025,30-Jun 12pm,17566.64,
Uttar Pradesh - 2025,30-Jun 1pm,17642.97,
Uttar Pradesh - 2025,30-Jun 2pm,17292.86,
Uttar Pradesh - 2025,30-Jun 3pm,17075.71,
Uttar Pradesh - 2025,30-Jun 4pm,17097.34,
Uttar Pradesh - 2025,30-Jun 5pm,16877.08,
Uttar Pradesh - 2025,30-Jun 6pm,15978.38,
Uttar Pradesh - 2025,30-Jun 7pm,18416.73,
Uttar Pradesh - 2025,30-Jun 8pm,22329.7,
Uttar Pradesh - 2025,30-Jun 9pm,23507.26,
Uttar Pradesh - 2025,30-Jun 10pm,24331.23,
Uttar Pradesh - 2025,30-Jun 11pm,24310.82,
Uttar Pradesh - 2025,01-Jul 12am,23801.33,
Uttar Pradesh - 2025,01-Jul 1am,22736.89,
Uttar Pradesh - 2025,01-Jul 2am,21859.28,
Uttar Pradesh - 2025,01-Jul 3am,20955.49,
Uttar Pradesh - 2025,01-Jul 4am,20431.16,
Uttar Pradesh - 2025,01-Jul 5am,19493.16,
Uttar Pradesh - 2025,01-Jul 6am,17365.41,
Uttar Pradesh - 2025,01-Jul 7am,15596.54,
Uttar Pradesh - 2025,01-Jul 8am,15214.44,
Uttar Pradesh - 2025,01-Jul 9am,17342.87,
Uttar Pradesh - 2025,01-Jul 10am,18613.45,
Uttar Pradesh - 2025,01-Jul 11am,19650.55,
Uttar Pradesh - 2025,01-Jul 12pm,19385.9,
Uttar Pradesh - 2025,01-Jul 1pm,19248.96,
Uttar Pradesh - 2025,01-Jul 2pm,19197.76,
Uttar Pradesh - 2025,01-Jul 3pm,18754.59,
Uttar Pradesh - 2025,01-Jul 4pm,17960.15,
Uttar Pradesh - 2025,01-Jul 5pm,16930.46,
Uttar Pradesh - 2025,01-Jul 6pm,17832.94,
Uttar Pradesh - 2025,01-Jul 7pm,19947.03,
Uttar Pradesh - 2025,01-Jul 8pm,25386.14,
Uttar Pradesh - 2025,01-Jul 9pm,25807.66,
Uttar Pradesh - 2025,01-Jul 10pm,26425.75,
Uttar Pradesh - 2025,01-Jul 11pm,26561.86,
Uttar Pradesh - 2025,02-Jul 12am,25906.71,
Uttar Pradesh - 2025,02-Jul 1am,24557.42,
Uttar Pradesh - 2025,02-Jul 2am,23558.61,
Uttar Pradesh - 2025,02-Jul 3am,22771.22,
Uttar Pradesh - 2025,02-Jul 4am,22101.87,
Uttar Pradesh - 2025,02-Jul 5am,21207.8,
Uttar Pradesh - 2025,02-Jul 6am,18581.57,
Uttar Pradesh - 2025,02-Jul 7am,16404.53,
Uttar Pradesh - 2025,02-Jul 8am,15995.62,
Uttar Pradesh - 2025,02-Jul 9am,18249.45,
Uttar Pradesh - 2025,02-Jul 10am,20686.51,
Uttar Pradesh - 2025,02-Jul 11am,21515.77,
Uttar Pradesh - 2025,02-Jul 12pm,21905.8,
Uttar Pradesh - 2025,02-Jul 1pm,21610.88,
Uttar Pradesh - 2025,02-Jul 2pm,20677.19,
Uttar Pradesh - 2025,02-Jul 3pm,20310.4,
Uttar Pradesh - 2025,02-Jul 4pm,19586.41,
Uttar Pradesh - 2025,02-Jul 5pm,19448.36,
Uttar Pradesh - 2025,02-Jul 6pm,20261.29,
Uttar Pradesh - 2025,02-Jul 7pm,23544.71,
Uttar Pradesh - 2025,02-Jul 8pm,26704.89,
Uttar Pradesh - 2025,02-Jul 9pm,27527.93,
Uttar Pradesh - 2025,02-Jul 10pm,27992.5,
Uttar Pradesh - 2025,02-Jul 11pm,28068.27,
Uttar Pradesh - 2025,03-Jul 12am,27693.83,
Uttar Pradesh - 2025,03-Jul 1am,26830.41,
Uttar Pradesh - 2025,03-Jul 2am,25901.29,
Uttar Pradesh - 2025,03-Jul 3am,25045.64,
Uttar Pradesh - 2025,03-Jul 4am,24551.48,
Uttar Pradesh - 2025,03-Jul 5am,23594.26,
Uttar Pradesh - 2025,03-Jul 6am,19848.04,
Uttar Pradesh - 2025,03-Jul 7am,17873.65,
Uttar Pradesh - 2025,03-Jul 8am,17271.49,
Uttar Pradesh - 2025,03-Jul 9am,20008.47,
Uttar Pradesh - 2025,03-Jul 10am,21252.9,
Uttar Pradesh - 2025,03-Jul 11am,22392.76,
Uttar Pradesh - 2025,03-Jul 12pm,22006.23,
Uttar Pradesh - 2025,03-Jul 1pm,22683.7,
Uttar Pradesh - 2025,03-Jul 2pm,22571.43,
Uttar Pradesh - 2025,03-Jul 3pm,22269.19,
Uttar Pradesh - 2025,03-Jul 4pm,21351.82,
Uttar Pradesh - 2025,03-Jul 5pm,19981.24,
Uttar Pradesh - 2025,03-Jul 6pm,20869.89,
Uttar Pradesh - 2025,03-Jul 7pm,23302.92,
Uttar Pradesh - 2025,03-Jul 8pm,26939.92,
Uttar Pradesh - 2025,03-Jul 9pm,27323.6,
Uttar Pradesh - 2025,03-Jul 10pm,28325.3,
Uttar Pradesh - 2025,03-Jul 11pm,28630.88,
Uttar Pradesh - 2025,04-Jul 12am,28633,
Uttar Pradesh - 2025,04-Jul 1am,28154.14,
Uttar Pradesh - 2025,04-Jul 2am,26895.96,
Uttar Pradesh - 2025,04-Jul 3am,26299.85,
Uttar Pradesh - 2025,04-Jul 4am,25582.89,
Uttar Pradesh - 2025,04-Jul 5am,24350.97,
Uttar Pradesh - 2025,04-Jul 6am,21450.83,
Uttar Pradesh - 2025,04-Jul 7am,18620.11,
Uttar Pradesh - 2025,04-Jul 8am,17656.69,
Uttar Pradesh - 2025,04-Jul 9am,20727.23,
Uttar Pradesh - 2025,04-Jul 10am,22793.02,
Uttar Pradesh - 2025,04-Jul 11am,23879.98,
Uttar Pradesh - 2025,04-Jul 12pm,23888.71,
Uttar Pradesh - 2025,04-Jul 1pm,24226.56,
Uttar Pradesh - 2025,04-Jul 2pm,23866.6,
Uttar Pradesh - 2025,04-Jul 3pm,22984.58,
Uttar Pradesh - 2025,04-Jul 4pm,20805.73,
Uttar Pradesh - 2025,04-Jul 5pm,19578.09,
Uttar Pradesh - 2025,04-Jul 6pm,20856.86,
Uttar Pradesh - 2025,04-Jul 7pm,22680.79,
Uttar Pradesh - 2025,04-Jul 8pm,27436.21,
Uttar Pradesh - 2025,04-Jul 9pm,28202.02,
Uttar Pradesh - 2025,04-Jul 10pm,28495.11,
Uttar Pradesh - 2025,04-Jul 11pm,28675.51,
Uttar Pradesh - 2025,05-Jul 12am,28051.73,
Uttar Pradesh - 2025,05-Jul 1am,27030.27,
Uttar Pradesh - 2025,05-Jul 2am,26245.56,
Uttar Pradesh - 2025,05-Jul 3am,25648.81,
Uttar Pradesh - 2025,05-Jul 4am,25151.78,
Uttar Pradesh - 2025,05-Jul 5am,23634.07,
Uttar Pradesh - 2025,05-Jul 6am,20499.7,
Uttar Pradesh - 2025,05-Jul 7am,18319.43,
Uttar Pradesh - 2025,05-Jul 8am,18158.8,
Uttar Pradesh - 2025,05-Jul 9am,20824.94,
Uttar Pradesh - 2025,05-Jul 10am,23126.45,
Uttar Pradesh - 2025,05-Jul 11am,24178.1,
Uttar Pradesh - 2025,05-Jul 12pm,25049.76,
Uttar Pradesh - 2025,05-Jul 1pm,24438.92,
Uttar Pradesh - 2025,05-Jul 2pm,24120.25,
Uttar Pradesh - 2025,05-Jul 3pm,23164.51,
Uttar Pradesh - 2025,05-Jul 4pm,21212.23,
Uttar Pradesh - 2025,05-Jul 5pm,19699.54,
Uttar Pradesh - 2025,05-Jul 6pm,21025.18,
Uttar Pradesh - 2025,05-Jul 7pm,23839.49,
Uttar Pradesh - 2025,05-Jul 8pm,28034.08,
Uttar Pradesh - 2025,05-Jul 9pm,28936.02,
Uttar Pradesh - 2025,05-Jul 10pm,29386.56,
Uttar Pradesh - 2025,05-Jul 11pm,29421.11,
Uttar Pradesh - 2025,06-Jul 12am,28973.61,
Uttar Pradesh - 2025,06-Jul 1am,28181.53,
Uttar Pradesh - 2025,06-Jul 2am,27336.31,
Uttar Pradesh - 2025,06-Jul 3am,26551.58,
Uttar Pradesh - 2025,06-Jul 4am,26314.72,
Uttar Pradesh - 2025,06-Jul 5am,24781.19,
Uttar Pradesh - 2025,06-Jul 6am,21851.09,
Uttar Pradesh - 2025,06-Jul 7am,19523.04,
Uttar Pradesh - 2025,06-Jul 8am,19446.04,
Uttar Pradesh - 2025,06-Jul 9am,21312.62,
Uttar Pradesh - 2025,06-Jul 10am,22486.36,
Uttar Pradesh - 2025,06-Jul 11am,22544.56,
Uttar Pradesh - 2025,06-Jul 12pm,22634.74,
Uttar Pradesh - 2025,06-Jul 1pm,23554.48,
Uttar Pradesh - 2025,06-Jul 2pm,22432.21,
Uttar Pradesh - 2025,06-Jul 3pm,20860.71,
Uttar Pradesh - 2025,06-Jul 4pm,19139.93,
Uttar Pradesh - 2025,06-Jul 5pm,18186.5,
Uttar Pradesh - 2025,06-Jul 6pm,16775.77,
Uttar Pradesh - 2025,06-Jul 7pm,19261.63,
Uttar Pradesh - 2025,06-Jul 8pm,26269.27,
Uttar Pradesh - 2025,06-Jul 9pm,27967.46,
Uttar Pradesh - 2025,06-Jul 10pm,28542.69,
Uttar Pradesh - 2025,06-Jul 11pm,28478.72,
Uttar Pradesh - 2025,07-Jul 12am,28254.27,
Uttar Pradesh - 2025,07-Jul 1am,27761.57,
Uttar Pradesh - 2025,07-Jul 2am,27066.57,
Uttar Pradesh - 2025,07-Jul 3am,26261.9,
Uttar Pradesh - 2025,07-Jul 4am,25384.05,
Uttar Pradesh - 2025,07-Jul 5am,23149.8,
Uttar Pradesh - 2025,07-Jul 6am,20167.59,
Uttar Pradesh - 2025,07-Jul 7am,18087.81,
Uttar Pradesh - 2025,07-Jul 8am,17107.04,
Uttar Pradesh - 2025,07-Jul 9am,20229.6,
Uttar Pradesh - 2025,07-Jul 10am,21571.07,
Uttar Pradesh - 2025,07-Jul 11am,22078.48,
Uttar Pradesh - 2025,07-Jul 12pm,22619.81,
Uttar Pradesh - 2025,07-Jul 1pm,23021.87,
Uttar Pradesh - 2025,07-Jul 2pm,22456.47,
Uttar Pradesh - 2025,07-Jul 3pm,21041.2,
Uttar Pradesh - 2025,07-Jul 4pm,19773.22,
Uttar Pradesh - 2025,07-Jul 5pm,20211.49,
Uttar Pradesh - 2025,07-Jul 6pm,22477.79,
Uttar Pradesh - 2025,07-Jul 7pm,24575.82,
Uttar Pradesh - 2025,07-Jul 8pm,27944.24,
Uttar Pradesh - 2025,07-Jul 9pm,29002.82,
Uttar Pradesh - 2025,07-Jul 10pm,29362.54,
Uttar Pradesh - 2025,07-Jul 11pm,29761,
Uttar Pradesh - 2025,08-Jul 12am,29369.3,
Uttar Pradesh - 2025,08-Jul 1am,28652.04,
Uttar Pradesh - 2025,08-Jul 2am,27933.48,
Uttar Pradesh - 2025,08-Jul 3am,27382.2,
Uttar Pradesh - 2025,08-Jul 4am,26868.92,
Uttar Pradesh - 2025,08-Jul 5am,25821.71,
Uttar Pradesh - 2025,08-Jul 6am,22125.77,
Uttar Pradesh - 2025,08-Jul 7am,19030.92,
Uttar Pradesh - 2025,08-Jul 8am,19238.88,
Uttar Pradesh - 2025,08-Jul 9am,21777.58,
Uttar Pradesh - 2025,08-Jul 10am,25170.14,
Uttar Pradesh - 2025,08-Jul 11am,25459.59,
Uttar Pradesh - 2025,08-Jul 12pm,25400.71,
Uttar Pradesh - 2025,08-Jul 1pm,25701.44,
Uttar Pradesh - 2025,08-Jul 2pm,24997.88,
Uttar Pradesh - 2025,08-Jul 3pm,24149.13,
Uttar Pradesh - 2025,08-Jul 4pm,22465.58,
Uttar Pradesh - 2025,08-Jul 5pm,22474.14,
Uttar Pradesh - 2025,08-Jul 6pm,23599.75,
Uttar Pradesh - 2025,08-Jul 7pm,24102.92,
Uttar Pradesh - 2025,08-Jul 8pm,27216.54,
Uttar Pradesh - 2025,08-Jul 9pm,27299.5,
Uttar Pradesh - 2025,08-Jul 10pm,27339.06,
Uttar Pradesh - 2025,08-Jul 11pm,27521.95,
Uttar Pradesh - 2025,09-Jul 12am,28325.81,
Uttar Pradesh - 2025,09-Jul 1am,29028.23,
Uttar Pradesh - 2025,09-Jul 2am,28280.14,
Uttar Pradesh - 2025,09-Jul 3am,27113.44,
Uttar Pradesh - 2025,09-Jul 4am,26070.54,
Uttar Pradesh - 2025,09-Jul 5am,24264.06,
Uttar Pradesh - 2025,09-Jul 6am,20391.35,
Uttar Pradesh - 2025,09-Jul 7am,17936.5,
Uttar Pradesh - 2025,09-Jul 8am,16665.98,
Uttar Pradesh - 2025,09-Jul 9am,18681.42,
Uttar Pradesh - 2025,09-Jul 10am,20679.63,
Uttar Pradesh - 2025,09-Jul 11am,21584.82,
Uttar Pradesh - 2025,09-Jul 12pm,21227.91,
Uttar Pradesh - 2025,09-Jul 1pm,21627.16,
Uttar Pradesh - 2025,09-Jul 2pm,22264.83,
Uttar Pradesh - 2025,09-Jul 3pm,21407.81,
Uttar Pradesh - 2025,09-Jul 4pm,20161.01,
Uttar Pradesh - 2025,09-Jul 5pm,20036.53,
Uttar Pradesh - 2025,09-Jul 6pm,21480.91,
Uttar Pradesh - 2025,09-Jul 7pm,22221.15,
Uttar Pradesh - 2025,09-Jul 8pm,26092.84,
Uttar Pradesh - 2025,09-Jul 9pm,26754.76,
Uttar Pradesh - 2025,09-Jul 10pm,27229.4,
Uttar Pradesh - 2025,09-Jul 11pm,27015.29,
Uttar Pradesh - 2025,10-Jul 12am,26434.56,
Uttar Pradesh - 2025,10-Jul 1am,25537.23,
Uttar Pradesh - 2025,10-Jul 2am,24418.99,
Uttar Pradesh - 2025,10-Jul 3am,23550.49,
Uttar Pradesh - 2025,10-Jul 4am,22615.04,
Uttar Pradesh - 2025,10-Jul 5am,21423.88,
Uttar Pradesh - 2025,10-Jul 6am,19192.58,
Uttar Pradesh - 2025,10-Jul 7am,17472.25,
Uttar Pradesh - 2025,10-Jul 8am,17090.76,
Uttar Pradesh - 2025,10-Jul 9am,18757.05,
Uttar Pradesh - 2025,10-Jul 10am,20730.95,
Uttar Pradesh - 2025,10-Jul 11am,20956.77,
Uttar Pradesh - 2025,10-Jul 12pm,21102.77,
Uttar Pradesh - 2025,10-Jul 1pm,21046.4,
Uttar Pradesh - 2025,10-Jul 2pm,21533.88,
Uttar Pradesh - 2025,10-Jul 3pm,20229.64,
Uttar Pradesh - 2025,10-Jul 4pm,19492.08,
Uttar Pradesh - 2025,10-Jul 5pm,18911.37,
Uttar Pradesh - 2025,10-Jul 6pm,20264.42,
Uttar Pradesh - 2025,10-Jul 7pm,23639.93,
Uttar Pradesh - 2025,10-Jul 8pm,26439.18,
Uttar Pradesh - 2025,10-Jul 9pm,27427.12,
Uttar Pradesh - 2025,10-Jul 10pm,28004.32,
Uttar Pradesh - 2025,10-Jul 11pm,27948.29,
Uttar Pradesh - 2025,11-Jul 12am,27416.23,
Uttar Pradesh - 2025,11-Jul 1am,26708.2,
Uttar Pradesh - 2025,11-Jul 2am,25912.82,
Uttar Pradesh - 2025,11-Jul 3am,25154.39,
Uttar Pradesh - 2025,11-Jul 4am,24388.75,
Uttar Pradesh - 2025,11-Jul 5am,22982.48,
Uttar Pradesh - 2025,11-Jul 6am,20811.57,
Uttar Pradesh - 2025,11-Jul 7am,18054.52,
Uttar Pradesh - 2025,11-Jul 8am,17490.68,
Uttar Pradesh - 2025,11-Jul 9am,19920.17,
Uttar Pradesh - 2025,11-Jul 10am,22255.92,
Uttar Pradesh - 2025,11-Jul 11am,23334.3,
Uttar Pradesh - 2025,11-Jul 12pm,23168.48,
Uttar Pradesh - 2025,11-Jul 1pm,22593.11,
Uttar Pradesh - 2025,11-Jul 2pm,21762.61,
Uttar Pradesh - 2025,11-Jul 3pm,20615.77,
Uttar Pradesh - 2025,11-Jul 4pm,19466.69,
Uttar Pradesh - 2025,11-Jul 5pm,19376,
Uttar Pradesh - 2025,11-Jul 6pm,20783.61,
Uttar Pradesh - 2025,11-Jul 7pm,23636.16,
Uttar Pradesh - 2025,11-Jul 8pm,27136.57,
Uttar Pradesh - 2025,11-Jul 9pm,27994.7,
Uttar Pradesh - 2025,11-Jul 10pm,28478.91,
Uttar Pradesh - 2025,11-Jul 11pm,28301.73,
Uttar Pradesh - 2025,12-Jul 12am,27772.61,
Uttar Pradesh - 2025,12-Jul 1am,26985.69,
Uttar Pradesh - 2025,12-Jul 2am,26160.88,
Uttar Pradesh - 2025,12-Jul 3am,25045.45,
Uttar Pradesh - 2025,12-Jul 4am,24206.08,
Uttar Pradesh - 2025,12-Jul 5am,23264.28,
Uttar Pradesh - 2025,12-Jul 6am,20283.67,
Uttar Pradesh - 2025,12-Jul 7am,17177.6,
Uttar Pradesh - 2025,12-Jul 8am,17524.26,
Uttar Pradesh - 2025,12-Jul 9am,19190.75,
Uttar Pradesh - 2025,12-Jul 10am,21403.09,
Uttar Pradesh - 2025,12-Jul 11am,22310.01,
Uttar Pradesh - 2025,12-Jul 12pm,23261.88,
Uttar Pradesh - 2025,12-Jul 1pm,23093.98,
Uttar Pradesh - 2025,12-Jul 2pm,22383.59,
Uttar Pradesh - 2025,12-Jul 3pm,20724.95,
Uttar Pradesh - 2025,12-Jul 4pm,18599.92,
Uttar Pradesh - 2025,12-Jul 5pm,18329.66,
Uttar Pradesh - 2025,12-Jul 6pm,18740.93,
Uttar Pradesh - 2025,12-Jul 7pm,22113.94,
Uttar Pradesh - 2025,12-Jul 8pm,25771.2,
Uttar Pradesh - 2025,12-Jul 9pm,27044.86,
Uttar Pradesh - 2025,12-Jul 10pm,27567.23,
Uttar Pradesh - 2025,12-Jul 11pm,27444.96,
Uttar Pradesh - 2025,13-Jul 12am,26118.6,
Uttar Pradesh - 2025,13-Jul 1am,25360.67,
Uttar Pradesh - 2025,13-Jul 2am,24246.42,
Uttar Pradesh - 2025,13-Jul 3am,23386.79,
Uttar Pradesh - 2025,13-Jul 4am,22478.11,
Uttar Pradesh - 2025,13-Jul 5am,21438.7,
Uttar Pradesh - 2025,13-Jul 6am,18482.78,
Uttar Pradesh - 2025,13-Jul 7am,16477.84,
Uttar Pradesh - 2025,13-Jul 8am,16193.26,
Uttar Pradesh - 2025,13-Jul 9am,17806.26,
Uttar Pradesh - 2025,13-Jul 10am,20202.26,
Uttar Pradesh - 2025,13-Jul 11am,20986.83,
Uttar Pradesh - 2025,13-Jul 12pm,20986.77,
Uttar Pradesh - 2025,13-Jul 1pm,21213.3,
Uttar Pradesh - 2025,13-Jul 2pm,20256,
Uttar Pradesh - 2025,13-Jul 3pm,20134.7,
Uttar Pradesh - 2025,13-Jul 4pm,19060.39,
Uttar Pradesh - 2025,13-Jul 5pm,17917.96,
Uttar Pradesh - 2025,13-Jul 6pm,18729.23,
Uttar Pradesh - 2025,13-Jul 7pm,20309.56,
Uttar Pradesh - 2025,13-Jul 8pm,24248.56,
Uttar Pradesh - 2025,13-Jul 9pm,24671.04,
Uttar Pradesh - 2025,13-Jul 10pm,23935.62,
Uttar Pradesh - 2025,13-Jul 11pm,23063.05,
Uttar Pradesh - 2025,14-Jul 12am,22298.92,
Uttar Pradesh - 2025,14-Jul 1am,21611.22,
Uttar Pradesh - 2025,14-Jul 2am,20733.56,
Uttar Pradesh - 2025,14-Jul 3am,19856.45,
Uttar Pradesh - 2025,14-Jul 4am,19202.75,
Uttar Pradesh - 2025,14-Jul 5am,18378.94,
Uttar Pradesh - 2025,14-Jul 6am,16301.93,
Uttar Pradesh - 2025,14-Jul 7am,15017.81,
Uttar Pradesh - 2025,14-Jul 8am,15086.33,
Uttar Pradesh - 2025,14-Jul 9am,17503.86,
Uttar Pradesh - 2025,14-Jul 10am,19145.43,
Uttar Pradesh - 2025,14-Jul 11am,19725.67,
Uttar Pradesh - 2025,14-Jul 12pm,20243.19,
Uttar Pradesh - 2025,14-Jul 1pm,20636.9,
Uttar Pradesh - 2025,14-Jul 2pm,20741.42,
Uttar Pradesh - 2025,14-Jul 3pm,20103.83,
Uttar Pradesh - 2025,14-Jul 4pm,18645.64,
Uttar Pradesh - 2025,14-Jul 5pm,18449.46,
Uttar Pradesh - 2025,14-Jul 6pm,19712.88,
Uttar Pradesh - 2025,14-Jul 7pm,21907.89,
Uttar Pradesh - 2025,14-Jul 8pm,24760.01,
Uttar Pradesh - 2025,14-Jul 9pm,25803.64,
Uttar Pradesh - 2025,14-Jul 10pm,26578.02,
Uttar Pradesh - 2025,14-Jul 11pm,26119.01,
Uttar Pradesh - 2025,15-Jul 12am,25504.37,
Uttar Pradesh - 2025,15-Jul 1am,25146.64,
Uttar Pradesh - 2025,15-Jul 2am,24255.55,
Uttar Pradesh - 2025,15-Jul 3am,23719.35,
Uttar Pradesh - 2025,15-Jul 4am,23108.34,
Uttar Pradesh - 2025,15-Jul 5am,22137.56,
Uttar Pradesh - 2025,15-Jul 6am,19580.55,
Uttar Pradesh - 2025,15-Jul 7am,17618.68,
Uttar Pradesh - 2025,15-Jul 8am,17534.22,
Uttar Pradesh - 2025,15-Jul 9am,19572.64,
Uttar Pradesh - 2025,15-Jul 10am,21105.26,
Uttar Pradesh - 2025,15-Jul 11am,22661.54,
Uttar Pradesh - 2025,15-Jul 12pm,22178.82,
Uttar Pradesh - 2025,15-Jul 1pm,21981.08,
Uttar Pradesh - 2025,15-Jul 2pm,21807.13,
Uttar Pradesh - 2025,15-Jul 3pm,20962.67,
Uttar Pradesh - 2025,15-Jul 4pm,19759.3,
Uttar Pradesh - 2025,15-Jul 5pm,19035.99,
Uttar Pradesh - 2025,15-Jul 6pm,19408.64,
Uttar Pradesh - 2025,15-Jul 7pm,23002.16,
Uttar Pradesh - 2025,15-Jul 8pm,25618.29,
Uttar Pradesh - 2025,15-Jul 9pm,27120.03,
Uttar Pradesh - 2025,15-Jul 10pm,27913.32,
Uttar Pradesh - 2025,15-Jul 11pm,28026.21,
Uttar Pradesh - 2025,16-Jul 12am,27498.86,
Uttar Pradesh - 2025,16-Jul 1am,26345.27,
Uttar Pradesh - 2025,16-Jul 2am,25490.32,
Uttar Pradesh - 2025,16-Jul 3am,24640.94,
Uttar Pradesh - 2025,16-Jul 4am,23615.56,
Uttar Pradesh - 2025,16-Jul 5am,22514.71,
Uttar Pradesh - 2025,16-Jul 6am,19712.2,
Uttar Pradesh - 2025,16-Jul 7am,17570.33,
Uttar Pradesh - 2025,16-Jul 8am,17251.25,
Uttar Pradesh - 2025,16-Jul 9am,18721.1,
Uttar Pradesh - 2025,16-Jul 10am,21481.68,
Uttar Pradesh - 2025,16-Jul 11am,21543.97,
Uttar Pradesh - 2025,16-Jul 12pm,21609.15,
Uttar Pradesh - 2025,16-Jul 1pm,20494.75,
Uttar Pradesh - 2025,16-Jul 2pm,20691.08,
Uttar Pradesh - 2025,16-Jul 3pm,19794.21,
Uttar Pradesh - 2025,16-Jul 4pm,19241.77,
Uttar Pradesh - 2025,16-Jul 5pm,18424.37,
Uttar Pradesh - 2025,16-Jul 6pm,19164.77,
Uttar Pradesh - 2025,16-Jul 7pm,20887.77,
Uttar Pradesh - 2025,16-Jul 8pm,24685.48,
Uttar Pradesh - 2025,16-Jul 9pm,24710.86,
Uttar Pradesh - 2025,16-Jul 10pm,24741.15,
Uttar Pradesh - 2025,16-Jul 11pm,24499.44,
Uttar Pradesh - 2025,17-Jul 12am,23551.36,
Uttar Pradesh - 2025,17-Jul 1am,22096.64,
Uttar Pradesh - 2025,17-Jul 2am,20839.62,
Uttar Pradesh - 2025,17-Jul 3am,20163,
Uttar Pradesh - 2025,17-Jul 4am,19246.14,
Uttar Pradesh - 2025,17-Jul 5am,18212.87,
Uttar Pradesh - 2025,17-Jul 6am,15751.38,
Uttar Pradesh - 2025,17-Jul 7am,14392.64,
Uttar Pradesh - 2025,17-Jul 8am,14911.72,
Uttar Pradesh - 2025,17-Jul 9am,17114.41,
Uttar Pradesh - 2025,17-Jul 10am,19174.48,
Uttar Pradesh - 2025,17-Jul 11am,19520.54,
Uttar Pradesh - 2025,17-Jul 12pm,19559.31,
Uttar Pradesh - 2025,17-Jul 1pm,19110.44,
Uttar Pradesh - 2025,17-Jul 2pm,18635.55,
Uttar Pradesh - 2025,17-Jul 3pm,17198.35,
Uttar Pradesh - 2025,17-Jul 4pm,17117.95,
Uttar Pradesh - 2025,17-Jul 5pm,16582.96,
Uttar Pradesh - 2025,17-Jul 6pm,17135.05,
Uttar Pradesh - 2025,17-Jul 7pm,19510.24,
Uttar Pradesh - 2025,17-Jul 8pm,22963.09,
Uttar Pradesh - 2025,17-Jul 9pm,23334.03,
Uttar Pradesh - 2025,17-Jul 10pm,22867.6,
Uttar Pradesh - 2025,17-Jul 11pm,23010.09,
Uttar Pradesh - 2025,18-Jul 12am,22275.36,
Uttar Pradesh - 2025,18-Jul 1am,21140.29,
Uttar Pradesh - 2025,18-Jul 2am,20196.25,
Uttar Pradesh - 2025,18-Jul 3am,19389.9,
Uttar Pradesh - 2025,18-Jul 4am,18913.49,
Uttar Pradesh - 2025,18-Jul 5am,18301.1,
Uttar Pradesh - 2025,18-Jul 6am,15807.69,
Uttar Pradesh - 2025,18-Jul 7am,14046.25,
Uttar Pradesh - 2025,18-Jul 8am,14950.09,
Uttar Pradesh - 2025,18-Jul 9am,16816.43,
Uttar Pradesh - 2025,18-Jul 10am,18218.16,
Uttar Pradesh - 2025,18-Jul 11am,18797.79,
Uttar Pradesh - 2025,18-Jul 12pm,18327.21,
Uttar Pradesh - 2025,18-Jul 1pm,18503.67,
Uttar Pradesh - 2025,18-Jul 2pm,18326.12,
Uttar Pradesh - 2025,18-Jul 3pm,17862.9,
Uttar Pradesh - 2025,18-Jul 4pm,17842.93,
Uttar Pradesh - 2025,18-Jul 5pm,18359.25,
Uttar Pradesh - 2025,18-Jul 6pm,20101.25,
Uttar Pradesh - 2025,18-Jul 7pm,22716.62,
Uttar Pradesh - 2025,18-Jul 8pm,26357.73,
Uttar Pradesh - 2025,18-Jul 9pm,27595.28,
Uttar Pradesh - 2025,18-Jul 10pm,27696.85,
Uttar Pradesh - 2025,18-Jul 11pm,28026.56,
Uttar Pradesh - 2025,19-Jul 12am,27650.73,
Uttar Pradesh - 2025,19-Jul 1am,26691.58,
Uttar Pradesh - 2025,19-Jul 2am,25719.09,
Uttar Pradesh - 2025,19-Jul 3am,25073.38,
Uttar Pradesh - 2025,19-Jul 4am,24417.28,
Uttar Pradesh - 2025,19-Jul 5am,22727.54,
Uttar Pradesh - 2025,19-Jul 6am,19366.93,
Uttar Pradesh - 2025,19-Jul 7am,17914.33,
Uttar Pradesh - 2025,19-Jul 8am,17437.35,
Uttar Pradesh - 2025,19-Jul 9am,20639.87,
Uttar Pradesh - 2025,19-Jul 10am,22346.24,
Uttar Pradesh - 2025,19-Jul 11am,23012.06,
Uttar Pradesh - 2025,19-Jul 12pm,23265.63,
Uttar Pradesh - 2025,19-Jul 1pm,24068.81,
Uttar Pradesh - 2025,19-Jul 2pm,24448.65,
Uttar Pradesh - 2025,19-Jul 3pm,23116.46,
Uttar Pradesh - 2025,19-Jul 4pm,21592.13,
Uttar Pradesh - 2025,19-Jul 5pm,21613.87,
Uttar Pradesh - 2025,19-Jul 6pm,22471.54,
Uttar Pradesh - 2025,19-Jul 7pm,24980.2,
Uttar Pradesh - 2025,19-Jul 8pm,28468.94,
Uttar Pradesh - 2025,19-Jul 9pm,29075.32,
Uttar Pradesh - 2025,19-Jul 10pm,29271.27,
Uttar Pradesh - 2025,19-Jul 11pm,29674.37,
Uttar Pradesh - 2025,20-Jul 12am,28932.55,
Uttar Pradesh - 2025,20-Jul 1am,28854.33,
Uttar Pradesh - 2025,20-Jul 2am,28143.86,
Uttar Pradesh - 2025,20-Jul 3am,27439.97,
Uttar Pradesh - 2025,20-Jul 4am,26793.31,
Uttar Pradesh - 2025,20-Jul 5am,25474.8,
Uttar Pradesh - 2025,20-Jul 6am,21700.2,
Uttar Pradesh - 2025,20-Jul 7am,19822.28,
Uttar Pradesh - 2025,20-Jul 8am,20172.77,
Uttar Pradesh - 2025,20-Jul 9am,21894.87,
Uttar Pradesh - 2025,20-Jul 10am,21863.4,
Uttar Pradesh - 2025,20-Jul 11am,22509.46,
Uttar Pradesh - 2025,20-Jul 12pm,23344.5,
Uttar Pradesh - 2025,20-Jul 1pm,23869.43,
Uttar Pradesh - 2025,20-Jul 2pm,23611.88,
Uttar Pradesh - 2025,20-Jul 3pm,22579.68,
Uttar Pradesh - 2025,20-Jul 4pm,21085.27,
Uttar Pradesh - 2025,20-Jul 5pm,19926.34,
Uttar Pradesh - 2025,20-Jul 6pm,20650.19,
Uttar Pradesh - 2025,20-Jul 7pm,24694.76,
Uttar Pradesh - 2025,20-Jul 8pm,28311.46,
Uttar Pradesh - 2025,20-Jul 9pm,28887.78,
Uttar Pradesh - 2025,20-Jul 10pm,29409.47,
Uttar Pradesh - 2025,20-Jul 11pm,29417.88,
Uttar Pradesh - 2025,21-Jul 12am,29004.77,
Uttar Pradesh - 2025,21-Jul 1am,28232.73,
Uttar Pradesh - 2025,21-Jul 2am,27322.68,
Uttar Pradesh - 2025,21-Jul 3am,26617.64,
Uttar Pradesh - 2025,21-Jul 4am,26071.26,
Uttar Pradesh - 2025,21-Jul 5am,24725.1,
Uttar Pradesh - 2025,21-Jul 6am,20936.6,
Uttar Pradesh - 2025,21-Jul 7am,19287.52,
Uttar Pradesh - 2025,21-Jul 8am,18324.02,
Uttar Pradesh - 2025,21-Jul 9am,20838.69,
Uttar Pradesh - 2025,21-Jul 10am,22238.39,
Uttar Pradesh - 2025,21-Jul 11am,23564.71,
Uttar Pradesh - 2025,21-Jul 12pm,23851.27,
Uttar Pradesh - 2025,21-Jul 1pm,23742.01,
Uttar Pradesh - 2025,21-Jul 2pm,23906.41,
Uttar Pradesh - 2025,21-Jul 3pm,22394.77,
Uttar Pradesh - 2025,21-Jul 4pm,21379.75,
Uttar Pradesh - 2025,21-Jul 5pm,20305.3,
Uttar Pradesh - 2025,21-Jul 6pm,22291.99,
Uttar Pradesh - 2025,21-Jul 7pm,24281.42,
Uttar Pradesh - 2025,21-Jul 8pm,27929.1,
Uttar Pradesh - 2025,21-Jul 9pm,28571.22,
Uttar Pradesh - 2025,21-Jul 10pm,28522.73,
Uttar Pradesh - 2025,21-Jul 11pm,28689.53,
Uttar Pradesh - 2025,22-Jul 12am,28799.47,
Uttar Pradesh - 2025,22-Jul 1am,28166.45,
Uttar Pradesh - 2025,22-Jul 2am,27420.24,
Uttar Pradesh - 2025,22-Jul 3am,26715.17,
Uttar Pradesh - 2025,22-Jul 4am,26093.82,
Uttar Pradesh - 2025,22-Jul 5am,25189.55,
Uttar Pradesh - 2025,22-Jul 6am,21533.19,
Uttar Pradesh - 2025,22-Jul 7am,18740.44,
Uttar Pradesh - 2025,22-Jul 8am,20004.7,
Uttar Pradesh - 2025,22-Jul 9am,20829.87,
Uttar Pradesh - 2025,22-Jul 10am,23838.27,
Uttar Pradesh - 2025,22-Jul 11am,24868.41,
Uttar Pradesh - 2025,22-Jul 12pm,26380.07,
Uttar Pradesh - 2025,22-Jul 1pm,26175.07,
Uttar Pradesh - 2025,22-Jul 2pm,25050.79,
Uttar Pradesh - 2025,22-Jul 3pm,23574.7,
Uttar Pradesh - 2025,22-Jul 4pm,22819.2,
Uttar Pradesh - 2025,22-Jul 5pm,21659.68,
Uttar Pradesh - 2025,22-Jul 6pm,23013.13,
Uttar Pradesh - 2025,22-Jul 7pm,24736.82,
Uttar Pradesh - 2025,22-Jul 8pm,28182.22,
Uttar Pradesh - 2025,22-Jul 9pm,29078.11,
Uttar Pradesh - 2025,22-Jul 10pm,29909.44,
Uttar Pradesh - 2025,22-Jul 11pm,29010.43,
Uttar Pradesh - 2025,23-Jul 12am,29777.14,
Uttar Pradesh - 2025,23-Jul 1am,29330.03,
Uttar Pradesh - 2025,23-Jul 2am,28602.4,
Uttar Pradesh - 2025,23-Jul 3am,28025.22,
Uttar Pradesh - 2025,23-Jul 4am,27530.29,
Uttar Pradesh - 2025,23-Jul 5am,26262.56,
Uttar Pradesh - 2025,23-Jul 6am,23015.03,
Uttar Pradesh - 2025,23-Jul 7am,20322.04,
Uttar Pradesh - 2025,23-Jul 8am,20128.68,
Uttar Pradesh - 2025,23-Jul 9am,21385.13,
Uttar Pradesh - 2025,23-Jul 10am,22994.01,
Uttar Pradesh - 2025,23-Jul 11am,23342.99,
Uttar Pradesh - 2025,23-Jul 12pm,24012.75,
Uttar Pradesh - 2025,23-Jul 1pm,23171.17,
Uttar Pradesh - 2025,23-Jul 2pm,22772.89,
Uttar Pradesh - 2025,23-Jul 3pm,21321.04,
Uttar Pradesh - 2025,23-Jul 4pm,20842.29,
Uttar Pradesh - 2025,23-Jul 5pm,21605.77,
Uttar Pradesh - 2025,23-Jul 6pm,22620.19,
Uttar Pradesh - 2025,23-Jul 7pm,24087.68,
Uttar Pradesh - 2025,23-Jul 8pm,28118.51,
Uttar Pradesh - 2025,23-Jul 9pm,29074.09,
Uttar Pradesh - 2025,23-Jul 10pm,29291.98,
Uttar Pradesh - 2025,23-Jul 11pm,29404.04,
Uttar Pradesh - 2025,24-Jul 12am,29010.11,
Uttar Pradesh - 2025,24-Jul 1am,28273.67,
Uttar Pradesh - 2025,24-Jul 2am,27643.04,
Uttar Pradesh - 2025,24-Jul 3am,26985.32,
Uttar Pradesh - 2025,24-Jul 4am,26519.32,
Uttar Pradesh - 2025,24-Jul 5am,25410.83,
Uttar Pradesh - 2025,24-Jul 6am,22371.61,
Uttar Pradesh - 2025,24-Jul 7am,19411.96,
Uttar Pradesh - 2025,24-Jul 8am,19194.87,
Uttar Pradesh - 2025,24-Jul 9am,19999.18,
Uttar Pradesh - 2025,24-Jul 10am,22915.43,
Uttar Pradesh - 2025,24-Jul 11am,24832.41,
Uttar Pradesh - 2025,24-Jul 12pm,25217.57,
Uttar Pradesh - 2025,24-Jul 1pm,25718.46,
Uttar Pradesh - 2025,24-Jul 2pm,24973.49,
Uttar Pradesh - 2025,24-Jul 3pm,23615.6,
Uttar Pradesh - 2025,24-Jul 4pm,22307.99,
Uttar Pradesh - 2025,24-Jul 5pm,22256.25,
Uttar Pradesh - 2025,24-Jul 6pm,23285.47,
Uttar Pradesh - 2025,24-Jul 7pm,26365.55,
Uttar Pradesh - 2025,24-Jul 8pm,29499.3,
Uttar Pradesh - 2025,24-Jul 9pm,30094.68,
Uttar Pradesh - 2025,24-Jul 10pm,30094.68,
Uttar Pradesh - 2025,24-Jul 11pm,30094.68,
Uttar Pradesh - 2025,25-Jul 12am,29978.85,
Uttar Pradesh - 2025,25-Jul 1am,29065.87,
Uttar Pradesh - 2025,25-Jul 2am,28072.41,
Uttar Pradesh - 2025,25-Jul 3am,27168.88,
Uttar Pradesh - 2025,25-Jul 4am,26405.23,
Uttar Pradesh - 2025,25-Jul 5am,25564.95,
Uttar Pradesh - 2025,25-Jul 6am,22326.42,
Uttar Pradesh - 2025,25-Jul 7am,20355.68,
Uttar Pradesh - 2025,25-Jul 8am,20157.95,
Uttar Pradesh - 2025,25-Jul 9am,22232.86,
Uttar Pradesh - 2025,25-Jul 10am,24556.94,
Uttar Pradesh - 2025,25-Jul 11am,24972.07,
Uttar Pradesh - 2025,25-Jul 12pm,26118.79,
Uttar Pradesh - 2025,25-Jul 1pm,25400.57,
Uttar Pradesh - 2025,25-Jul 2pm,24480.19,
Uttar Pradesh - 2025,25-Jul 3pm,22827.51,
Uttar Pradesh - 2025,25-Jul 4pm,21532.39,
Uttar Pradesh - 2025,25-Jul 5pm,19689.16,
Uttar Pradesh - 2025,25-Jul 6pm,19125.88,
Uttar Pradesh - 2025,25-Jul 7pm,21899.11,
Uttar Pradesh - 2025,25-Jul 8pm,24787.59,
Uttar Pradesh - 2025,25-Jul 9pm,25010.44,
Uttar Pradesh - 2025,25-Jul 10pm,25099.05,
Uttar Pradesh - 2025,25-Jul 11pm,25091.84,
Uttar Pradesh - 2025,26-Jul 12am,25068.23,
Uttar Pradesh - 2025,26-Jul 1am,24544.73,
Uttar Pradesh - 2025,26-Jul 2am,24380.41,
Uttar Pradesh - 2025,26-Jul 3am,23755.42,
Uttar Pradesh - 2025,26-Jul 4am,23177.11,
Uttar Pradesh - 2025,26-Jul 5am,22096.65,
Uttar Pradesh - 2025,26-Jul 6am,19826.2,
Uttar Pradesh - 2025,26-Jul 7am,17797.71,
Uttar Pradesh - 2025,26-Jul 8am,17074.25,
Uttar Pradesh - 2025,26-Jul 9am,18901.93,
Uttar Pradesh - 2025,26-Jul 10am,21384.77,
Uttar Pradesh - 2025,26-Jul 11am,21788.92,
Uttar Pradesh - 2025,26-Jul 12pm,21848.74,
Uttar Pradesh - 2025,26-Jul 1pm,21893.22,
Uttar Pradesh - 2025,26-Jul 2pm,21567.02,
Uttar Pradesh - 2025,26-Jul 3pm,21614.97,
Uttar Pradesh - 2025,26-Jul 4pm,20917.16,
Uttar Pradesh - 2025,26-Jul 5pm,20973.96,
Uttar Pradesh - 2025,26-Jul 6pm,20491.13,
Uttar Pradesh - 2025,26-Jul 7pm,22731.95,
Uttar Pradesh - 2025,26-Jul 8pm,27453.48,
Uttar Pradesh - 2025,26-Jul 9pm,28234.13,
Uttar Pradesh - 2025,26-Jul 10pm,28887.9,
Uttar Pradesh - 2025,26-Jul 11pm,28812.99,
Uttar Pradesh - 2025,27-Jul 12am,28748.75,
Uttar Pradesh - 2025,27-Jul 1am,28185.43,
Uttar Pradesh - 2025,27-Jul 2am,27146.57,
Uttar Pradesh - 2025,27-Jul 3am,26128.55,
Uttar Pradesh - 2025,27-Jul 4am,25461.54,
Uttar Pradesh - 2025,27-Jul 5am,24638.56,
Uttar Pradesh - 2025,27-Jul 6am,22141.59,
Uttar Pradesh - 2025,27-Jul 7am,19407.13,
Uttar Pradesh - 2025,27-Jul 8am,18227.71,
Uttar Pradesh - 2025,27-Jul 9am,21633.66,
Uttar Pradesh - 2025,27-Jul 10am,24166.83,
Uttar Pradesh - 2025,27-Jul 11am,24786.07,
Uttar Pradesh - 2025,27-Jul 12pm,24906.25,
Uttar Pradesh - 2025,27-Jul 1pm,25188.19,
Uttar Pradesh - 2025,27-Jul 2pm,21496.91,
Uttar Pradesh - 2025,27-Jul 3pm,20292.2,
Uttar Pradesh - 2025,27-Jul 4pm,19624.13,
Uttar Pradesh - 2025,27-Jul 5pm,19923.13,
Uttar Pradesh - 2025,27-Jul 6pm,20709.02,
Uttar Pradesh - 2025,27-Jul 7pm,22873.08,
Uttar Pradesh - 2025,27-Jul 8pm,28276.29,
Uttar Pradesh - 2025,27-Jul 9pm,29016.63,
Uttar Pradesh - 2025,27-Jul 10pm,29726.78,
Uttar Pradesh - 2025,27-Jul 11pm,29514.57,
Uttar Pradesh - 2025,28-Jul 12am,29262.63,
Uttar Pradesh - 2025,28-Jul 1am,28357.53,
Uttar Pradesh - 2025,28-Jul 2am,27593.85,
Uttar Pradesh - 2025,28-Jul 3am,26888.54,
Uttar Pradesh - 2025,28-Jul 4am,26186.83,
Uttar Pradesh - 2025,28-Jul 5am,25011.6,
Uttar Pradesh - 2025,28-Jul 6am,21921.85,
Uttar Pradesh - 2025,28-Jul 7am,19511.87,
Uttar Pradesh - 2025,28-Jul 8am,18991.07,
Uttar Pradesh - 2025,28-Jul 9am,21148.27,
Uttar Pradesh - 2025,28-Jul 10am,23425.55,
Uttar Pradesh - 2025,28-Jul 11am,24139.85,
Uttar Pradesh - 2025,28-Jul 12pm,24199.16,
Uttar Pradesh - 2025,28-Jul 1pm,24166.86,
Uttar Pradesh - 2025,28-Jul 2pm,24153.4,
Uttar Pradesh - 2025,28-Jul 3pm,23076.91,
Uttar Pradesh - 2025,28-Jul 4pm,21744.21,
Uttar Pradesh - 2025,28-Jul 5pm,20860.13,
Uttar Pradesh - 2025,28-Jul 6pm,21375.8,
Uttar Pradesh - 2025,28-Jul 7pm,23672.57,
Uttar Pradesh - 2025,28-Jul 8pm,28587.68,
Uttar Pradesh - 2025,28-Jul 9pm,29327.24,
Uttar Pradesh - 2025,28-Jul 10pm,29437.83,
Uttar Pradesh - 2025,28-Jul 11pm,29120.83,
Uttar Pradesh - 2025,29-Jul 12am,28180.3,
Uttar Pradesh - 2025,29-Jul 1am,26958.5,
Uttar Pradesh - 2025,29-Jul 2am,26019.7,
Uttar Pradesh - 2025,29-Jul 3am,24688.45,
Uttar Pradesh - 2025,29-Jul 4am,23960.06,
Uttar Pradesh - 2025,29-Jul 5am,22827.13,
Uttar Pradesh - 2025,29-Jul 6am,20377.48,
Uttar Pradesh - 2025,29-Jul 7am,17427.99,
Uttar Pradesh - 2025,29-Jul 8am,18007.4,
Uttar Pradesh - 2025,29-Jul 9am,19883.91,
Uttar Pradesh - 2025,29-Jul 10am,21265.04,
Uttar Pradesh - 2025,29-Jul 11am,21516.54,
Uttar Pradesh - 2025,29-Jul 12pm,21570.42,
Uttar Pradesh - 2025,29-Jul 1pm,20936.79,
Uttar Pradesh - 2025,29-Jul 2pm,20944.91,
Uttar Pradesh - 2025,29-Jul 3pm,20350.39,
Uttar Pradesh - 2025,29-Jul 4pm,19435.01,
Uttar Pradesh - 2025,29-Jul 5pm,18510.37,
Uttar Pradesh - 2025,29-Jul 6pm,19132.31,
Uttar Pradesh - 2025,29-Jul 7pm,22044.14,
Uttar Pradesh - 2025,29-Jul 8pm,26665.14,
Uttar Pradesh - 2025,29-Jul 9pm,27291.48,
Uttar Pradesh - 2025,29-Jul 10pm,27592.39,
Uttar Pradesh - 2025,29-Jul 11pm,27176.53,
Uttar Pradesh - 2025,30-Jul 12am,26383.37,
Uttar Pradesh - 2025,30-Jul 1am,25192.85,
Uttar Pradesh - 2025,30-Jul 2am,24427.08,
Uttar Pradesh - 2025,30-Jul 3am,23454.3,
Uttar Pradesh - 2025,30-Jul 4am,22839.51,
Uttar Pradesh - 2025,30-Jul 5am,22106.81,
Uttar Pradesh - 2025,30-Jul 6am,19767.28,
Uttar Pradesh - 2025,30-Jul 7am,17705.39,
Uttar Pradesh - 2025,30-Jul 8am,17924.85,
Uttar Pradesh - 2025,30-Jul 9am,19723.37,
Uttar Pradesh - 2025,30-Jul 10am,21748.2,
Uttar Pradesh - 2025,30-Jul 11am,21467.85,
Uttar Pradesh - 2025,30-Jul 12pm,21543.93,
Uttar Pradesh - 2025,30-Jul 1pm,21804.04,
Uttar Pradesh - 2025,30-Jul 2pm,22142.58,
Uttar Pradesh - 2025,30-Jul 3pm,21009.71,
Uttar Pradesh - 2025,30-Jul 4pm,18821.74,
Uttar Pradesh - 2025,30-Jul 5pm,18130.64,
Uttar Pradesh - 2025,30-Jul 6pm,19786.48,
Uttar Pradesh - 2025,30-Jul 7pm,23394.67,
Uttar Pradesh - 2025,30-Jul 8pm,26704.66,
Uttar Pradesh - 2025,30-Jul 9pm,27131.98,
Uttar Pradesh - 2025,30-Jul 10pm,27128.69,
Uttar Pradesh - 2025,30-Jul 11pm,26578.17,
Uttar Pradesh - 2025,31-Jul 12am,25413.7,
Uttar Pradesh - 2025,31-Jul 1am,24466.13,
Uttar Pradesh - 2025,31-Jul 2am,23130.86,
Uttar Pradesh - 2025,31-Jul 3am,22308.31,
Uttar Pradesh - 2025,31-Jul 4am,21705.9,
Uttar Pradesh - 2025,31-Jul 5am,20847.98,
Uttar Pradesh - 2025,31-Jul 6am,18558.11,
Uttar Pradesh - 2025,31-Jul 7am,17087.97,
Uttar Pradesh - 2025,31-Jul 8am,16949.34,
Uttar Pradesh - 2025,31-Jul 9am,18341.31,
Uttar Pradesh - 2025,31-Jul 10am,19899.09,
Uttar Pradesh - 2025,31-Jul 11am,20930.73,
Uttar Pradesh - 2025,31-Jul 12pm,21835.55,
Uttar Pradesh - 2025,31-Jul 1pm,21262.78,
Uttar Pradesh - 2025,31-Jul 2pm,20666.28,
Uttar Pradesh - 2025,31-Jul 3pm,19752.31,
Uttar Pradesh - 2025,31-Jul 4pm,18500.51,
Uttar Pradesh - 2025,31-Jul 5pm,17564.28,
Uttar Pradesh - 2025,31-Jul 6pm,18498.18,
Uttar Pradesh - 2025,31-Jul 7pm,22118.21,
Uttar Pradesh - 2025,31-Jul 8pm,25852.46,
Uttar Pradesh - 2025,31-Jul 9pm,26495.63,
Uttar Pradesh - 2025,31-Jul 10pm,26654.48,
Uttar Pradesh - 2025,31-Jul 11pm,26333.17,
Uttar Pradesh - 2025,01-Aug 12am,25487.12,
Uttar Pradesh - 2025,01-Aug 1am,24495.3,
Uttar Pradesh - 2025,01-Aug 2am,23734.69,
Uttar Pradesh - 2025,01-Aug 3am,23121.84,
Uttar Pradesh - 2025,01-Aug 4am,22376.95,
Uttar Pradesh - 2025,01-Aug 5am,21761.19,
Uttar Pradesh - 2025,01-Aug 6am,19618.29,
Uttar Pradesh - 2025,01-Aug 7am,17515.77,
Uttar Pradesh - 2025,01-Aug 8am,16749.58,
Uttar Pradesh - 2025,01-Aug 9am,18406.01,
Uttar Pradesh - 2025,01-Aug 10am,20377.32,
Uttar Pradesh - 2025,01-Aug 11am,21011.27,
Uttar Pradesh - 2025,01-Aug 12pm,20872.21,
Uttar Pradesh - 2025,01-Aug 1pm,20297.75,
Uttar Pradesh - 2025,01-Aug 2pm,20086.74,
Uttar Pradesh - 2025,01-Aug 3pm,19761.28,
Uttar Pradesh - 2025,01-Aug 4pm,19415.15,
Uttar Pradesh - 2025,01-Aug 5pm,18254.96,
Uttar Pradesh - 2025,01-Aug 6pm,18533.31,
Uttar Pradesh - 2025,01-Aug 7pm,23492.19,
Uttar Pradesh - 2025,01-Aug 8pm,26835.65,
Uttar Pradesh - 2025,01-Aug 9pm,27620.5,
Uttar Pradesh - 2025,01-Aug 10pm,28000.14,
Uttar Pradesh - 2025,01-Aug 11pm,27745.9,
Uttar Pradesh - 2025,02-Aug 12am,26820.45,
Uttar Pradesh - 2025,02-Aug 1am,25759.06,
Uttar Pradesh - 2025,02-Aug 2am,24688.13,
Uttar Pradesh - 2025,02-Aug 3am,23866.2,
Uttar Pradesh - 2025,02-Aug 4am,23321.61,
Uttar Pradesh - 2025,02-Aug 5am,22388.21,
Uttar Pradesh - 2025,02-Aug 6am,19766.16,
Uttar Pradesh - 2025,02-Aug 7am,17725.54,
Uttar Pradesh - 2025,02-Aug 8am,16954.79,
Uttar Pradesh - 2025,02-Aug 9am,19134.11,
Uttar Pradesh - 2025,02-Aug 10am,20541.88,
Uttar Pradesh - 2025,02-Aug 11am,21664.59,
Uttar Pradesh - 2025,02-Aug 12pm,21871.53,
Uttar Pradesh - 2025,02-Aug 1pm,21482.77,
Uttar Pradesh - 2025,02-Aug 2pm,21253.23,
Uttar Pradesh - 2025,02-Aug 3pm,20135.92,
Uttar Pradesh - 2025,02-Aug 4pm,19682.27,
Uttar Pradesh - 2025,02-Aug 5pm,18687.9,
Uttar Pradesh - 2025,02-Aug 6pm,20091.58,
Uttar Pradesh - 2025,02-Aug 7pm,24131.21,
Uttar Pradesh - 2025,02-Aug 8pm,27484.48,
Uttar Pradesh - 2025,02-Aug 9pm,27906.17,
Uttar Pradesh - 2025,02-Aug 10pm,27987.44,
Uttar Pradesh - 2025,02-Aug 11pm,27564.78,
Uttar Pradesh - 2025,03-Aug 12am,26476.13,
Uttar Pradesh - 2025,03-Aug 1am,25924.92,
Uttar Pradesh - 2025,03-Aug 2am,24731.07,
Uttar Pradesh - 2025,03-Aug 3am,23528.69,
Uttar Pradesh - 2025,03-Aug 4am,22568.99,
Uttar Pradesh - 2025,03-Aug 5am,21083.41,
Uttar Pradesh - 2025,03-Aug 6am,17945.36,
Uttar Pradesh - 2025,03-Aug 7am,16026.43,
Uttar Pradesh - 2025,03-Aug 8am,15622.51,
Uttar Pradesh - 2025,03-Aug 9am,17071.21,
Uttar Pradesh - 2025,03-Aug 10am,17272.84,
Uttar Pradesh - 2025,03-Aug 11am,17881.68,
Uttar Pradesh - 2025,03-Aug 12pm,18510.63,
Uttar Pradesh - 2025,03-Aug 1pm,17564.98,
Uttar Pradesh - 2025,03-Aug 2pm,17794.68,
Uttar Pradesh - 2025,03-Aug 3pm,16087.13,
Uttar Pradesh - 2025,03-Aug 4pm,15985.53,
Uttar Pradesh - 2025,03-Aug 5pm,16507.62,
Uttar Pradesh - 2025,03-Aug 6pm,16033.73,
Uttar Pradesh - 2025,03-Aug 7pm,19121.1,
Uttar Pradesh - 2025,03-Aug 8pm,23149.57,
Uttar Pradesh - 2025,03-Aug 9pm,23726.5,
Uttar Pradesh - 2025,03-Aug 10pm,23620.72,
Uttar Pradesh - 2025,03-Aug 11pm,23279.94,
Uttar Pradesh - 2025,04-Aug 12am,22186.28,
Uttar Pradesh - 2025,04-Aug 1am,21144.09,
Uttar Pradesh - 2025,04-Aug 2am,19956.2,
Uttar Pradesh - 2025,04-Aug 3am,18698.09,
Uttar Pradesh - 2025,04-Aug 4am,17692.71,
Uttar Pradesh - 2025,04-Aug 5am,16756.11,
Uttar Pradesh - 2025,04-Aug 6am,15117.85,
Uttar Pradesh - 2025,04-Aug 7am,13745.67,
Uttar Pradesh - 2025,04-Aug 8am,13468.91,
Uttar Pradesh - 2025,04-Aug 9am,14712.79,
Uttar Pradesh - 2025,04-Aug 10am,16006.56,
Uttar Pradesh - 2025,04-Aug 11am,16765.64,
Uttar Pradesh - 2025,04-Aug 12pm,16250.96,
Uttar Pradesh - 2025,04-Aug 1pm,16189.18,
Uttar Pradesh - 2025,04-Aug 2pm,16374.42,
Uttar Pradesh - 2025,04-Aug 3pm,15519.5,
Uttar Pradesh - 2025,04-Aug 4pm,15308.03,
Uttar Pradesh - 2025,04-Aug 5pm,15337.38,
Uttar Pradesh - 2025,04-Aug 6pm,17037.06,
Uttar Pradesh - 2025,04-Aug 7pm,20927.95,
Uttar Pradesh - 2025,04-Aug 8pm,23508.67,
Uttar Pradesh - 2025,04-Aug 9pm,23745.89,
Uttar Pradesh - 2025,04-Aug 10pm,23717.79,
Uttar Pradesh - 2025,04-Aug 11pm,22868.83,
Uttar Pradesh - 2025,05-Aug 12am,21830.55,
Uttar Pradesh - 2025,05-Aug 1am,20761.46,
Uttar Pradesh - 2025,05-Aug 2am,19824.74,
Uttar Pradesh - 2025,05-Aug 3am,19159.84,
Uttar Pradesh - 2025,05-Aug 4am,18020.74,
Uttar Pradesh - 2025,05-Aug 5am,17508.5,
Uttar Pradesh - 2025,05-Aug 6am,16000.48,
Uttar Pradesh - 2025,05-Aug 7am,14921.81,
Uttar Pradesh - 2025,05-Aug 8am,14516.53,
Uttar Pradesh - 2025,05-Aug 9am,15815.33,
Uttar Pradesh - 2025,05-Aug 10am,16794.95,
Uttar Pradesh - 2025,05-Aug 11am,17654.54,
Uttar Pradesh - 2025,05-Aug 12pm,18065.84,
Uttar Pradesh - 2025,05-Aug 1pm,18009.52,
Uttar Pradesh - 2025,05-Aug 2pm,17376.88,
Uttar Pradesh - 2025,05-Aug 3pm,16993.28,
Uttar Pradesh - 2025,05-Aug 4pm,16955.25,
Uttar Pradesh - 2025,05-Aug 5pm,16260.11,
Uttar Pradesh - 2025,05-Aug 6pm,17603.58,
Uttar Pradesh - 2025,05-Aug 7pm,20845.63,
Uttar Pradesh - 2025,05-Aug 8pm,23131.29,
Uttar Pradesh - 2025,05-Aug 9pm,23650.98,
Uttar Pradesh - 2025,05-Aug 10pm,23921.78,
Uttar Pradesh - 2025,05-Aug 11pm,23583.67,
Uttar Pradesh - 2025,06-Aug 12am,22821.73,
Uttar Pradesh - 2025,06-Aug 1am,21972.74,
Uttar Pradesh - 2025,06-Aug 2am,20962.8,
Uttar Pradesh - 2025,06-Aug 3am,20209.74,
Uttar Pradesh - 2025,06-Aug 4am,19399.78,
Uttar Pradesh - 2025,06-Aug 5am,18479.68,
Uttar Pradesh - 2025,06-Aug 6am,16910.52,
Uttar Pradesh - 2025,06-Aug 7am,15756.78,
Uttar Pradesh - 2025,06-Aug 8am,15346.59,
Uttar Pradesh - 2025,06-Aug 9am,16390.71,
Uttar Pradesh - 2025,06-Aug 10am,18179.06,
Uttar Pradesh - 2025,06-Aug 11am,19134.77,
Uttar Pradesh - 2025,06-Aug 12pm,20036.22,
Uttar Pradesh - 2025,06-Aug 1pm,19474.71,
Uttar Pradesh - 2025,06-Aug 2pm,18208.02,
Uttar Pradesh - 2025,06-Aug 3pm,18425.23,
Uttar Pradesh - 2025,06-Aug 4pm,17333.24,
Uttar Pradesh - 2025,06-Aug 5pm,16685.31,
Uttar Pradesh - 2025,06-Aug 6pm,17797.26,
Uttar Pradesh - 2025,06-Aug 7pm,20634.85,
Uttar Pradesh - 2025,06-Aug 8pm,24985.2,
Uttar Pradesh - 2025,06-Aug 9pm,25475.31,
Uttar Pradesh - 2025,06-Aug 10pm,25767.88,
Uttar Pradesh - 2025,06-Aug 11pm,25281.57,
Uttar Pradesh - 2025,07-Aug 12am,24288.54,
Uttar Pradesh - 2025,07-Aug 1am,23356.81,
Uttar Pradesh - 2025,07-Aug 2am,22337.32,
Uttar Pradesh - 2025,07-Aug 3am,21636.05,
Uttar Pradesh - 2025,07-Aug 4am,21043.4,
Uttar Pradesh - 2025,07-Aug 5am,20385.05,
Uttar Pradesh - 2025,07-Aug 6am,18136.77,
Uttar Pradesh - 2025,07-Aug 7am,16776.98,
Uttar Pradesh - 2025,07-Aug 8am,16599.16,
Uttar Pradesh - 2025,07-Aug 9am,18332.75,
Uttar Pradesh - 2025,07-Aug 10am,19592.24,
Uttar Pradesh - 2025,07-Aug 11am,20054.46,
Uttar Pradesh - 2025,07-Aug 12pm,20404.16,
Uttar Pradesh - 2025,07-Aug 1pm,20804.29,
Uttar Pradesh - 2025,07-Aug 2pm,20326.76,
Uttar Pradesh - 2025,07-Aug 3pm,20006.9,
Uttar Pradesh - 2025,07-Aug 4pm,19410.64,
Uttar Pradesh - 2025,07-Aug 5pm,18366.53,
Uttar Pradesh - 2025,07-Aug 6pm,18982.61,
Uttar Pradesh - 2025,07-Aug 7pm,22539.6,
Uttar Pradesh - 2025,07-Aug 8pm,26518.12,
Uttar Pradesh - 2025,07-Aug 9pm,26801.97,
Uttar Pradesh - 2025,07-Aug 10pm,27360.69,
Uttar Pradesh - 2025,07-Aug 11pm,26801.89,
Uttar Pradesh - 2025,08-Aug 12am,25960.9,
Uttar Pradesh - 2025,08-Aug 1am,24800.74,
Uttar Pradesh - 2025,08-Aug 2am,23669.04,
Uttar Pradesh - 2025,08-Aug 3am,22580.54,
Uttar Pradesh - 2025,08-Aug 4am,21771.56,
Uttar Pradesh - 2025,08-Aug 5am,21033.2,
Uttar Pradesh - 2025,08-Aug 6am,18777.39,
Uttar Pradesh - 2025,08-Aug 7am,17003.81,
Uttar Pradesh - 2025,08-Aug 8am,16350.44,
Uttar Pradesh - 2025,08-Aug 9am,18087.16,
Uttar Pradesh - 2025,08-Aug 10am,19301.48,
Uttar Pradesh - 2025,08-Aug 11am,20574.13,
Uttar Pradesh - 2025,08-Aug 12pm,20970.43,
Uttar Pradesh - 2025,08-Aug 1pm,20863.03,
Uttar Pradesh - 2025,08-Aug 2pm,19802.99,
Uttar Pradesh - 2025,08-Aug 3pm,19227.54,
Uttar Pradesh - 2025,08-Aug 4pm,18500.16,
Uttar Pradesh - 2025,08-Aug 5pm,17418.22,
Uttar Pradesh - 2025,08-Aug 6pm,18240.95,
Uttar Pradesh - 2025,08-Aug 7pm,21792.1,
Uttar Pradesh - 2025,08-Aug 8pm,24414.59,
Uttar Pradesh - 2025,08-Aug 9pm,24686.46,
Uttar Pradesh - 2025,08-Aug 10pm,25227.3,
Uttar Pradesh - 2025,08-Aug 11pm,25051.5,
Uttar Pradesh - 2025,09-Aug 12am,24249.29,
Uttar Pradesh - 2025,09-Aug 1am,22975.72,
Uttar Pradesh - 2025,09-Aug 2am,22122.54,
Uttar Pradesh - 2025,09-Aug 3am,21633.85,
Uttar Pradesh - 2025,09-Aug 4am,20748.5,
Uttar Pradesh - 2025,09-Aug 5am,20001.92,
Uttar Pradesh - 2025,09-Aug 6am,18214.42,
Uttar Pradesh - 2025,09-Aug 7am,16736.14,
Uttar Pradesh - 2025,09-Aug 8am,16834.1,
Uttar Pradesh - 2025,09-Aug 9am,17000.52,
Uttar Pradesh - 2025,09-Aug 10am,17361.08,
Uttar Pradesh - 2025,09-Aug 11am,18107.72,
Uttar Pradesh - 2025,09-Aug 12pm,18474.89,
Uttar Pradesh - 2025,09-Aug 1pm,18489.27,
Uttar Pradesh - 2025,09-Aug 2pm,18167.45,
Uttar Pradesh - 2025,09-Aug 3pm,18074.04,
Uttar Pradesh - 2025,09-Aug 4pm,17377.94,
Uttar Pradesh - 2025,09-Aug 5pm,16949.29,
Uttar Pradesh - 2025,09-Aug 6pm,17280.63,
Uttar Pradesh - 2025,09-Aug 7pm,19541.85,
Uttar Pradesh - 2025,09-Aug 8pm,22020.3,
Uttar Pradesh - 2025,09-Aug 9pm,22506.3,
Uttar Pradesh - 2025,09-Aug 10pm,23085.99,
Uttar Pradesh - 2025,09-Aug 11pm,22964.29,
Uttar Pradesh - 2025,10-Aug 12am,22447.98,
Uttar Pradesh - 2025,10-Aug 1am,21901.47,
Uttar Pradesh - 2025,10-Aug 2am,21157.76,
Uttar Pradesh - 2025,10-Aug 3am,20528.86,
Uttar Pradesh - 2025,10-Aug 4am,20060.07,
Uttar Pradesh - 2025,10-Aug 5am,18915.09,
Uttar Pradesh - 2025,10-Aug 6am,16699.17,
Uttar Pradesh - 2025,10-Aug 7am,15048.79,
Uttar Pradesh - 2025,10-Aug 8am,16226.18,
Uttar Pradesh - 2025,10-Aug 9am,17311.28,
Uttar Pradesh - 2025,10-Aug 10am,18200.09,
Uttar Pradesh - 2025,10-Aug 11am,18733.38,
Uttar Pradesh - 2025,10-Aug 12pm,18781.12,
Uttar Pradesh - 2025,10-Aug 1pm,19212.91,
Uttar Pradesh - 2025,10-Aug 2pm,19135.64,
Uttar Pradesh - 2025,10-Aug 3pm,19236.63,
Uttar Pradesh - 2025,10-Aug 4pm,17752.63,
Uttar Pradesh - 2025,10-Aug 5pm,16015.18,
Uttar Pradesh - 2025,10-Aug 6pm,16584.29,
Uttar Pradesh - 2025,10-Aug 7pm,20036.14,
Uttar Pradesh - 2025,10-Aug 8pm,25095.03,
Uttar Pradesh - 2025,10-Aug 9pm,25647.26,
Uttar Pradesh - 2025,10-Aug 10pm,26119,
Uttar Pradesh - 2025,10-Aug 11pm,25731.94,
Uttar Pradesh - 2025,11-Aug 12am,25394.36,
Uttar Pradesh - 2025,11-Aug 1am,24539.49,
Uttar Pradesh - 2025,11-Aug 2am,23619.74,
Uttar Pradesh - 2025,11-Aug 3am,22782.63,
Uttar Pradesh - 2025,11-Aug 4am,22216.96,
Uttar Pradesh - 2025,11-Aug 5am,21365.6,
Uttar Pradesh - 2025,11-Aug 6am,18583.79,
Uttar Pradesh - 2025,11-Aug 7am,17194.75,
Uttar Pradesh - 2025,11-Aug 8am,16810.63,
Uttar Pradesh - 2025,11-Aug 9am,17890.09,
Uttar Pradesh - 2025,11-Aug 10am,19168.18,
Uttar Pradesh - 2025,11-Aug 11am,20054.84,
Uttar Pradesh - 2025,11-Aug 12pm,20453.97,
Uttar Pradesh - 2025,11-Aug 1pm,20435.86,
Uttar Pradesh - 2025,11-Aug 2pm,20064.8,
Uttar Pradesh - 2025,11-Aug 3pm,19385.3,
Uttar Pradesh - 2025,11-Aug 4pm,17641.27,
Uttar Pradesh - 2025,11-Aug 5pm,16514.66,
Uttar Pradesh - 2025,11-Aug 6pm,18622.6,
Uttar Pradesh - 2025,11-Aug 7pm,23261.19,
Uttar Pradesh - 2025,11-Aug 8pm,26080.09,
Uttar Pradesh - 2025,11-Aug 9pm,26400.96,
Uttar Pradesh - 2025,11-Aug 10pm,26666.86,
Uttar Pradesh - 2025,11-Aug 11pm,26337.07,
Uttar Pradesh - 2025,12-Aug 12am,25557.7,
Uttar Pradesh - 2025,12-Aug 1am,24581.58,
Uttar Pradesh - 2025,12-Aug 2am,23788.92,
Uttar Pradesh - 2025,12-Aug 3am,23037.04,
Uttar Pradesh - 2025,12-Aug 4am,22241.76,
Uttar Pradesh - 2025,12-Aug 5am,21297.16,
Uttar Pradesh - 2025,12-Aug 6am,18937.78,
Uttar Pradesh - 2025,12-Aug 7am,17017.14,
Uttar Pradesh - 2025,12-Aug 8am,17328.61,
Uttar Pradesh - 2025,12-Aug 9am,18039.83,
Uttar Pradesh - 2025,12-Aug 10am,19914.04,
Uttar Pradesh - 2025,12-Aug 11am,19783.54,
Uttar Pradesh - 2025,12-Aug 12pm,20527.95,
Uttar Pradesh - 2025,12-Aug 1pm,20446.44,
Uttar Pradesh - 2025,12-Aug 2pm,20569,
Uttar Pradesh - 2025,12-Aug 3pm,19883,
Uttar Pradesh - 2025,12-Aug 4pm,19440.74,
Uttar Pradesh - 2025,12-Aug 5pm,17439.44,
Uttar Pradesh - 2025,12-Aug 6pm,19758.09,
Uttar Pradesh - 2025,12-Aug 7pm,23553.94,
Uttar Pradesh - 2025,12-Aug 8pm,26623.34,
Uttar Pradesh - 2025,12-Aug 9pm,27514.6,
Uttar Pradesh - 2025,12-Aug 10pm,28283.82,
Uttar Pradesh - 2025,12-Aug 11pm,27909.64,
Uttar Pradesh - 2025,13-Aug 12am,27226.33,
Uttar Pradesh - 2025,13-Aug 1am,26403.59,
Uttar Pradesh - 2025,13-Aug 2am,25519.53,
Uttar Pradesh - 2025,13-Aug 3am,24570.03,
Uttar Pradesh - 2025,13-Aug 4am,23659.1,
Uttar Pradesh - 2025,13-Aug 5am,22575.94,
Uttar Pradesh - 2025,13-Aug 6am,19579.02,
Uttar Pradesh - 2025,13-Aug 7am,17659.57,
Uttar Pradesh - 2025,13-Aug 8am,17609.77,
Uttar Pradesh - 2025,13-Aug 9am,19058.07,
Uttar Pradesh - 2025,13-Aug 10am,20832.25,
Uttar Pradesh - 2025,13-Aug 11am,20851.41,
Uttar Pradesh - 2025,13-Aug 12pm,21434.55,
Uttar Pradesh - 2025,13-Aug 1pm,21167.56,
Uttar Pradesh - 2025,13-Aug 2pm,20811.28,
Uttar Pradesh - 2025,13-Aug 3pm,20434.39,
Uttar Pradesh - 2025,13-Aug 4pm,20502.14,
Uttar Pradesh - 2025,13-Aug 5pm,19284.14,
Uttar Pradesh - 2025,13-Aug 6pm,20666.07,
Uttar Pradesh - 2025,13-Aug 7pm,22872.19,
Uttar Pradesh - 2025,13-Aug 8pm,26436.39,
Uttar Pradesh - 2025,13-Aug 9pm,27134.11,
Uttar Pradesh - 2025,13-Aug 10pm,27132.3,
Uttar Pradesh - 2025,13-Aug 11pm,26325.41,
Uttar Pradesh - 2025,14-Aug 12am,25373.83,
Uttar Pradesh - 2025,14-Aug 1am,24060.63,
Uttar Pradesh - 2025,14-Aug 2am,22606.39,
Uttar Pradesh - 2025,14-Aug 3am,21574.86,
Uttar Pradesh - 2025,14-Aug 4am,20171.22,
Uttar Pradesh - 2025,14-Aug 5am,19213.88,
Uttar Pradesh - 2025,14-Aug 6am,16324.75,
Uttar Pradesh - 2025,14-Aug 7am,15601.94,
Uttar Pradesh - 2025,14-Aug 8am,15415.22,
Uttar Pradesh - 2025,14-Aug 9am,16829.74,
Uttar Pradesh - 2025,14-Aug 10am,17885.63,
Uttar Pradesh - 2025,14-Aug 11am,19024.58,
Uttar Pradesh - 2025,14-Aug 12pm,19982.66,
Uttar Pradesh - 2025,14-Aug 1pm,19935.2,
Uttar Pradesh - 2025,14-Aug 2pm,18887.16,
Uttar Pradesh - 2025,14-Aug 3pm,18126.85,
Uttar Pradesh - 2025,14-Aug 4pm,18356.46,
Uttar Pradesh - 2025,14-Aug 5pm,17836.07,
Uttar Pradesh - 2025,14-Aug 6pm,18936.07,
Uttar Pradesh - 2025,14-Aug 7pm,22583.19,
Uttar Pradesh - 2025,14-Aug 8pm,26403.75,
Uttar Pradesh - 2025,14-Aug 9pm,26791.87,
Uttar Pradesh - 2025,14-Aug 10pm,27117.77,
Uttar Pradesh - 2025,14-Aug 11pm,26738.26,
Uttar Pradesh - 2025,15-Aug 12am,25812.61,
Uttar Pradesh - 2025,15-Aug 1am,24900.62,
Uttar Pradesh - 2025,15-Aug 2am,24018.97,
Uttar Pradesh - 2025,15-Aug 3am,23361.32,
Uttar Pradesh - 2025,15-Aug 4am,22708.58,
Uttar Pradesh - 2025,15-Aug 5am,22444.27,
Uttar Pradesh - 2025,15-Aug 6am,21444.36,
Uttar Pradesh - 2025,15-Aug 7am,20623.31,
Uttar Pradesh - 2025,15-Aug 8am,20776.54,
Uttar Pradesh - 2025,15-Aug 9am,21603.51,
Uttar Pradesh - 2025,15-Aug 10am,21621.91,
Uttar Pradesh - 2025,15-Aug 11am,21901.64,
Uttar Pradesh - 2025,15-Aug 12pm,22376.88,
Uttar Pradesh - 2025,15-Aug 1pm,22732.94,
Uttar Pradesh - 2025,15-Aug 2pm,22652.08,
Uttar Pradesh - 2025,15-Aug 3pm,21785.86,
Uttar Pradesh - 2025,15-Aug 4pm,20865.33,
Uttar Pradesh - 2025,15-Aug 5pm,19594.53,
Uttar Pradesh - 2025,15-Aug 6pm,19611.78,
Uttar Pradesh - 2025,15-Aug 7pm,22366.97,
Uttar Pradesh - 2025,15-Aug 8pm,25612.25,
Uttar Pradesh - 2025,15-Aug 9pm,26211.02,
Uttar Pradesh - 2025,15-Aug 10pm,26913.05,
Uttar Pradesh - 2025,15-Aug 11pm,26579.99,
Uttar Pradesh - 2025,16-Aug 12am,26249.4,
Uttar Pradesh - 2025,16-Aug 1am,25346.21,
Uttar Pradesh - 2025,16-Aug 2am,24733.27,
Uttar Pradesh - 2025,16-Aug 3am,23991.48,
Uttar Pradesh - 2025,16-Aug 4am,23431.71,
Uttar Pradesh - 2025,16-Aug 5am,23171.96,
Uttar Pradesh - 2025,16-Aug 6am,22042.14,
Uttar Pradesh - 2025,16-Aug 7am,20900.17,
Uttar Pradesh - 2025,16-Aug 8am,21509.81,
Uttar Pradesh - 2025,16-Aug 9am,22172.36,
Uttar Pradesh - 2025,16-Aug 10am,23281.54,
Uttar Pradesh - 2025,16-Aug 11am,24232.32,
Uttar Pradesh - 2025,16-Aug 12pm,24072.45,
Uttar Pradesh - 2025,16-Aug 1pm,24415.44,
Uttar Pradesh - 2025,16-Aug 2pm,24516.16,
Uttar Pradesh - 2025,16-Aug 3pm,24495.51,
Uttar Pradesh - 2025,16-Aug 4pm,23895.64,
Uttar Pradesh - 2025,16-Aug 5pm,22985.5,
Uttar Pradesh - 2025,16-Aug 6pm,22674.94,
Uttar Pradesh - 2025,16-Aug 7pm,25688.14,
Uttar Pradesh - 2025,16-Aug 8pm,27957.56,
Uttar Pradesh - 2025,16-Aug 9pm,28074.16,
Uttar Pradesh - 2025,16-Aug 10pm,28077.36,
Uttar Pradesh - 2025,16-Aug 11pm,28086.4,
Uttar Pradesh - 2025,17-Aug 12am,27512.15,
Uttar Pradesh - 2025,17-Aug 1am,27474.41,
Uttar Pradesh - 2025,17-Aug 2am,26667.79,
Uttar Pradesh - 2025,17-Aug 3am,25902.82,
Uttar Pradesh - 2025,17-Aug 4am,25279.27,
Uttar Pradesh - 2025,17-Aug 5am,24626.52,
Uttar Pradesh - 2025,17-Aug 6am,21251.83,
Uttar Pradesh - 2025,17-Aug 7am,19776.33,
Uttar Pradesh - 2025,17-Aug 8am,19116.82,
Uttar Pradesh - 2025,17-Aug 9am,20087.97,
Uttar Pradesh - 2025,17-Aug 10am,19676.61,
Uttar Pradesh - 2025,17-Aug 11am,21264.4,
Uttar Pradesh - 2025,17-Aug 12pm,21886.98,
Uttar Pradesh - 2025,17-Aug 1pm,22886.9,
Uttar Pradesh - 2025,17-Aug 2pm,22642.87,
Uttar Pradesh - 2025,17-Aug 3pm,21383.49,
Uttar Pradesh - 2025,17-Aug 4pm,20738.11,
Uttar Pradesh - 2025,17-Aug 5pm,18782.47,
Uttar Pradesh - 2025,17-Aug 6pm,18743.43,
Uttar Pradesh - 2025,17-Aug 7pm,23684.92,
Uttar Pradesh - 2025,17-Aug 8pm,27706.24,
Uttar Pradesh - 2025,17-Aug 9pm,28226.14,
Uttar Pradesh - 2025,17-Aug 10pm,28721.86,
Uttar Pradesh - 2025,17-Aug 11pm,28264.66,
Uttar Pradesh - 2025,18-Aug 12am,27667.42,
Uttar Pradesh - 2025,18-Aug 1am,26919.25,
Uttar Pradesh - 2025,18-Aug 2am,26127.28,
Uttar Pradesh - 2025,18-Aug 3am,25292.77,
Uttar Pradesh - 2025,18-Aug 4am,24398.63,
Uttar Pradesh - 2025,18-Aug 5am,23382.48,
Uttar Pradesh - 2025,18-Aug 6am,20320.99,
Uttar Pradesh - 2025,18-Aug 7am,18714.58,
Uttar Pradesh - 2025,18-Aug 8am,18090.6,
Uttar Pradesh - 2025,18-Aug 9am,19334.03,
Uttar Pradesh - 2025,18-Aug 10am,20289.46,
Uttar Pradesh - 2025,18-Aug 11am,21718,
Uttar Pradesh - 2025,18-Aug 12pm,22388.53,
Uttar Pradesh - 2025,18-Aug 1pm,23100.04,
Uttar Pradesh - 2025,18-Aug 2pm,22479.52,
Uttar Pradesh - 2025,18-Aug 3pm,22167.15,
Uttar Pradesh - 2025,18-Aug 4pm,21319.78,
Uttar Pradesh - 2025,18-Aug 5pm,19898.51,
Uttar Pradesh - 2025,18-Aug 6pm,21125.64,
Uttar Pradesh - 2025,18-Aug 7pm,25878.99,
Uttar Pradesh - 2025,18-Aug 8pm,28665.58,
Uttar Pradesh - 2025,18-Aug 9pm,29499,
Uttar Pradesh - 2025,18-Aug 10pm,29793.83,
Uttar Pradesh - 2025,18-Aug 11pm,29802.38,
Uttar Pradesh - 2025,19-Aug 12am,29044.05,
Uttar Pradesh - 2025,19-Aug 1am,28171.41,
Uttar Pradesh - 2025,19-Aug 2am,27369.65,
Uttar Pradesh - 2025,19-Aug 3am,26556.18,
Uttar Pradesh - 2025,19-Aug 4am,25796.96,
Uttar Pradesh - 2025,19-Aug 5am,24879.12,
Uttar Pradesh - 2025,19-Aug 6am,21802.55,
Uttar Pradesh - 2025,19-Aug 7am,20039.65,
Uttar Pradesh - 2025,19-Aug 8am,19723.62,
Uttar Pradesh - 2025,19-Aug 9am,20603.03,
Uttar Pradesh - 2025,19-Aug 10am,21483.49,
Uttar Pradesh - 2025,19-Aug 11am,22908.24,
Uttar Pradesh - 2025,19-Aug 12pm,23304.17,
Uttar Pradesh - 2025,19-Aug 1pm,23401.21,
Uttar Pradesh - 2025,19-Aug 2pm,22573.43,
Uttar Pradesh - 2025,19-Aug 3pm,22004.56,
Uttar Pradesh - 2025,19-Aug 4pm,22375.38,
Uttar Pradesh - 2025,19-Aug 5pm,20607.65,
Uttar Pradesh - 2025,19-Aug 6pm,22194,
Uttar Pradesh - 2025,19-Aug 7pm,25584.41,
Uttar Pradesh - 2025,19-Aug 8pm,29303.72,
Uttar Pradesh - 2025,19-Aug 9pm,29705.4,
Uttar Pradesh - 2025,19-Aug 10pm,30045.98,
Uttar Pradesh - 2025,19-Aug 11pm,29469.59,
Uttar Pradesh - 2025,20-Aug 12am,29364.81,
Uttar Pradesh - 2025,20-Aug 1am,28557.49,
Uttar Pradesh - 2025,20-Aug 2am,27557.64,
Uttar Pradesh - 2025,20-Aug 3am,26774.95,
Uttar Pradesh - 2025,20-Aug 4am,26149.06,
Uttar Pradesh - 2025,20-Aug 5am,25302.39,
Uttar Pradesh - 2025,20-Aug 6am,22147.95,
Uttar Pradesh - 2025,20-Aug 7am,20200.9,
Uttar Pradesh - 2025,20-Aug 8am,19807.17,
Uttar Pradesh - 2025,20-Aug 9am,20509.09,
Uttar Pradesh - 2025,20-Aug 10am,21881.09,
Uttar Pradesh - 2025,20-Aug 11am,22590.44,
Uttar Pradesh - 2025,20-Aug 12pm,23299.97,
Uttar Pradesh - 2025,20-Aug 1pm,23157.36,
Uttar Pradesh - 2025,20-Aug 2pm,22048.54,
Uttar Pradesh - 2025,20-Aug 3pm,22088.56,
Uttar Pradesh - 2025,20-Aug 4pm,21774.11,
Uttar Pradesh - 2025,20-Aug 5pm,21541.72,
Uttar Pradesh - 2025,20-Aug 6pm,22762.45,
Uttar Pradesh - 2025,20-Aug 7pm,25352.81,
Uttar Pradesh - 2025,20-Aug 8pm,28741.8,
Uttar Pradesh - 2025,20-Aug 9pm,29897.12,
Uttar Pradesh - 2025,20-Aug 10pm,30166.6,
Uttar Pradesh - 2025,20-Aug 11pm,29965.76,
Uttar Pradesh - 2025,21-Aug 12am,29133.58,
Uttar Pradesh - 2025,21-Aug 1am,28228.46,
Uttar Pradesh - 2025,21-Aug 2am,27454.24,
Uttar Pradesh - 2025,21-Aug 3am,26662.88,
Uttar Pradesh - 2025,21-Aug 4am,25947.77,
Uttar Pradesh - 2025,21-Aug 5am,24981.02,
Uttar Pradesh - 2025,21-Aug 6am,21686.74,
Uttar Pradesh - 2025,21-Aug 7am,20090.21,
Uttar Pradesh - 2025,21-Aug 8am,19558.71,
Uttar Pradesh - 2025,21-Aug 9am,20605.28,
Uttar Pradesh - 2025,21-Aug 10am,22318.74,
Uttar Pradesh - 2025,21-Aug 11am,22947.9,
Uttar Pradesh - 2025,21-Aug 12pm,23439.64,
Uttar Pradesh - 2025,21-Aug 1pm,23467.77,
Uttar Pradesh - 2025,21-Aug 2pm,22905.85,
Uttar Pradesh - 2025,21-Aug 3pm,22858.24,
Uttar Pradesh - 2025,21-Aug 4pm,22318.65,
Uttar Pradesh - 2025,21-Aug 5pm,20901.78,
Uttar Pradesh - 2025,21-Aug 6pm,22145.78,
Uttar Pradesh - 2025,21-Aug 7pm,24410.13,
Uttar Pradesh - 2025,21-Aug 8pm,28237.13,
Uttar Pradesh - 2025,21-Aug 9pm,28767.94,
Uttar Pradesh - 2025,21-Aug 10pm,29211.18,
Uttar Pradesh - 2025,21-Aug 11pm,29301.02,
Uttar Pradesh - 2025,22-Aug 12am,28409.72,
Uttar Pradesh - 2025,22-Aug 1am,27369.53,
Uttar Pradesh - 2025,22-Aug 2am,26227.61,
Uttar Pradesh - 2025,22-Aug 3am,25310.59,
Uttar Pradesh - 2025,22-Aug 4am,24443.81,
Uttar Pradesh - 2025,22-Aug 5am,23462.12,
Uttar Pradesh - 2025,22-Aug 6am,20742.95,
Uttar Pradesh - 2025,22-Aug 7am,18958.89,
Uttar Pradesh - 2025,22-Aug 8am,19452.05,
Uttar Pradesh - 2025,22-Aug 9am,20544.92,
Uttar Pradesh - 2025,22-Aug 10am,21946.96,
Uttar Pradesh - 2025,22-Aug 11am,23024.02,
Uttar Pradesh - 2025,22-Aug 12pm,23267.62,
Uttar Pradesh - 2025,22-Aug 1pm,23362.68,
Uttar Pradesh - 2025,22-Aug 2pm,22740.05,
Uttar Pradesh - 2025,22-Aug 3pm,22478.83,
Uttar Pradesh - 2025,22-Aug 4pm,21782.42,
Uttar Pradesh - 2025,22-Aug 5pm,20381.6,
Uttar Pradesh - 2025,22-Aug 6pm,21727.02,
Uttar Pradesh - 2025,22-Aug 7pm,25270.71,
Uttar Pradesh - 2025,22-Aug 8pm,27782.99,
Uttar Pradesh - 2025,22-Aug 9pm,28634.87,
Uttar Pradesh - 2025,22-Aug 10pm,28942.97,
Uttar Pradesh - 2025,22-Aug 11pm,28231.97,
Uttar Pradesh - 2025,23-Aug 12am,27394.38,
Uttar Pradesh - 2025,23-Aug 1am,26346.92,
Uttar Pradesh - 2025,23-Aug 2am,25332.45,
Uttar Pradesh - 2025,23-Aug 3am,24462.33,
Uttar Pradesh - 2025,23-Aug 4am,23972.71,
Uttar Pradesh - 2025,23-Aug 5am,22842.84,
Uttar Pradesh - 2025,23-Aug 6am,20053.55,
Uttar Pradesh - 2025,23-Aug 7am,18244.25,
Uttar Pradesh - 2025,23-Aug 8am,18684.44,
Uttar Pradesh - 2025,23-Aug 9am,20204.73,
Uttar Pradesh - 2025,23-Aug 10am,21137.26,
Uttar Pradesh - 2025,23-Aug 11am,21817.94,
Uttar Pradesh - 2025,23-Aug 12pm,21759.55,
Uttar Pradesh - 2025,23-Aug 1pm,21983.08,
Uttar Pradesh - 2025,23-Aug 2pm,21271.63,
Uttar Pradesh - 2025,23-Aug 3pm,20705.03,
Uttar Pradesh - 2025,23-Aug 4pm,19973.78,
Uttar Pradesh - 2025,23-Aug 5pm,19597.73,
Uttar Pradesh - 2025,23-Aug 6pm,20613.05,
Uttar Pradesh - 2025,23-Aug 7pm,24808.28,
Uttar Pradesh - 2025,23-Aug 8pm,26879.84,
Uttar Pradesh - 2025,23-Aug 9pm,26937.05,
Uttar Pradesh - 2025,23-Aug 10pm,27286.84,
Uttar Pradesh - 2025,23-Aug 11pm,26986.76,
Uttar Pradesh - 2025,24-Aug 12am,26328.48,
Uttar Pradesh - 2025,24-Aug 1am,25446.19,
Uttar Pradesh - 2025,24-Aug 2am,24736.44,
Uttar Pradesh - 2025,24-Aug 3am,23744.31,
Uttar Pradesh - 2025,24-Aug 4am,22741.58,
Uttar Pradesh - 2025,24-Aug 5am,21738.46,
Uttar Pradesh - 2025,24-Aug 6am,19523.62,
Uttar Pradesh - 2025,24-Aug 7am,17464.75,
Uttar Pradesh - 2025,24-Aug 8am,17491.7,
Uttar Pradesh - 2025,24-Aug 9am,18685.1,
Uttar Pradesh - 2025,24-Aug 10am,19444.5,
Uttar Pradesh - 2025,24-Aug 11am,19221.35,
Uttar Pradesh - 2025,24-Aug 12pm,19366.24,
Uttar Pradesh - 2025,24-Aug 1pm,18816.54,
Uttar Pradesh - 2025,24-Aug 2pm,19357.38,
Uttar Pradesh - 2025,24-Aug 3pm,19376.1,
Uttar Pradesh - 2025,24-Aug 4pm,18403.86,
Uttar Pradesh - 2025,24-Aug 5pm,18055.59,
Uttar Pradesh - 2025,24-Aug 6pm,17418.35,
Uttar Pradesh - 2025,24-Aug 7pm,20451.49,
Uttar Pradesh - 2025,24-Aug 8pm,24799.13,
Uttar Pradesh - 2025,24-Aug 9pm,25203.28,
Uttar Pradesh - 2025,24-Aug 10pm,25511.18,
Uttar Pradesh - 2025,24-Aug 11pm,25007.39,
Uttar Pradesh - 2025,25-Aug 12am,24465.59,
Uttar Pradesh - 2025,25-Aug 1am,23389.18,
Uttar Pradesh - 2025,25-Aug 2am,22369.91,
Uttar Pradesh - 2025,25-Aug 3am,21522.83,
Uttar Pradesh - 2025,25-Aug 4am,20677.19,
Uttar Pradesh - 2025,25-Aug 5am,19788.66,
Uttar Pradesh - 2025,25-Aug 6am,17924.72,
Uttar Pradesh - 2025,25-Aug 7am,15930.44,
Uttar Pradesh - 2025,25-Aug 8am,16063.96,
Uttar Pradesh - 2025,25-Aug 9am,17408.29,
Uttar Pradesh - 2025,25-Aug 10am,18621.1,
Uttar Pradesh - 2025,25-Aug 11am,18500.91,
Uttar Pradesh - 2025,25-Aug 12pm,18938.12,
Uttar Pradesh - 2025,25-Aug 1pm,18493.79,
Uttar Pradesh - 2025,25-Aug 2pm,18488.04,
Uttar Pradesh - 2025,25-Aug 3pm,18742.23,
Uttar Pradesh - 2025,25-Aug 4pm,17968.91,
Uttar Pradesh - 2025,25-Aug 5pm,16909.87,
Uttar Pradesh - 2025,25-Aug 6pm,16067.31,
Uttar Pradesh - 2025,25-Aug 7pm,20818.57,
Uttar Pradesh - 2025,25-Aug 8pm,25264.4,
Uttar Pradesh - 2025,25-Aug 9pm,25147.3,
Uttar Pradesh - 2025,25-Aug 10pm,25098.51,
Uttar Pradesh - 2025,25-Aug 11pm,24630.41,
Uttar Pradesh - 2025,26-Aug 12am,23814.56,
Uttar Pradesh - 2025,26-Aug 1am,22949.72,
Uttar Pradesh - 2025,26-Aug 2am,21892.94,
Uttar Pradesh - 2025,26-Aug 3am,21248.23,
Uttar Pradesh - 2025,26-Aug 4am,20620.66,
Uttar Pradesh - 2025,26-Aug 5am,19857.68,
Uttar Pradesh - 2025,26-Aug 6am,17809.11,
Uttar Pradesh - 2025,26-Aug 7am,16683.29,
Uttar Pradesh - 2025,26-Aug 8am,16567.99,
Uttar Pradesh - 2025,26-Aug 9am,18868.17,
Uttar Pradesh - 2025,26-Aug 10am,19472.44,
Uttar Pradesh - 2025,26-Aug 11am,19693.14,
Uttar Pradesh - 2025,26-Aug 12pm,20248.92,
Uttar Pradesh - 2025,26-Aug 1pm,20084.09,
Uttar Pradesh - 2025,26-Aug 2pm,20155.29,
Uttar Pradesh - 2025,26-Aug 3pm,19808.43,
Uttar Pradesh - 2025,26-Aug 4pm,18036.78,
Uttar Pradesh - 2025,26-Aug 5pm,16776.57,
Uttar Pradesh - 2025,26-Aug 6pm,18275.71,
Uttar Pradesh - 2025,26-Aug 7pm,24324.92,
Uttar Pradesh - 2025,26-Aug 8pm,27002.68,
Uttar Pradesh - 2025,26-Aug 9pm,27323.72,
Uttar Pradesh - 2025,26-Aug 10pm,27221.19,
Uttar Pradesh - 2025,26-Aug 11pm,26607.79,
Uttar Pradesh - 2025,27-Aug 12am,25929.41,
Uttar Pradesh - 2025,27-Aug 1am,25104.11,
Uttar Pradesh - 2025,27-Aug 2am,24306.74,
Uttar Pradesh - 2025,27-Aug 3am,23628.87,
Uttar Pradesh - 2025,27-Aug 4am,22941.64,
Uttar Pradesh - 2025,27-Aug 5am,21839.13,
Uttar Pradesh - 2025,27-Aug 6am,19528.15,
Uttar Pradesh - 2025,27-Aug 7am,17729,
Uttar Pradesh - 2025,27-Aug 8am,18175.98,
Uttar Pradesh - 2025,27-Aug 9am,20348.93,
Uttar Pradesh - 2025,27-Aug 10am,20630.27,
Uttar Pradesh - 2025,27-Aug 11am,21236.78,
Uttar Pradesh - 2025,27-Aug 12pm,21642.68,
Uttar Pradesh - 2025,27-Aug 1pm,22203.05,
Uttar Pradesh - 2025,27-Aug 2pm,21003.94,
Uttar Pradesh - 2025,27-Aug 3pm,20883.09,
Uttar Pradesh - 2025,27-Aug 4pm,20570.94,
Uttar Pradesh - 2025,27-Aug 5pm,20328.81,
Uttar Pradesh - 2025,27-Aug 6pm,21502.66,
Uttar Pradesh - 2025,27-Aug 7pm,24441.24,
Uttar Pradesh - 2025,27-Aug 8pm,27482.58,
Uttar Pradesh - 2025,27-Aug 9pm,28652.22,
Uttar Pradesh - 2025,27-Aug 10pm,28789.93,
Uttar Pradesh - 2025,27-Aug 11pm,28562.84,
Uttar Pradesh - 2025,28-Aug 12am,28023.81,
Uttar Pradesh - 2025,28-Aug 1am,26996.78,
Uttar Pradesh - 2025,28-Aug 2am,26221.79,
Uttar Pradesh - 2025,28-Aug 3am,25256.28,
Uttar Pradesh - 2025,28-Aug 4am,24735.8,
Uttar Pradesh - 2025,28-Aug 5am,23524.86,
Uttar Pradesh - 2025,28-Aug 6am,21048.9,
Uttar Pradesh - 2025,28-Aug 7am,18856.7,
Uttar Pradesh - 2025,28-Aug 8am,18212.01,
Uttar Pradesh - 2025,28-Aug 9am,19807.14,
Uttar Pradesh - 2025,28-Aug 10am,21036.96,
Uttar Pradesh - 2025,28-Aug 11am,21847.79,
Uttar Pradesh - 2025,28-Aug 12pm,22693.92,
Uttar Pradesh - 2025,28-Aug 1pm,23457.69,
Uttar Pradesh - 2025,28-Aug 2pm,22696.24,
Uttar Pradesh - 2025,28-Aug 3pm,22596.26,
Uttar Pradesh - 2025,28-Aug 4pm,21466.95,
Uttar Pradesh - 2025,28-Aug 5pm,20250.89,
Uttar Pradesh - 2025,28-Aug 6pm,19799.91,
Uttar Pradesh - 2025,28-Aug 7pm,24640.3,
Uttar Pradesh - 2025,28-Aug 8pm,27541.08,
Uttar Pradesh - 2025,28-Aug 9pm,28964.23,
Uttar Pradesh - 2025,28-Aug 10pm,29268.34,
Uttar Pradesh - 2025,28-Aug 11pm,28846.26,
Uttar Pradesh - 2025,29-Aug 12am,28240.67,
Uttar Pradesh - 2025,29-Aug 1am,27547.85,
Uttar Pradesh - 2025,29-Aug 2am,26685.68,
Uttar Pradesh - 2025,29-Aug 3am,25835.18,
Uttar Pradesh - 2025,29-Aug 4am,25213.96,
Uttar Pradesh - 2025,29-Aug 5am,24164.16,
Uttar Pradesh - 2025,29-Aug 6am,21496.8,
Uttar Pradesh - 2025,29-Aug 7am,19099.91,
Uttar Pradesh - 2025,29-Aug 8am,18662.02,
Uttar Pradesh - 2025,29-Aug 9am,19319.94,
Uttar Pradesh - 2025,29-Aug 10am,20532.93,
Uttar Pradesh - 2025,29-Aug 11am,21095.02,
Uttar Pradesh - 2025,29-Aug 12pm,21206.21,
Uttar Pradesh - 2025,29-Aug 1pm,20743.77,
Uttar Pradesh - 2025,29-Aug 2pm,19855.08,
Uttar Pradesh - 2025,29-Aug 3pm,19847.93,
Uttar Pradesh - 2025,29-Aug 4pm,20073.22,
Uttar Pradesh - 2025,29-Aug 5pm,19386.07,
Uttar Pradesh - 2025,29-Aug 6pm,21070.44,
Uttar Pradesh - 2025,29-Aug 7pm,24921.6,
Uttar Pradesh - 2025,29-Aug 8pm,27707.1,
Uttar Pradesh - 2025,29-Aug 9pm,27868.84,
Uttar Pradesh - 2025,29-Aug 10pm,27802.04,
Uttar Pradesh - 2025,29-Aug 11pm,27679.71,
Uttar Pradesh - 2025,30-Aug 12am,26933.72,
Uttar Pradesh - 2025,30-Aug 1am,25978.98,
Uttar Pradesh - 2025,30-Aug 2am,25184.43,
Uttar Pradesh - 2025,30-Aug 3am,24520.36,
Uttar Pradesh - 2025,30-Aug 4am,23985.99,
Uttar Pradesh - 2025,30-Aug 5am,23036.41,
Uttar Pradesh - 2025,30-Aug 6am,20553.71,
Uttar Pradesh - 2025,30-Aug 7am,18545.19,
Uttar Pradesh - 2025,30-Aug 8am,17886.27,
Uttar Pradesh - 2025,30-Aug 9am,18850.26,
Uttar Pradesh - 2025,30-Aug 10am,20083.9,
Uttar Pradesh - 2025,30-Aug 11am,21343.73,
Uttar Pradesh - 2025,30-Aug 12pm,22149.95,
Uttar Pradesh - 2025,30-Aug 1pm,22140.13,
Uttar Pradesh - 2025,30-Aug 2pm,21510.05,
Uttar Pradesh - 2025,30-Aug 3pm,21721.05,
Uttar Pradesh - 2025,30-Aug 4pm,21346.13,
Uttar Pradesh - 2025,30-Aug 5pm,19331.04,
Uttar Pradesh - 2025,30-Aug 6pm,20485.5,
Uttar Pradesh - 2025,30-Aug 7pm,24773.94,
Uttar Pradesh - 2025,30-Aug 8pm,28614.83,
Uttar Pradesh - 2025,30-Aug 9pm,28753.74,
Uttar Pradesh - 2025,30-Aug 10pm,28764.04,
Uttar Pradesh - 2025,30-Aug 11pm,28639.11,
Uttar Pradesh - 2025,31-Aug 12am,27843,
Uttar Pradesh - 2025,31-Aug 1am,26928.33,
Uttar Pradesh - 2025,31-Aug 2am,25976.16,
Uttar Pradesh - 2025,31-Aug 3am,24914.53,
Uttar Pradesh - 2025,31-Aug 4am,23782.87,
Uttar Pradesh - 2025,31-Aug 5am,22324.07,
Uttar Pradesh - 2025,31-Aug 6am,19622.36,
Uttar Pradesh - 2025,31-Aug 7am,17725.46,
Uttar Pradesh - 2025,31-Aug 8am,17241.98,
Uttar Pradesh - 2025,31-Aug 9am,17835.47,
Uttar Pradesh - 2025,31-Aug 10am,19062.14,
Uttar Pradesh - 2025,31-Aug 11am,18670.21,
Uttar Pradesh - 2025,31-Aug 12pm,18705.35,
Uttar Pradesh - 2025,31-Aug 1pm,18833.61,
Uttar Pradesh - 2025,31-Aug 2pm,18466.87,
Uttar Pradesh - 2025,31-Aug 3pm,18873.94,
Uttar Pradesh - 2025,31-Aug 4pm,18313.38,
Uttar Pradesh - 2025,31-Aug 5pm,17575.64,
Uttar Pradesh - 2025,31-Aug 6pm,16984.29,
Uttar Pradesh - 2025,31-Aug 7pm,20465.69,
Uttar Pradesh - 2025,31-Aug 8pm,23791.94,
Uttar Pradesh - 2025,31-Aug 9pm,23664.18,
Uttar Pradesh - 2025,31-Aug 10pm,24100.79,
Uttar Pradesh - 2025,31-Aug 11pm,23604.71,
Uttar Pradesh - 2025,01-Sep 12am,22909.47,
Uttar Pradesh - 2025,01-Sep 1am,21788.26,
Uttar Pradesh - 2025,01-Sep 2am,20786.97,
Uttar Pradesh - 2025,01-Sep 3am,19757.75,
Uttar Pradesh - 2025,01-Sep 4am,18976.22,
Uttar Pradesh - 2025,01-Sep 5am,18053.13,
Uttar Pradesh - 2025,01-Sep 6am,16198.57,
Uttar Pradesh - 2025,01-Sep 7am,14881.05,
Uttar Pradesh - 2025,01-Sep 8am,15347.89,
Uttar Pradesh - 2025,01-Sep 9am,15881.88,
Uttar Pradesh - 2025,01-Sep 10am,17354.86,
Uttar Pradesh - 2025,01-Sep 11am,17710.91,
Uttar Pradesh - 2025,01-Sep 12pm,17664.26,
Uttar Pradesh - 2025,01-Sep 1pm,17830.51,
Uttar Pradesh - 2025,01-Sep 2pm,17507.32,
Uttar Pradesh - 2025,01-Sep 3pm,17174.68,
Uttar Pradesh - 2025,01-Sep 4pm,16156.87,
Uttar Pradesh - 2025,01-Sep 5pm,15929.67,
Uttar Pradesh - 2025,01-Sep 6pm,15574.15,
Uttar Pradesh - 2025,01-Sep 7pm,19062.75,
Uttar Pradesh - 2025,01-Sep 8pm,22274.87,
Uttar Pradesh - 2025,01-Sep 9pm,22180.96,
Uttar Pradesh - 2025,01-Sep 10pm,22369.08,
Uttar Pradesh - 2025,01-Sep 11pm,22219.48,
Uttar Pradesh - 2025,02-Sep 12am,21850.59,
Uttar Pradesh - 2025,02-Sep 1am,21054.04,
Uttar Pradesh - 2025,02-Sep 2am,20126.19,
Uttar Pradesh - 2025,02-Sep 3am,19316.17,
Uttar Pradesh - 2025,02-Sep 4am,18489.01,
Uttar Pradesh - 2025,02-Sep 5am,17101.73,
Uttar Pradesh - 2025,02-Sep 6am,15642.42,
Uttar Pradesh - 2025,02-Sep 7am,14446.73,
Uttar Pradesh - 2025,02-Sep 8am,15355.83,
Uttar Pradesh - 2025,02-Sep 9am,16119.55,
Uttar Pradesh - 2025,02-Sep 10am,16938.4,
Uttar Pradesh - 2025,02-Sep 11am,17914.28,
Uttar Pradesh - 2025,02-Sep 12pm,17875.51,
Uttar Pradesh - 2025,02-Sep 1pm,17519.43,
Uttar Pradesh - 2025,02-Sep 2pm,16768.86,
Uttar Pradesh - 2025,02-Sep 3pm,16881.18,
Uttar Pradesh - 2025,02-Sep 4pm,16191.43,
Uttar Pradesh - 2025,02-Sep 5pm,14624.36,
Uttar Pradesh - 2025,02-Sep 6pm,14626.28,
Uttar Pradesh - 2025,02-Sep 7pm,19131.1,
Uttar Pradesh - 2025,02-Sep 8pm,22428.26,
Uttar Pradesh - 2025,02-Sep 9pm,22260.95,
Uttar Pradesh - 2025,02-Sep 10pm,22130.32,
Uttar Pradesh - 2025,02-Sep 11pm,21733.3,
Uttar Pradesh - 2025,03-Sep 12am,21018.21,
Uttar Pradesh - 2025,03-Sep 1am,20221.81,
Uttar Pradesh - 2025,03-Sep 2am,19324.88,
Uttar Pradesh - 2025,03-Sep 3am,18837.47,
Uttar Pradesh - 2025,03-Sep 4am,18303.21,
Uttar Pradesh - 2025,03-Sep 5am,17676.55,
Uttar Pradesh - 2025,03-Sep 6am,15896.19,
Uttar Pradesh - 2025,03-Sep 7am,14503.61,
Uttar Pradesh - 2025,03-Sep 8am,15579.1,
Uttar Pradesh - 2025,03-Sep 9am,16651.55,
Uttar Pradesh - 2025,03-Sep 10am,17898.12,
Uttar Pradesh - 2025,03-Sep 11am,18106.54,
Uttar Pradesh - 2025,03-Sep 12pm,18232.85,
Uttar Pradesh - 2025,03-Sep 1pm,18190.4,
Uttar Pradesh - 2025,03-Sep 2pm,17847.22,
Uttar Pradesh - 2025,03-Sep 3pm,17748.86,
Uttar Pradesh - 2025,03-Sep 4pm,17211.81,
Uttar Pradesh - 2025,03-Sep 5pm,15309.61,
Uttar Pradesh - 2025,03-Sep 6pm,15155.82,
Uttar Pradesh - 2025,03-Sep 7pm,19333.76,
Uttar Pradesh - 2025,03-Sep 8pm,23866.3,
Uttar Pradesh - 2025,03-Sep 9pm,24032.35,
Uttar Pradesh - 2025,03-Sep 10pm,23963.93,
Uttar Pradesh - 2025,03-Sep 11pm,23549.91,
Uttar Pradesh - 2025,04-Sep 12am,22876.55,
Uttar Pradesh - 2025,04-Sep 1am,22143.86,
Uttar Pradesh - 2025,04-Sep 2am,21194.46,
Uttar Pradesh - 2025,04-Sep 3am,20448.89,
Uttar Pradesh - 2025,04-Sep 4am,19862.9,
Uttar Pradesh - 2025,04-Sep 5am,19136.52,
Uttar Pradesh - 2025,04-Sep 6am,16893.98,
Uttar Pradesh - 2025,04-Sep 7am,15366.01,
Uttar Pradesh - 2025,04-Sep 8am,16680.18,
Uttar Pradesh - 2025,04-Sep 9am,17609.48,
Uttar Pradesh - 2025,04-Sep 10am,17791.25,
Uttar Pradesh - 2025,04-Sep 11am,18474.93,
Uttar Pradesh - 2025,04-Sep 12pm,17463.77,
Uttar Pradesh - 2025,04-Sep 1pm,17073,
Uttar Pradesh - 2025,04-Sep 2pm,17339.9,
Uttar Pradesh - 2025,04-Sep 3pm,17042.56,
Uttar Pradesh - 2025,04-Sep 4pm,15991.55,
Uttar Pradesh - 2025,04-Sep 5pm,15205.81,
Uttar Pradesh - 2025,04-Sep 6pm,16831.43,
Uttar Pradesh - 2025,04-Sep 7pm,20073.04,
Uttar Pradesh - 2025,04-Sep 8pm,23319.43,
Uttar Pradesh - 2025,04-Sep 9pm,23136.2,
Uttar Pradesh - 2025,04-Sep 10pm,22958.74,
Uttar Pradesh - 2025,04-Sep 11pm,23085.94,
Uttar Pradesh - 2025,05-Sep 12am,22615.44,
Uttar Pradesh - 2025,05-Sep 1am,22110.53,
Uttar Pradesh - 2025,05-Sep 2am,21224.65,
Uttar Pradesh - 2025,05-Sep 3am,20527.02,
Uttar Pradesh - 2025,05-Sep 4am,19841.3,
Uttar Pradesh - 2025,05-Sep 5am,19251.38,
Uttar Pradesh - 2025,05-Sep 6am,17104.54,
Uttar Pradesh - 2025,05-Sep 7am,15641.11,
Uttar Pradesh - 2025,05-Sep 8am,16069.59,
Uttar Pradesh - 2025,05-Sep 9am,16835.47,
Uttar Pradesh - 2025,05-Sep 10am,16883.16,
Uttar Pradesh - 2025,05-Sep 11am,18559.44,
Uttar Pradesh - 2025,05-Sep 12pm,18074.95,
Uttar Pradesh - 2025,05-Sep 1pm,18150.3,
Uttar Pradesh - 2025,05-Sep 2pm,18294.26,
Uttar Pradesh - 2025,05-Sep 3pm,17465.75,
Uttar Pradesh - 2025,05-Sep 4pm,16644.96,
Uttar Pradesh - 2025,05-Sep 5pm,15836.83,
Uttar Pradesh - 2025,05-Sep 6pm,17359.5,
Uttar Pradesh - 2025,05-Sep 7pm,21553.46,
Uttar Pradesh - 2025,05-Sep 8pm,25184.6,
Uttar Pradesh - 2025,05-Sep 9pm,25337.29,
Uttar Pradesh - 2025,05-Sep 10pm,25442.78,
Uttar Pradesh - 2025,05-Sep 11pm,25195.65,
Uttar Pradesh - 2025,06-Sep 12am,24695.88,
Uttar Pradesh - 2025,06-Sep 1am,23760.97,
Uttar Pradesh - 2025,06-Sep 2am,22851.27,
Uttar Pradesh - 2025,06-Sep 3am,22432.79,
Uttar Pradesh - 2025,06-Sep 4am,21770.7,
Uttar Pradesh - 2025,06-Sep 5am,20875.73,
Uttar Pradesh - 2025,06-Sep 6am,19132.98,
Uttar Pradesh - 2025,06-Sep 7am,16920.86,
Uttar Pradesh - 2025,06-Sep 8am,17670.07,
Uttar Pradesh - 2025,06-Sep 9am,18710.13,
Uttar Pradesh - 2025,06-Sep 10am,19195.82,
Uttar Pradesh - 2025,06-Sep 11am,19171.98,
Uttar Pradesh - 2025,06-Sep 12pm,19451.75,
Uttar Pradesh - 2025,06-Sep 1pm,19677.37,
Uttar Pradesh - 2025,06-Sep 2pm,19132.34,
Uttar Pradesh - 2025,06-Sep 3pm,18707.45,
Uttar Pradesh - 2025,06-Sep 4pm,18860.64,
Uttar Pradesh - 2025,06-Sep 5pm,17492.72,
Uttar Pradesh - 2025,06-Sep 6pm,18927.85,
Uttar Pradesh - 2025,06-Sep 7pm,22106.09,
Uttar Pradesh - 2025,06-Sep 8pm,26424.46,
Uttar Pradesh - 2025,06-Sep 9pm,26570.7,
Uttar Pradesh - 2025,06-Sep 10pm,26798.13,
Uttar Pradesh - 2025,06-Sep 11pm,26380.09,
Uttar Pradesh - 2025,07-Sep 12am,25569.19,
Uttar Pradesh - 2025,07-Sep 1am,24628.77,
Uttar Pradesh - 2025,07-Sep 2am,23598.84,
Uttar Pradesh - 2025,07-Sep 3am,22683.68,
Uttar Pradesh - 2025,07-Sep 4am,21897.68,
Uttar Pradesh - 2025,07-Sep 5am,20864.65,
Uttar Pradesh - 2025,07-Sep 6am,18212.25,
Uttar Pradesh - 2025,07-Sep 7am,16176.73,
Uttar Pradesh - 2025,07-Sep 8am,16886.12,
Uttar Pradesh - 2025,07-Sep 9am,17351.46,
Uttar Pradesh - 2025,07-Sep 10am,17960.71,
Uttar Pradesh - 2025,07-Sep 11am,18756.07,
Uttar Pradesh - 2025,07-Sep 12pm,19322.6,
Uttar Pradesh - 2025,07-Sep 1pm,19398.89,
Uttar Pradesh - 2025,07-Sep 2pm,18954.77,
Uttar Pradesh - 2025,07-Sep 3pm,19121.97,
Uttar Pradesh - 2025,07-Sep 4pm,17857.38,
Uttar Pradesh - 2025,07-Sep 5pm,17350.02,
Uttar Pradesh - 2025,07-Sep 6pm,18314.11,
Uttar Pradesh - 2025,07-Sep 7pm,22697.31,
Uttar Pradesh - 2025,07-Sep 8pm,26352.39,
Uttar Pradesh - 2025,07-Sep 9pm,26758.31,
Uttar Pradesh - 2025,07-Sep 10pm,26833.93,
Uttar Pradesh - 2025,07-Sep 11pm,26219.21,
Uttar Pradesh - 2025,08-Sep 12am,25437.35,
Uttar Pradesh - 2025,08-Sep 1am,24521.46,
Uttar Pradesh - 2025,08-Sep 2am,23618.95,
Uttar Pradesh - 2025,08-Sep 3am,22977.93,
Uttar Pradesh - 2025,08-Sep 4am,22528.94,
Uttar Pradesh - 2025,08-Sep 5am,21484.26,
Uttar Pradesh - 2025,08-Sep 6am,19092.84,
Uttar Pradesh - 2025,08-Sep 7am,16617.15,
Uttar Pradesh - 2025,08-Sep 8am,16638.88,
Uttar Pradesh - 2025,08-Sep 9am,18057.44,
Uttar Pradesh - 2025,08-Sep 10am,19583.58,
Uttar Pradesh - 2025,08-Sep 11am,20732.2,
Uttar Pradesh - 2025,08-Sep 12pm,20951.45,
Uttar Pradesh - 2025,08-Sep 1pm,20773.64,
Uttar Pradesh - 2025,08-Sep 2pm,20478.88,
Uttar Pradesh - 2025,08-Sep 3pm,19261.42,
Uttar Pradesh - 2025,08-Sep 4pm,18995.21,
Uttar Pradesh - 2025,08-Sep 5pm,18091.83,
Uttar Pradesh - 2025,08-Sep 6pm,20794.16,
Uttar Pradesh - 2025,08-Sep 7pm,21788.91,
Uttar Pradesh - 2025,08-Sep 8pm,24978.91,
Uttar Pradesh - 2025,08-Sep 9pm,25846.02,
Uttar Pradesh - 2025,08-Sep 10pm,25962.43,
Uttar Pradesh - 2025,08-Sep 11pm,26483.73,
Uttar Pradesh - 2025,09-Sep 12am,26457.99,
Uttar Pradesh - 2025,09-Sep 1am,25259.91,
Uttar Pradesh - 2025,09-Sep 2am,24631,
Uttar Pradesh - 2025,09-Sep 3am,23882.83,
Uttar Pradesh - 2025,09-Sep 4am,23166.8,
Uttar Pradesh - 2025,09-Sep 5am,22286.03,
Uttar Pradesh - 2025,09-Sep 6am,20205.02,
Uttar Pradesh - 2025,09-Sep 7am,17178.07,
Uttar Pradesh - 2025,09-Sep 8am,17874.71,
Uttar Pradesh - 2025,09-Sep 9am,18297.45,
Uttar Pradesh - 2025,09-Sep 10am,20165.92,
Uttar Pradesh - 2025,09-Sep 11am,21197.79,
Uttar Pradesh - 2025,09-Sep 12pm,22228.22,
Uttar Pradesh - 2025,09-Sep 1pm,22233.97,
Uttar Pradesh - 2025,09-Sep 2pm,22153.69,
Uttar Pradesh - 2025,09-Sep 3pm,21698.34,
Uttar Pradesh - 2025,09-Sep 4pm,20205.82,
Uttar Pradesh - 2025,09-Sep 5pm,19263.3,
Uttar Pradesh - 2025,09-Sep 6pm,20700.35,
Uttar Pradesh - 2025,09-Sep 7pm,23361.92,
Uttar Pradesh - 2025,09-Sep 8pm,26408.26,
Uttar Pradesh - 2025,09-Sep 9pm,27050.5,
Uttar Pradesh - 2025,09-Sep 10pm,27643.73,
Uttar Pradesh - 2025,09-Sep 11pm,27860.77,
Uttar Pradesh - 2025,10-Sep 12am,27795.56,
Uttar Pradesh - 2025,10-Sep 1am,27050.52,
Uttar Pradesh - 2025,10-Sep 2am,26072.26,
Uttar Pradesh - 2025,10-Sep 3am,25239.98,
Uttar Pradesh - 2025,10-Sep 4am,24573.74,
Uttar Pradesh - 2025,10-Sep 5am,23624.46,
Uttar Pradesh - 2025,10-Sep 6am,21386.86,
Uttar Pradesh - 2025,10-Sep 7am,18807.05,
Uttar Pradesh - 2025,10-Sep 8am,19038.09,
Uttar Pradesh - 2025,10-Sep 9am,20398.65,
Uttar Pradesh - 2025,10-Sep 10am,21082.77,
Uttar Pradesh - 2025,10-Sep 11am,21637.67,
Uttar Pradesh - 2025,10-Sep 12pm,22051.37,
Uttar Pradesh - 2025,10-Sep 1pm,21062.65,
Uttar Pradesh - 2025,10-Sep 2pm,21192.29,
Uttar Pradesh - 2025,10-Sep 3pm,20708.69,
Uttar Pradesh - 2025,10-Sep 4pm,20375.95,
Uttar Pradesh - 2025,10-Sep 5pm,20103.78,
Uttar Pradesh - 2025,10-Sep 6pm,22401.72,
Uttar Pradesh - 2025,10-Sep 7pm,25267.24,
Uttar Pradesh - 2025,10-Sep 8pm,28268.99,
Uttar Pradesh - 2025,10-Sep 9pm,28483.86,
Uttar Pradesh - 2025,10-Sep 10pm,28972.22,
Uttar Pradesh - 2025,10-Sep 11pm,28971.07,
Uttar Pradesh - 2025,11-Sep 12am,28097.43,
Uttar Pradesh - 2025,11-Sep 1am,27106.89,
Uttar Pradesh - 2025,11-Sep 2am,26191.11,
Uttar Pradesh - 2025,11-Sep 3am,25535.97,
Uttar Pradesh - 2025,11-Sep 4am,25057.93,
Uttar Pradesh - 2025,11-Sep 5am,23530.38,
Uttar Pradesh - 2025,11-Sep 6am,21072.74,
Uttar Pradesh - 2025,11-Sep 7am,18583.65,
Uttar Pradesh - 2025,11-Sep 8am,17752.07,
Uttar Pradesh - 2025,11-Sep 9am,19353.4,
Uttar Pradesh - 2025,11-Sep 10am,21272.67,
Uttar Pradesh - 2025,11-Sep 11am,22180.99,
Uttar Pradesh - 2025,11-Sep 12pm,21820.98,
Uttar Pradesh - 2025,11-Sep 1pm,21827.61,
Uttar Pradesh - 2025,11-Sep 2pm,21014.34,
Uttar Pradesh - 2025,11-Sep 3pm,21500.31,
Uttar Pradesh - 2025,11-Sep 4pm,21086.8,
Uttar Pradesh - 2025,11-Sep 5pm,19443.6,
Uttar Pradesh - 2025,11-Sep 6pm,22128.9,
Uttar Pradesh - 2025,11-Sep 7pm,25362.17,
Uttar Pradesh - 2025,11-Sep 8pm,27519.11,
Uttar Pradesh - 2025,11-Sep 9pm,28239.99,
Uttar Pradesh - 2025,11-Sep 10pm,29197.35,
Uttar Pradesh - 2025,11-Sep 11pm,28728.15,
Uttar Pradesh - 2025,12-Sep 12am,28027.17,
Uttar Pradesh - 2025,12-Sep 1am,27030.87,
Uttar Pradesh - 2025,12-Sep 2am,26106.67,
Uttar Pradesh - 2025,12-Sep 3am,25094.83,
Uttar Pradesh - 2025,12-Sep 4am,24499.04,
Uttar Pradesh - 2025,12-Sep 5am,23595.63,
Uttar Pradesh - 2025,12-Sep 6am,21240.42,
Uttar Pradesh - 2025,12-Sep 7am,18977.06,
Uttar Pradesh - 2025,12-Sep 8am,18648.26,
Uttar Pradesh - 2025,12-Sep 9am,19546.01,
Uttar Pradesh - 2025,12-Sep 10am,21499.92,
Uttar Pradesh - 2025,12-Sep 11am,22345.17,
Uttar Pradesh - 2025,12-Sep 12pm,22472.64,
Uttar Pradesh - 2025,12-Sep 1pm,21658.09,
Uttar Pradesh - 2025,12-Sep 2pm,21729.56,
Uttar Pradesh - 2025,12-Sep 3pm,21961.82,
Uttar Pradesh - 2025,12-Sep 4pm,21411.25,
Uttar Pradesh - 2025,12-Sep 5pm,20113.24,
Uttar Pradesh - 2025,12-Sep 6pm,21964.44,
Uttar Pradesh - 2025,12-Sep 7pm,24779.86,
Uttar Pradesh - 2025,12-Sep 8pm,27932.7,
Uttar Pradesh - 2025,12-Sep 9pm,28585.23,
Uttar Pradesh - 2025,12-Sep 10pm,29237.82,
Uttar Pradesh - 2025,12-Sep 11pm,28821.56,
Uttar Pradesh - 2025,13-Sep 12am,28252.57,
Uttar Pradesh - 2025,13-Sep 1am,27413.3,
Uttar Pradesh - 2025,13-Sep 2am,26740.19,
Uttar Pradesh - 2025,13-Sep 3am,25960.22,
Uttar Pradesh - 2025,13-Sep 4am,25373.89,
Uttar Pradesh - 2025,13-Sep 5am,24591.86,
Uttar Pradesh - 2025,13-Sep 6am,22024.89,
Uttar Pradesh - 2025,13-Sep 7am,19753.11,
Uttar Pradesh - 2025,13-Sep 8am,20071.59,
Uttar Pradesh - 2025,13-Sep 9am,20552.61,
Uttar Pradesh - 2025,13-Sep 10am,22238.92,
Uttar Pradesh - 2025,13-Sep 11am,22667.2,
Uttar Pradesh - 2025,13-Sep 12pm,22735.82,
Uttar Pradesh - 2025,13-Sep 1pm,22139.71,
Uttar Pradesh - 2025,13-Sep 2pm,22748.9,
Uttar Pradesh - 2025,13-Sep 3pm,22695.9,
Uttar Pradesh - 2025,13-Sep 4pm,22197.86,
Uttar Pradesh - 2025,13-Sep 5pm,21673.09,
Uttar Pradesh - 2025,13-Sep 6pm,23509.32,
Uttar Pradesh - 2025,13-Sep 7pm,25327.18,
Uttar Pradesh - 2025,13-Sep 8pm,28077.36,
Uttar Pradesh - 2025,13-Sep 9pm,29374.53,
Uttar Pradesh - 2025,13-Sep 10pm,29589.02,
Uttar Pradesh - 2025,13-Sep 11pm,29390.5,
Uttar Pradesh - 2025,14-Sep 12am,28812.55,
Uttar Pradesh - 2025,14-Sep 1am,28191.5,
Uttar Pradesh - 2025,14-Sep 2am,27305.38,
Uttar Pradesh - 2025,14-Sep 3am,26616.3,
Uttar Pradesh - 2025,14-Sep 4am,26102.26,
Uttar Pradesh - 2025,14-Sep 5am,25037.63,
Uttar Pradesh - 2025,14-Sep 6am,22416.53,
Uttar Pradesh - 2025,14-Sep 7am,19780.69,
Uttar Pradesh - 2025,14-Sep 8am,19356.64,
Uttar Pradesh - 2025,14-Sep 9am,19914.61,
Uttar Pradesh - 2025,14-Sep 10am,21604.6,
Uttar Pradesh - 2025,14-Sep 11am,22590.42,
Uttar Pradesh - 2025,14-Sep 12pm,22835.05,
Uttar Pradesh - 2025,14-Sep 1pm,22641.68,
Uttar Pradesh - 2025,14-Sep 2pm,22839.15,
Uttar Pradesh - 2025,14-Sep 3pm,22245.84,
Uttar Pradesh - 2025,14-Sep 4pm,21941.14,
Uttar Pradesh - 2025,14-Sep 5pm,20541.67,
Uttar Pradesh - 2025,14-Sep 6pm,22336.56,
Uttar Pradesh - 2025,14-Sep 7pm,24714.89,
Uttar Pradesh - 2025,14-Sep 8pm,28776.14,
Uttar Pradesh - 2025,14-Sep 9pm,29034.73,
Uttar Pradesh - 2025,14-Sep 10pm,29169.42,
Uttar Pradesh - 2025,14-Sep 11pm,28856.66,
Uttar Pradesh - 2025,15-Sep 12am,28062.95,
Uttar Pradesh - 2025,15-Sep 1am,27208.33,
Uttar Pradesh - 2025,15-Sep 2am,26366.05,
Uttar Pradesh - 2025,15-Sep 3am,25483.38,
Uttar Pradesh - 2025,15-Sep 4am,24988.43,
Uttar Pradesh - 2025,15-Sep 5am,24260.25,
Uttar Pradesh - 2025,15-Sep 6am,21527.8,
Uttar Pradesh - 2025,15-Sep 7am,19689.38,
Uttar Pradesh - 2025,15-Sep 8am,19948.36,
Uttar Pradesh - 2025,15-Sep 9am,21721.75,
Uttar Pradesh - 2025,15-Sep 10am,22092.35,
Uttar Pradesh - 2025,15-Sep 11am,22767.37,
Uttar Pradesh - 2025,15-Sep 12pm,22819.1,
Uttar Pradesh - 2025,15-Sep 1pm,22505.64,
Uttar Pradesh - 2025,15-Sep 2pm,22635.96,
Uttar Pradesh - 2025,15-Sep 3pm,21058.67,
Uttar Pradesh - 2025,15-Sep 4pm,20716.76,
Uttar Pradesh - 2025,15-Sep 5pm,19738.99,
Uttar Pradesh - 2025,15-Sep 6pm,21684.54,
Uttar Pradesh - 2025,15-Sep 7pm,25788,
Uttar Pradesh - 2025,15-Sep 8pm,28184.95,
Uttar Pradesh - 2025,15-Sep 9pm,28369.73,
Uttar Pradesh - 2025,15-Sep 10pm,28541.45,
Uttar Pradesh - 2025,15-Sep 11pm,28042.88,
Uttar Pradesh - 2025,16-Sep 12am,27315.88,
Uttar Pradesh - 2025,16-Sep 1am,26561.66,
Uttar Pradesh - 2025,16-Sep 2am,25538.95,
Uttar Pradesh - 2025,16-Sep 3am,24585.73,
Uttar Pradesh - 2025,16-Sep 4am,23662.81,
Uttar Pradesh - 2025,16-Sep 5am,22960.55,
Uttar Pradesh - 2025,16-Sep 6am,20764.04,
Uttar Pradesh - 2025,16-Sep 7am,17746,
Uttar Pradesh - 2025,16-Sep 8am,18457.5,
Uttar Pradesh - 2025,16-Sep 9am,19246.01,
Uttar Pradesh - 2025,16-Sep 10am,21000.54,
Uttar Pradesh - 2025,16-Sep 11am,21936.79,
Uttar Pradesh - 2025,16-Sep 12pm,21795.21,
Uttar Pradesh - 2025,16-Sep 1pm,21786.63,
Uttar Pradesh - 2025,16-Sep 2pm,21190.05,
Uttar Pradesh - 2025,16-Sep 3pm,21122.14,
Uttar Pradesh - 2025,16-Sep 4pm,19331.98,
Uttar Pradesh - 2025,16-Sep 5pm,18343.4,
Uttar Pradesh - 2025,16-Sep 6pm,20058.99,
Uttar Pradesh - 2025,16-Sep 7pm,24199.8,
Uttar Pradesh - 2025,16-Sep 8pm,26979.87,
Uttar Pradesh - 2025,16-Sep 9pm,26806.22,
Uttar Pradesh - 2025,16-Sep 10pm,26886.06,
Uttar Pradesh - 2025,16-Sep 11pm,26125.42,
Uttar Pradesh - 2025,17-Sep 12am,25459.39,
Uttar Pradesh - 2025,17-Sep 1am,24507.98,
Uttar Pradesh - 2025,17-Sep 2am,23575.84,
Uttar Pradesh - 2025,17-Sep 3am,22636.73,
Uttar Pradesh - 2025,17-Sep 4am,21752.08,
Uttar Pradesh - 2025,17-Sep 5am,20802.04,
Uttar Pradesh - 2025,17-Sep 6am,19051.43,
Uttar Pradesh - 2025,17-Sep 7am,16420.66,
Uttar Pradesh - 2025,17-Sep 8am,17495.17,
Uttar Pradesh - 2025,17-Sep 9am,18977.18,
Uttar Pradesh - 2025,17-Sep 10am,19732.54,
Uttar Pradesh - 2025,17-Sep 11am,20369.74,
Uttar Pradesh - 2025,17-Sep 12pm,20324.56,
Uttar Pradesh - 2025,17-Sep 1pm,19759.42,
Uttar Pradesh - 2025,17-Sep 2pm,20140.22,
Uttar Pradesh - 2025,17-Sep 3pm,19310.92,
Uttar Pradesh - 2025,17-Sep 4pm,18620.15,
Uttar Pradesh - 2025,17-Sep 5pm,16654.55,
Uttar Pradesh - 2025,17-Sep 6pm,17549.25,
Uttar Pradesh - 2025,17-Sep 7pm,23809.29,
Uttar Pradesh - 2025,17-Sep 8pm,24937.86,
Uttar Pradesh - 2025,17-Sep 9pm,25038.03,
Uttar Pradesh - 2025,17-Sep 10pm,24893.9,
Uttar Pradesh - 2025,17-Sep 11pm,24459.84,
Uttar Pradesh - 2025,18-Sep 12am,23771.25,
Uttar Pradesh - 2025,18-Sep 1am,22860.79,
Uttar Pradesh - 2025,18-Sep 2am,22014.52,
Uttar Pradesh - 2025,18-Sep 3am,21269.36,
Uttar Pradesh - 2025,18-Sep 4am,20730.89,
Uttar Pradesh - 2025,18-Sep 5am,20109.98,
Uttar Pradesh - 2025,18-Sep 6am,18602.29,
Uttar Pradesh - 2025,18-Sep 7am,16721.21,
Uttar Pradesh - 2025,18-Sep 8am,17160.56,
Uttar Pradesh - 2025,18-Sep 9am,19107.14,
Uttar Pradesh - 2025,18-Sep 10am,19308.01,
Uttar Pradesh - 2025,18-Sep 11am,19399.49,
Uttar Pradesh - 2025,18-Sep 12pm,19139.93,
Uttar Pradesh - 2025,18-Sep 1pm,19001.63,
Uttar Pradesh - 2025,18-Sep 2pm,19391.15,
Uttar Pradesh - 2025,18-Sep 3pm,18854.72,
Uttar Pradesh - 2025,18-Sep 4pm,17795.19,
Uttar Pradesh - 2025,18-Sep 5pm,16919.42,
Uttar Pradesh - 2025,18-Sep 6pm,19233.25,
Uttar Pradesh - 2025,18-Sep 7pm,25063.04,
Uttar Pradesh - 2025,18-Sep 8pm,26341.36,
Uttar Pradesh - 2025,18-Sep 9pm,26271.13,
Uttar Pradesh - 2025,18-Sep 10pm,26548.49,
Uttar Pradesh - 2025,18-Sep 11pm,25919.04,
Uttar Pradesh - 2025,19-Sep 12am,25036.46,
Uttar Pradesh - 2025,19-Sep 1am,24108,
Uttar Pradesh - 2025,19-Sep 2am,23276.84,
Uttar Pradesh - 2025,19-Sep 3am,22381.18,
Uttar Pradesh - 2025,19-Sep 4am,21659.67,
Uttar Pradesh - 2025,19-Sep 5am,20930.2,
Uttar Pradesh - 2025,19-Sep 6am,19399.02,
Uttar Pradesh - 2025,19-Sep 7am,16884.34,
Uttar Pradesh - 2025,19-Sep 8am,17576.05,
Uttar Pradesh - 2025,19-Sep 9am,18510.93,
Uttar Pradesh - 2025,19-Sep 10am,19584.51,
Uttar Pradesh - 2025,19-Sep 11am,20865.88,
Uttar Pradesh - 2025,19-Sep 12pm,20382.71,
Uttar Pradesh - 2025,19-Sep 1pm,19708.39,
Uttar Pradesh - 2025,19-Sep 2pm,20323.92,
Uttar Pradesh - 2025,19-Sep 3pm,18750,
Uttar Pradesh - 2025,19-Sep 4pm,18163.43,
Uttar Pradesh - 2025,19-Sep 5pm,17593.99,
Uttar Pradesh - 2025,19-Sep 6pm,19304.2,
Uttar Pradesh - 2025,19-Sep 7pm,24729.35,
Uttar Pradesh - 2025,19-Sep 8pm,26947.32,
Uttar Pradesh - 2025,19-Sep 9pm,26665.47,
Uttar Pradesh - 2025,19-Sep 10pm,26518.23,
Uttar Pradesh - 2025,19-Sep 11pm,26113.28,
Uttar Pradesh - 2025,20-Sep 12am,25379.48,
Uttar Pradesh - 2025,20-Sep 1am,24453.28,
Uttar Pradesh - 2025,20-Sep 2am,23754.85,
Uttar Pradesh - 2025,20-Sep 3am,22973.06,
Uttar Pradesh - 2025,20-Sep 4am,22371.75,
Uttar Pradesh - 2025,20-Sep 5am,21668.12,
Uttar Pradesh - 2025,20-Sep 6am,19723.08,
Uttar Pradesh - 2025,20-Sep 7am,17711.68,
Uttar Pradesh - 2025,20-Sep 8am,17394,
Uttar Pradesh - 2025,20-Sep 9am,19559.62,
Uttar Pradesh - 2025,20-Sep 10am,19841.61,
Uttar Pradesh - 2025,20-Sep 11am,19937.57,
Uttar Pradesh - 2025,20-Sep 12pm,20434.83,
Uttar Pradesh - 2025,20-Sep 1pm,19977.35,
Uttar Pradesh - 2025,20-Sep 2pm,19576.08,
Uttar Pradesh - 2025,20-Sep 3pm,19338.01,
Uttar Pradesh - 2025,20-Sep 4pm,20029.15,
Uttar Pradesh - 2025,20-Sep 5pm,19590.57,
Uttar Pradesh - 2025,20-Sep 6pm,19967.07,
Uttar Pradesh - 2025,20-Sep 7pm,25241.05,
Uttar Pradesh - 2025,20-Sep 8pm,27591.92,
Uttar Pradesh - 2025,20-Sep 9pm,27628.26,
Uttar Pradesh - 2025,20-Sep 10pm,27807.98,
Uttar Pradesh - 2025,20-Sep 11pm,27424.23,
Uttar Pradesh - 2025,21-Sep 12am,26549.48,
Uttar Pradesh - 2025,21-Sep 1am,25528.02,
Uttar Pradesh - 2025,21-Sep 2am,24655.41,
Uttar Pradesh - 2025,21-Sep 3am,23983.56,
Uttar Pradesh - 2025,21-Sep 4am,23407.91,
Uttar Pradesh - 2025,21-Sep 5am,22640.48,
Uttar Pradesh - 2025,21-Sep 6am,20426.6,
Uttar Pradesh - 2025,21-Sep 7am,18123.64,
Uttar Pradesh - 2025,21-Sep 8am,18563.25,
Uttar Pradesh - 2025,21-Sep 9am,19290.57,
Uttar Pradesh - 2025,21-Sep 10am,19515.9,
Uttar Pradesh - 2025,21-Sep 11am,20595.1,
Uttar Pradesh - 2025,21-Sep 12pm,20527.51,
Uttar Pradesh - 2025,21-Sep 1pm,20188.54,
Uttar Pradesh - 2025,21-Sep 2pm,19454.46,
Uttar Pradesh - 2025,21-Sep 3pm,19699.91,
Uttar Pradesh - 2025,21-Sep 4pm,18527.58,
Uttar Pradesh - 2025,21-Sep 5pm,17014.63,
Uttar Pradesh - 2025,21-Sep 6pm,20796.62,
Uttar Pradesh - 2025,21-Sep 7pm,25058.88,
Uttar Pradesh - 2025,21-Sep 8pm,27656.66,
Uttar Pradesh - 2025,21-Sep 9pm,28020.62,
Uttar Pradesh - 2025,21-Sep 10pm,28354.42,
Uttar Pradesh - 2025,21-Sep 11pm,27836.15,
Uttar Pradesh - 2025,22-Sep 12am,27175.1,
Uttar Pradesh - 2025,22-Sep 1am,26359.2,
Uttar Pradesh - 2025,22-Sep 2am,25241.56,
Uttar Pradesh - 2025,22-Sep 3am,24474.24,
Uttar Pradesh - 2025,22-Sep 4am,23844.28,
Uttar Pradesh - 2025,22-Sep 5am,23072.9,
Uttar Pradesh - 2025,22-Sep 6am,21350.83,
Uttar Pradesh - 2025,22-Sep 7am,18698.37,
Uttar Pradesh - 2025,22-Sep 8am,19216.41,
Uttar Pradesh - 2025,22-Sep 9am,20442.76,
Uttar Pradesh - 2025,22-Sep 10am,21102.59,
Uttar Pradesh - 2025,22-Sep 11am,22322.33,
Uttar Pradesh - 2025,22-Sep 12pm,23290.89,
Uttar Pradesh - 2025,22-Sep 1pm,22727.68,
Uttar Pradesh - 2025,22-Sep 2pm,22065.76,
Uttar Pradesh - 2025,22-Sep 3pm,21854.35,
Uttar Pradesh - 2025,22-Sep 4pm,21263.93,
Uttar Pradesh - 2025,22-Sep 5pm,20488.9,
Uttar Pradesh - 2025,22-Sep 6pm,21414.88,
Uttar Pradesh - 2025,22-Sep 7pm,26069.7,
Uttar Pradesh - 2025,22-Sep 8pm,28664.95,
Uttar Pradesh - 2025,22-Sep 9pm,29236.6,
Uttar Pradesh - 2025,22-Sep 10pm,29328.91,
Uttar Pradesh - 2025,22-Sep 11pm,28973.34,
Uttar Pradesh - 2025,23-Sep 12am,28136.53,
Uttar Pradesh - 2025,23-Sep 1am,27201.76,
Uttar Pradesh - 2025,23-Sep 2am,26360.37,
Uttar Pradesh - 2025,23-Sep 3am,25411.41,
Uttar Pradesh - 2025,23-Sep 4am,24772.2,
Uttar Pradesh - 2025,23-Sep 5am,24240.54,
Uttar Pradesh - 2025,23-Sep 6am,22038.45,
Uttar Pradesh - 2025,23-Sep 7am,19532.88,
Uttar Pradesh - 2025,23-Sep 8am,19367.93,
Uttar Pradesh - 2025,23-Sep 9am,19869.39,
Uttar Pradesh - 2025,23-Sep 10am,21655.73,
Uttar Pradesh - 2025,23-Sep 11am,22269.2,
Uttar Pradesh - 2025,23-Sep 12pm,22217.03,
Uttar Pradesh - 2025,23-Sep 1pm,22534.86,
Uttar Pradesh - 2025,23-Sep 2pm,22588.41,
Uttar Pradesh - 2025,23-Sep 3pm,23386.21,
Uttar Pradesh - 2025,23-Sep 4pm,22860.23,
Uttar Pradesh - 2025,23-Sep 5pm,21656.09,
Uttar Pradesh - 2025,23-Sep 6pm,23252.28,
Uttar Pradesh - 2025,23-Sep 7pm,26233.76,
Uttar Pradesh - 2025,23-Sep 8pm,29160.27,
Uttar Pradesh - 2025,23-Sep 9pm,29333.99,
Uttar Pradesh - 2025,23-Sep 10pm,29489.73,
Uttar Pradesh - 2025,23-Sep 11pm,29071.35,
Uttar Pradesh - 2025,24-Sep 12am,28541.54,
Uttar Pradesh - 2025,24-Sep 1am,27558.81,
Uttar Pradesh - 2025,24-Sep 2am,26692.46,
Uttar Pradesh - 2025,24-Sep 3am,25883.34,
Uttar Pradesh - 2025,24-Sep 4am,25143.11,
Uttar Pradesh - 2025,24-Sep 5am,24630.57,
Uttar Pradesh - 2025,24-Sep 6am,22472.92,
Uttar Pradesh - 2025,24-Sep 7am,19623.01,
Uttar Pradesh - 2025,24-Sep 8am,19475.29,
Uttar Pradesh - 2025,24-Sep 9am,20025.38,
Uttar Pradesh - 2025,24-Sep 10am,22147.37,
Uttar Pradesh - 2025,24-Sep 11am,23050.66,
Uttar Pradesh - 2025,24-Sep 12pm,23096.62,
Uttar Pradesh - 2025,24-Sep 1pm,22770.11,
Uttar Pradesh - 2025,24-Sep 2pm,22391.6,
Uttar Pradesh - 2025,24-Sep 3pm,23244.99,
Uttar Pradesh - 2025,24-Sep 4pm,23145.8,
Uttar Pradesh - 2025,24-Sep 5pm,22119.19,
Uttar Pradesh - 2025,24-Sep 6pm,23251.34,
Uttar Pradesh - 2025,24-Sep 7pm,27354.41,
Uttar Pradesh - 2025,24-Sep 8pm,29047.33,
Uttar Pradesh - 2025,24-Sep 9pm,29040.41,
Uttar Pradesh - 2025,24-Sep 10pm,29563.64,
Uttar Pradesh - 2025,24-Sep 11pm,29160.25,
Uttar Pradesh - 2025,25-Sep 12am,28260.36,
Uttar Pradesh - 2025,25-Sep 1am,27286.23,
Uttar Pradesh - 2025,25-Sep 2am,26333.49,
Uttar Pradesh - 2025,25-Sep 3am,25354.67,
Uttar Pradesh - 2025,25-Sep 4am,24779.66,
Uttar Pradesh - 2025,25-Sep 5am,24152.54,
Uttar Pradesh - 2025,25-Sep 6am,22193.43,
Uttar Pradesh - 2025,25-Sep 7am,20340.14,
Uttar Pradesh - 2025,25-Sep 8am,19033.21,
Uttar Pradesh - 2025,25-Sep 9am,20517.89,
Uttar Pradesh - 2025,25-Sep 10am,22170.37,
Uttar Pradesh - 2025,25-Sep 11am,23085.39,
Uttar Pradesh - 2025,25-Sep 12pm,23282.63,
Uttar Pradesh - 2025,25-Sep 1pm,22312.88,
Uttar Pradesh - 2025,25-Sep 2pm,22964.61,
Uttar Pradesh - 2025,25-Sep 3pm,23260.23,
Uttar Pradesh - 2025,25-Sep 4pm,23158.74,
Uttar Pradesh - 2025,25-Sep 5pm,22341.45,
Uttar Pradesh - 2025,25-Sep 6pm,22345.92,
Uttar Pradesh - 2025,25-Sep 7pm,24872.44,
Uttar Pradesh - 2025,25-Sep 8pm,29193.65,
Uttar Pradesh - 2025,25-Sep 9pm,29728.01,
Uttar Pradesh - 2025,25-Sep 10pm,30156.31,
Uttar Pradesh - 2025,25-Sep 11pm,29746.62,
Uttar Pradesh - 2025,26-Sep 12am,29111.7,
Uttar Pradesh - 2025,26-Sep 1am,28338.04,
Uttar Pradesh - 2025,26-Sep 2am,27444.29,
Uttar Pradesh - 2025,26-Sep 3am,26522.4,
Uttar Pradesh - 2025,26-Sep 4am,25913.14,
Uttar Pradesh - 2025,26-Sep 5am,25234.35,
Uttar Pradesh - 2025,26-Sep 6am,23192.7,
Uttar Pradesh - 2025,26-Sep 7am,20674.39,
Uttar Pradesh - 2025,26-Sep 8am,21084.53,
Uttar Pradesh - 2025,26-Sep 9am,21565.64,
Uttar Pradesh - 2025,26-Sep 10am,23299.32,
Uttar Pradesh - 2025,26-Sep 11am,24208.23,
Uttar Pradesh - 2025,26-Sep 12pm,21895.92,
Uttar Pradesh - 2025,26-Sep 1pm,24246.46,
Uttar Pradesh - 2025,26-Sep 2pm,24915.62,
Uttar Pradesh - 2025,26-Sep 3pm,24456.23,
Uttar Pradesh - 2025,26-Sep 4pm,23860.58,
Uttar Pradesh - 2025,26-Sep 5pm,23386.89,
Uttar Pradesh - 2025,26-Sep 6pm,23138.81,
Uttar Pradesh - 2025,26-Sep 7pm,24238.27,
Uttar Pradesh - 2025,26-Sep 8pm,29447.65,
Uttar Pradesh - 2025,26-Sep 9pm,28219.08,
Uttar Pradesh - 2025,26-Sep 10pm,27552.42,
Uttar Pradesh - 2025,26-Sep 11pm,28199.94,
Uttar Pradesh - 2025,27-Sep 12am,27846.22,
Uttar Pradesh - 2025,27-Sep 1am,26943.29,
Uttar Pradesh - 2025,27-Sep 2am,26115.84,
Uttar Pradesh - 2025,27-Sep 3am,25475.46,
Uttar Pradesh - 2025,27-Sep 4am,24357.72,
Uttar Pradesh - 2025,27-Sep 5am,23036,
Uttar Pradesh - 2025,27-Sep 6am,21495.88,
Uttar Pradesh - 2025,27-Sep 7am,18868.94,
Uttar Pradesh - 2025,27-Sep 8am,18662.51,
Uttar Pradesh - 2025,27-Sep 9am,19439.86,
Uttar Pradesh - 2025,27-Sep 10am,22177.37,
Uttar Pradesh - 2025,27-Sep 11am,23580.7,
Uttar Pradesh - 2025,27-Sep 12pm,23792.95,
Uttar Pradesh - 2025,27-Sep 1pm,23429.77,
Uttar Pradesh - 2025,27-Sep 2pm,23012.78,
Uttar Pradesh - 2025,27-Sep 3pm,23630.81,
Uttar Pradesh - 2025,27-Sep 4pm,22589.54,
Uttar Pradesh - 2025,27-Sep 5pm,21961.48,
Uttar Pradesh - 2025,27-Sep 6pm,23018.19,
Uttar Pradesh - 2025,27-Sep 7pm,24364.91,
Uttar Pradesh - 2025,27-Sep 8pm,29364.76,
Uttar Pradesh - 2025,27-Sep 9pm,29364.97,
Uttar Pradesh - 2025,27-Sep 10pm,29715.57,
Uttar Pradesh - 2025,27-Sep 11pm,29469.57,
Uttar Pradesh - 2025,28-Sep 12am,28708.94,
Uttar Pradesh - 2025,28-Sep 1am,27771.23,
Uttar Pradesh - 2025,28-Sep 2am,27060.23,
Uttar Pradesh - 2025,28-Sep 3am,26222.96,
Uttar Pradesh - 2025,28-Sep 4am,25422.94,
Uttar Pradesh - 2025,28-Sep 5am,24665.57,
Uttar Pradesh - 2025,28-Sep 6am,22866.17,
Uttar Pradesh - 2025,28-Sep 7am,19945.45,
Uttar Pradesh - 2025,28-Sep 8am,19330.39,
Uttar Pradesh - 2025,28-Sep 9am,19768.35,
Uttar Pradesh - 2025,28-Sep 10am,21554.45,
Uttar Pradesh - 2025,28-Sep 11am,22020.13,
Uttar Pradesh - 2025,28-Sep 12pm,21698.5,
Uttar Pradesh - 2025,28-Sep 1pm,21967.33,
Uttar Pradesh - 2025,28-Sep 2pm,22876.95,
Uttar Pradesh - 2025,28-Sep 3pm,25170.75,
Uttar Pradesh - 2025,28-Sep 4pm,24481.18,
Uttar Pradesh - 2025,28-Sep 5pm,21157.88,
Uttar Pradesh - 2025,28-Sep 6pm,22730.98,
Uttar Pradesh - 2025,28-Sep 7pm,28037.93,
Uttar Pradesh - 2025,28-Sep 8pm,28810.36,
Uttar Pradesh - 2025,28-Sep 9pm,29166.77,
Uttar Pradesh - 2025,28-Sep 10pm,29320.88,
Uttar Pradesh - 2025,28-Sep 11pm,29204.02,
Uttar Pradesh - 2025,29-Sep 12am,28725.75,
Uttar Pradesh - 2025,29-Sep 1am,27920.57,
Uttar Pradesh - 2025,29-Sep 2am,27033.83,
Uttar Pradesh - 2025,29-Sep 3am,26239.17,
Uttar Pradesh - 2025,29-Sep 4am,25475.6,
Uttar Pradesh - 2025,29-Sep 5am,25393.55,
Uttar Pradesh - 2025,29-Sep 6am,23943.96,
Uttar Pradesh - 2025,29-Sep 7am,16872.97,
Uttar Pradesh - 2025,29-Sep 8am,17249.47,
Uttar Pradesh - 2025,29-Sep 9am,22127.85,
Uttar Pradesh - 2025,29-Sep 10am,27021.33,
Uttar Pradesh - 2025,29-Sep 11am,27519.1,
Uttar Pradesh - 2025,29-Sep 12pm,25783.08,
Uttar Pradesh - 2025,29-Sep 1pm,24238.07,
Uttar Pradesh - 2025,29-Sep 2pm,23509.39,
Uttar Pradesh - 2025,29-Sep 3pm,21963.69,
Uttar Pradesh - 2025,29-Sep 4pm,22944.34,
Uttar Pradesh - 2025,29-Sep 5pm,21445.26,
Uttar Pradesh - 2025,29-Sep 6pm,24188.26,
Uttar Pradesh - 2025,29-Sep 7pm,28346.01,
Uttar Pradesh - 2025,29-Sep 8pm,29910.82,
Uttar Pradesh - 2025,29-Sep 9pm,29755.07,
Uttar Pradesh - 2025,29-Sep 10pm,29906.87,
Uttar Pradesh - 2025,29-Sep 11pm,29612.02,
Uttar Pradesh - 2025,30-Sep 12am,29205.29,
Uttar Pradesh - 2025,30-Sep 1am,28329.13,
Uttar Pradesh - 2025,30-Sep 2am,27496.57,
Uttar Pradesh - 2025,30-Sep 3am,26696.31,
Uttar Pradesh - 2025,30-Sep 4am,26141.08,
Uttar Pradesh - 2025,30-Sep 5am,25927.26,
Uttar Pradesh - 2025,30-Sep 6am,23463.94,
Uttar Pradesh - 2025,30-Sep 7am,19017.27,
Uttar Pradesh - 2025,30-Sep 8am,19703.27,
Uttar Pradesh - 2025,30-Sep 9am,20945.33,
Uttar Pradesh - 2025,30-Sep 10am,21426.23,
Uttar Pradesh - 2025,30-Sep 11am,21052.73,
Uttar Pradesh - 2025,30-Sep 12pm,20772.34,
Uttar Pradesh - 2025,30-Sep 1pm,19794.35,
Uttar Pradesh - 2025,30-Sep 2pm,20136.83,
Uttar Pradesh - 2025,30-Sep 3pm,18943.76,
Uttar Pradesh - 2025,30-Sep 4pm,18606,
Uttar Pradesh - 2025,30-Sep 5pm,17728.76,
Uttar Pradesh - 2025,30-Sep 6pm,21317.11,
Uttar Pradesh - 2025,30-Sep 7pm,24773.76,
Uttar Pradesh - 2025,30-Sep 8pm,24738.27,
Uttar Pradesh - 2025,30-Sep 9pm,24631.2,
Uttar Pradesh - 2025,30-Sep 10pm,24801.24,
Uttar Pradesh - 2025,30-Sep 11pm,24441.96,
Uttar Pradesh - 2025,01-Oct 12am,23904.77,
Uttar Pradesh - 2025,01-Oct 1am,23128.95,
Uttar Pradesh - 2025,01-Oct 2am,22113.67,
Uttar Pradesh - 2025,01-Oct 3am,21502.89,
Uttar Pradesh - 2025,01-Oct 4am,21494.98,
Uttar Pradesh - 2025,01-Oct 5am,20776.69,
Uttar Pradesh - 2025,01-Oct 6am,20800.02,
Uttar Pradesh - 2025,01-Oct 7am,18454.27,
Uttar Pradesh - 2025,01-Oct 8am,17612.23,
Uttar Pradesh - 2025,01-Oct 9am,18160.62,
Uttar Pradesh - 2025,01-Oct 10am,20316.11,
Uttar Pradesh - 2025,01-Oct 11am,20409.53,
Uttar Pradesh - 2025,01-Oct 12pm,19789.11,
Uttar Pradesh - 2025,01-Oct 1pm,19175.33,
Uttar Pradesh - 2025,01-Oct 2pm,18147.83,
Uttar Pradesh - 2025,01-Oct 3pm,19029.63,
Uttar Pradesh - 2025,01-Oct 4pm,18639.28,
Uttar Pradesh - 2025,01-Oct 5pm,18047.08,
Uttar Pradesh - 2025,01-Oct 6pm,21899.09,
Uttar Pradesh - 2025,01-Oct 7pm,26016.82,
Uttar Pradesh - 2025,01-Oct 8pm,25728.9,
Uttar Pradesh - 2025,01-Oct 9pm,25600.01,
Uttar Pradesh - 2025,01-Oct 10pm,25646.79,
Uttar Pradesh - 2025,01-Oct 11pm,25208.09,
Uttar Pradesh - 2025,02-Oct 12am,24718.98,
Uttar Pradesh - 2025,02-Oct 1am,23693.42,
Uttar Pradesh - 2025,02-Oct 2am,22370.47,
Uttar Pradesh - 2025,02-Oct 3am,21293.67,
Uttar Pradesh - 2025,02-Oct 4am,20374.22,
Uttar Pradesh - 2025,02-Oct 5am,19972.5,
Uttar Pradesh - 2025,02-Oct 6am,19502.76,
Uttar Pradesh - 2025,02-Oct 7am,17628.99,
Uttar Pradesh - 2025,02-Oct 8am,17192.44,
Uttar Pradesh - 2025,02-Oct 9am,17718.34,
Uttar Pradesh - 2025,02-Oct 10am,18772.58,
Uttar Pradesh - 2025,02-Oct 11am,19174.01,
Uttar Pradesh - 2025,02-Oct 12pm,19077.3,
Uttar Pradesh - 2025,02-Oct 1pm,18649.7,
Uttar Pradesh - 2025,02-Oct 2pm,17981.35,
Uttar Pradesh - 2025,02-Oct 3pm,17420.52,
Uttar Pradesh - 2025,02-Oct 4pm,16811.87,
Uttar Pradesh - 2025,02-Oct 5pm,16121.55,
Uttar Pradesh - 2025,02-Oct 6pm,17432.45,
Uttar Pradesh - 2025,02-Oct 7pm,20886.32,
Uttar Pradesh - 2025,02-Oct 8pm,21269.03,
Uttar Pradesh - 2025,02-Oct 9pm,21563.2,
Uttar Pradesh - 2025,02-Oct 10pm,21906.55,
Uttar Pradesh - 2025,02-Oct 11pm,21876.71,
Uttar Pradesh - 2025,03-Oct 12am,21504.39,
Uttar Pradesh - 2025,03-Oct 1am,20269.94,
Uttar Pradesh - 2025,03-Oct 2am,19619.66,
Uttar Pradesh - 2025,03-Oct 3am,18996.62,
Uttar Pradesh - 2025,03-Oct 4am,18499.19,
Uttar Pradesh - 2025,03-Oct 5am,18464.7,
Uttar Pradesh - 2025,03-Oct 6am,18448.84,
Uttar Pradesh - 2025,03-Oct 7am,16203.9,
Uttar Pradesh - 2025,03-Oct 8am,15921.75,
Uttar Pradesh - 2025,03-Oct 9am,16042.08,
Uttar Pradesh - 2025,03-Oct 10am,16827.72,
Uttar Pradesh - 2025,03-Oct 11am,18608.82,
Uttar Pradesh - 2025,03-Oct 12pm,18841.7,
Uttar Pradesh - 2025,03-Oct 1pm,18539.74,
Uttar Pradesh - 2025,03-Oct 2pm,17724.04,
Uttar Pradesh - 2025,03-Oct 3pm,17417.16,
Uttar Pradesh - 2025,03-Oct 4pm,16503.64,
Uttar Pradesh - 2025,03-Oct 5pm,16408.4,
Uttar Pradesh - 2025,03-Oct 6pm,18907.74,
Uttar Pradesh - 2025,03-Oct 7pm,22836.52,
Uttar Pradesh - 2025,03-Oct 8pm,22248.77,
Uttar Pradesh - 2025,03-Oct 9pm,22167.94,
Uttar Pradesh - 2025,03-Oct 10pm,22189.95,
Uttar Pradesh - 2025,03-Oct 11pm,21926.62,
Uttar Pradesh - 2025,04-Oct 12am,21136.22,
Uttar Pradesh - 2025,04-Oct 1am,20223.67,
Uttar Pradesh - 2025,04-Oct 2am,19356.86,
Uttar Pradesh - 2025,04-Oct 3am,18417.31,
Uttar Pradesh - 2025,04-Oct 4am,17690.83,
Uttar Pradesh - 2025,04-Oct 5am,17209.6,
Uttar Pradesh - 2025,04-Oct 6am,16890.88,
Uttar Pradesh - 2025,04-Oct 7am,14267.11,
Uttar Pradesh - 2025,04-Oct 8am,15582.38,
Uttar Pradesh - 2025,04-Oct 9am,15333.56,
Uttar Pradesh - 2025,04-Oct 10am,16129.65,
Uttar Pradesh - 2025,04-Oct 11am,16885.93,
Uttar Pradesh - 2025,04-Oct 12pm,16883.99,
Uttar Pradesh - 2025,04-Oct 1pm,17724.88,
Uttar Pradesh - 2025,04-Oct 2pm,17274.92,
Uttar Pradesh - 2025,04-Oct 3pm,16666.86,
Uttar Pradesh - 2025,04-Oct 4pm,15738.46,
Uttar Pradesh - 2025,04-Oct 5pm,15896.15,
Uttar Pradesh - 2025,04-Oct 6pm,19467.87,
Uttar Pradesh - 2025,04-Oct 7pm,22982.1,
Uttar Pradesh - 2025,04-Oct 8pm,23671.07,
Uttar Pradesh - 2025,04-Oct 9pm,23380.47,
Uttar Pradesh - 2025,04-Oct 10pm,23203.98,
Uttar Pradesh - 2025,04-Oct 11pm,22764.83,
Uttar Pradesh - 2025,05-Oct 12am,22109.07,
Uttar Pradesh - 2025,05-Oct 1am,21297.41,
Uttar Pradesh - 2025,05-Oct 2am,20406.49,
Uttar Pradesh - 2025,05-Oct 3am,19700.39,
Uttar Pradesh - 2025,05-Oct 4am,19058.14,
Uttar Pradesh - 2025,05-Oct 5am,18961.23,
Uttar Pradesh - 2025,05-Oct 6am,18378.53,
Uttar Pradesh - 2025,05-Oct 7am,15552.92,
Uttar Pradesh - 2025,05-Oct 8am,15576.06,
Uttar Pradesh - 2025,05-Oct 9am,16399.45,
Uttar Pradesh - 2025,05-Oct 10am,17376.74,
Uttar Pradesh - 2025,05-Oct 11am,17616.59,
Uttar Pradesh - 2025,05-Oct 12pm,17660.81,
Uttar Pradesh - 2025,05-Oct 1pm,17822.78,
Uttar Pradesh - 2025,05-Oct 2pm,17871.45,
Uttar Pradesh - 2025,05-Oct 3pm,16888.23,
Uttar Pradesh - 2025,05-Oct 4pm,16262.22,
Uttar Pradesh - 2025,05-Oct 5pm,14693.74,
Uttar Pradesh - 2025,05-Oct 6pm,19596.38,
Uttar Pradesh - 2025,05-Oct 7pm,24304.81,
Uttar Pradesh - 2025,05-Oct 8pm,24225.15,
Uttar Pradesh - 2025,05-Oct 9pm,24104.01,
Uttar Pradesh - 2025,05-Oct 10pm,24203.93,
Uttar Pradesh - 2025,05-Oct 11pm,23994.7,
Uttar Pradesh - 2025,06-Oct 12am,23344.93,
Uttar Pradesh - 2025,06-Oct 1am,21814.5,
Uttar Pradesh - 2025,06-Oct 2am,20420.36,
Uttar Pradesh - 2025,06-Oct 3am,19782.12,
Uttar Pradesh - 2025,06-Oct 4am,19147.08,
Uttar Pradesh - 2025,06-Oct 5am,18901.53,
Uttar Pradesh - 2025,06-Oct 6am,18578.47,
Uttar Pradesh - 2025,06-Oct 7am,15952.59,
Uttar Pradesh - 2025,06-Oct 8am,16463.54,
Uttar Pradesh - 2025,06-Oct 9am,16714.89,
Uttar Pradesh - 2025,06-Oct 10am,17031.46,
Uttar Pradesh - 2025,06-Oct 11am,17355.61,
Uttar Pradesh - 2025,06-Oct 12pm,17888.38,
Uttar Pradesh - 2025,06-Oct 1pm,17586.56,
Uttar Pradesh - 2025,06-Oct 2pm,17592.48,
Uttar Pradesh - 2025,06-Oct 3pm,16814.92,
Uttar Pradesh - 2025,06-Oct 4pm,16627.92,
Uttar Pradesh - 2025,06-Oct 5pm,15234.53,
Uttar Pradesh - 2025,06-Oct 6pm,18382.07,
Uttar Pradesh - 2025,06-Oct 7pm,21424.84,
Uttar Pradesh - 2025,06-Oct 8pm,20875.58,
Uttar Pradesh - 2025,06-Oct 9pm,20435.8,
Uttar Pradesh - 2025,06-Oct 10pm,19974.39,
Uttar Pradesh - 2025,06-Oct 11pm,19482.7,
Uttar Pradesh - 2025,07-Oct 12am,18878.95,
Uttar Pradesh - 2025,07-Oct 1am,17878.66,
Uttar Pradesh - 2025,07-Oct 2am,17410.12,
Uttar Pradesh - 2025,07-Oct 3am,16744.7,
Uttar Pradesh - 2025,07-Oct 4am,16188.49,
Uttar Pradesh - 2025,07-Oct 5am,15969,
Uttar Pradesh - 2025,07-Oct 6am,15628.17,
Uttar Pradesh - 2025,07-Oct 7am,13793.48,
Uttar Pradesh - 2025,07-Oct 8am,13799.6,
Uttar Pradesh - 2025,07-Oct 9am,14468.61,
Uttar Pradesh - 2025,07-Oct 10am,15881.06,
Uttar Pradesh - 2025,07-Oct 11am,15924.28,
Uttar Pradesh - 2025,07-Oct 12pm,16530.71,
Uttar Pradesh - 2025,07-Oct 1pm,16334.93,
Uttar Pradesh - 2025,07-Oct 2pm,16558.25,
Uttar Pradesh - 2025,07-Oct 3pm,16028.08,
Uttar Pradesh - 2025,07-Oct 4pm,14524.38,
Uttar Pradesh - 2025,07-Oct 5pm,13317.28,
Uttar Pradesh - 2025,07-Oct 6pm,17873.97,
Uttar Pradesh - 2025,07-Oct 7pm,20969.18,
Uttar Pradesh - 2025,07-Oct 8pm,20270.74,
Uttar Pradesh - 2025,07-Oct 9pm,19493.45,
Uttar Pradesh - 2025,07-Oct 10pm,19492.59,
Uttar Pradesh - 2025,07-Oct 11pm,18955.35,
Uttar Pradesh - 2025,08-Oct 12am,18292.77,
Uttar Pradesh - 2025,08-Oct 1am,17680.22,
Uttar Pradesh - 2025,08-Oct 2am,16956.36,
Uttar Pradesh - 2025,08-Oct 3am,16200.6,
Uttar Pradesh - 2025,08-Oct 4am,15684.12,
Uttar Pradesh - 2025,08-Oct 5am,15629.11,
Uttar Pradesh - 2025,08-Oct 6am,15759.79,
Uttar Pradesh - 2025,08-Oct 7am,12898.98,
Uttar Pradesh - 2025,08-Oct 8am,14344.2,
Uttar Pradesh - 2025,08-Oct 9am,15282.72,
Uttar Pradesh - 2025,08-Oct 10am,16420.17,
Uttar Pradesh - 2025,08-Oct 11am,16998.63,
Uttar Pradesh - 2025,08-Oct 12pm,16739.22,
Uttar Pradesh - 2025,08-Oct 1pm,16294.61,
Uttar Pradesh - 2025,08-Oct 2pm,16207.29,
Uttar Pradesh - 2025,08-Oct 3pm,14823.44,
Uttar Pradesh - 2025,08-Oct 4pm,14120.66,
Uttar Pradesh - 2025,08-Oct 5pm,14996.28,
Uttar Pradesh - 2025,08-Oct 6pm,18947.66,
Uttar Pradesh - 2025,08-Oct 7pm,20796.95,
Uttar Pradesh - 2025,08-Oct 8pm,22145.98,
Uttar Pradesh - 2025,08-Oct 9pm,21261.22,
Uttar Pradesh - 2025,08-Oct 10pm,20643.76,
Uttar Pradesh - 2025,08-Oct 11pm,20080.61,
Uttar Pradesh - 2025,09-Oct 12am,19281.92,
Uttar Pradesh - 2025,09-Oct 1am,18509.77,
Uttar Pradesh - 2025,09-Oct 2am,17837.11,
Uttar Pradesh - 2025,09-Oct 3am,17292.26,
Uttar Pradesh - 2025,09-Oct 4am,16723.65,
Uttar Pradesh - 2025,09-Oct 5am,16916.54,
Uttar Pradesh - 2025,09-Oct 6am,16897.05,
Uttar Pradesh - 2025,09-Oct 7am,11106.09,
Uttar Pradesh - 2025,09-Oct 8am,12715.9,
Uttar Pradesh - 2025,09-Oct 9am,15036.01,
Uttar Pradesh - 2025,09-Oct 10am,16036.43,
Uttar Pradesh - 2025,09-Oct 11am,15557.88,
Uttar Pradesh - 2025,09-Oct 12pm,16290.84,
Uttar Pradesh - 2025,09-Oct 1pm,15585.2,
Uttar Pradesh - 2025,09-Oct 2pm,15391.15,
Uttar Pradesh - 2025,09-Oct 3pm,14719.04,
Uttar Pradesh - 2025,09-Oct 4pm,13366.2,
Uttar Pradesh - 2025,09-Oct 5pm,15056.39,
Uttar Pradesh - 2025,09-Oct 6pm,18800.27,
Uttar Pradesh - 2025,09-Oct 7pm,21340.22,
Uttar Pradesh - 2025,09-Oct 8pm,21299.89,
Uttar Pradesh - 2025,09-Oct 9pm,20704.67,
Uttar Pradesh - 2025,09-Oct 10pm,20104.34,
Uttar Pradesh - 2025,09-Oct 11pm,19392.01,
Uttar Pradesh - 2025,10-Oct 12am,18644.74,
Uttar Pradesh - 2025,10-Oct 1am,17665.55,
Uttar Pradesh - 2025,10-Oct 2am,16934.07,
Uttar Pradesh - 2025,10-Oct 3am,16376.21,
Uttar Pradesh - 2025,10-Oct 4am,15890.94,
Uttar Pradesh - 2025,10-Oct 5am,16005.32,
Uttar Pradesh - 2025,10-Oct 6am,16221.41,
Uttar Pradesh - 2025,10-Oct 7am,11017.21,
Uttar Pradesh - 2025,10-Oct 8am,14199.27,
Uttar Pradesh - 2025,10-Oct 9am,14341.29,
Uttar Pradesh - 2025,10-Oct 10am,14434.44,
Uttar Pradesh - 2025,10-Oct 11am,15767.12,
Uttar Pradesh - 2025,10-Oct 12pm,17304.9,
Uttar Pradesh - 2025,10-Oct 1pm,16665.84,
Uttar Pradesh - 2025,10-Oct 2pm,16268.63,
Uttar Pradesh - 2025,10-Oct 3pm,16183.03,
Uttar Pradesh - 2025,10-Oct 4pm,15818.43,
Uttar Pradesh - 2025,10-Oct 5pm,15729.91,
Uttar Pradesh - 2025,10-Oct 6pm,18435.66,
Uttar Pradesh - 2025,10-Oct 7pm,20913.97,
Uttar Pradesh - 2025,10-Oct 8pm,19388.16,
Uttar Pradesh - 2025,10-Oct 9pm,18501.34,
Uttar Pradesh - 2025,10-Oct 10pm,18650.87,
Uttar Pradesh - 2025,10-Oct 11pm,17966.97,
Uttar Pradesh - 2025,11-Oct 12am,17257.78,
Uttar Pradesh - 2025,11-Oct 1am,16673.32,
Uttar Pradesh - 2025,11-Oct 2am,16111.42,
Uttar Pradesh - 2025,11-Oct 3am,15627.89,
Uttar Pradesh - 2025,11-Oct 4am,15254.57,
Uttar Pradesh - 2025,11-Oct 5am,15387.54,
Uttar Pradesh - 2025,11-Oct 6am,15809.97,
Uttar Pradesh - 2025,11-Oct 7am,14072.28,
Uttar Pradesh - 2025,11-Oct 8am,14013.99,
Uttar Pradesh - 2025,11-Oct 9am,14430.55,
Uttar Pradesh - 2025,11-Oct 10am,16087.07,
Uttar Pradesh - 2025,11-Oct 11am,16123.3,
Uttar Pradesh - 2025,11-Oct 12pm,15953.7,
Uttar Pradesh - 2025,11-Oct 1pm,15630.81,
Uttar Pradesh - 2025,11-Oct 2pm,15306.01,
Uttar Pradesh - 2025,11-Oct 3pm,15148.52,
Uttar Pradesh - 2025,11-Oct 4pm,14821.48,
Uttar Pradesh - 2025,11-Oct 5pm,14674.46,
Uttar Pradesh - 2025,11-Oct 6pm,17672.63,
Uttar Pradesh - 2025,11-Oct 7pm,20826.39,
Uttar Pradesh - 2025,11-Oct 8pm,20069.82,
Uttar Pradesh - 2025,11-Oct 9pm,19075.47,
Uttar Pradesh - 2025,11-Oct 10pm,18612.32,
Uttar Pradesh - 2025,11-Oct 11pm,17730.41,
Uttar Pradesh - 2025,12-Oct 12am,17282.61,
Uttar Pradesh - 2025,12-Oct 1am,16686.26,
Uttar Pradesh - 2025,12-Oct 2am,16233.87,
Uttar Pradesh - 2025,12-Oct 3am,15687.66,
Uttar Pradesh - 2025,12-Oct 4am,15253.28,
Uttar Pradesh - 2025,12-Oct 5am,15545.47,
Uttar Pradesh - 2025,12-Oct 6am,15874.36,
Uttar Pradesh - 2025,12-Oct 7am,14281.95,
Uttar Pradesh - 2025,12-Oct 8am,14192.06,
Uttar Pradesh - 2025,12-Oct 9am,14489.66,
Uttar Pradesh - 2025,12-Oct 10am,15702.57,
Uttar Pradesh - 2025,12-Oct 11am,15911.59,
Uttar Pradesh - 2025,12-Oct 12pm,15698.43,
Uttar Pradesh - 2025,12-Oct 1pm,15169.65,
Uttar Pradesh - 2025,12-Oct 2pm,14958.14,
Uttar Pradesh - 2025,12-Oct 3pm,14687.8,
Uttar Pradesh - 2025,12-Oct 4pm,14092.09,
Uttar Pradesh - 2025,12-Oct 5pm,14099.72,
Uttar Pradesh - 2025,12-Oct 6pm,17169.27,
Uttar Pradesh - 2025,12-Oct 7pm,20234.31,
Uttar Pradesh - 2025,12-Oct 8pm,19337.02,
Uttar Pradesh - 2025,12-Oct 9pm,18673.17,
Uttar Pradesh - 2025,12-Oct 10pm,17994.77,
Uttar Pradesh - 2025,12-Oct 11pm,17472.93,
Uttar Pradesh - 2025,13-Oct 12am,16755.25,
Uttar Pradesh - 2025,13-Oct 1am,16186.12,
Uttar Pradesh - 2025,13-Oct 2am,15650.29,
Uttar Pradesh - 2025,13-Oct 3am,15303.41,
Uttar Pradesh - 2025,13-Oct 4am,14928.67,
Uttar Pradesh - 2025,13-Oct 5am,15448.21,
Uttar Pradesh - 2025,13-Oct 6am,16087.99,
Uttar Pradesh - 2025,13-Oct 7am,15128.24,
Uttar Pradesh - 2025,13-Oct 8am,14314.11,
Uttar Pradesh - 2025,13-Oct 9am,14934.33,
Uttar Pradesh - 2025,13-Oct 10am,16832.98,
Uttar Pradesh - 2025,13-Oct 11am,17244.42,
Uttar Pradesh - 2025,13-Oct 12pm,16700.48,
Uttar Pradesh - 2025,13-Oct 1pm,16146.46,
Uttar Pradesh - 2025,13-Oct 2pm,15811.07,
Uttar Pradesh - 2025,13-Oct 3pm,15841.76,
Uttar Pradesh - 2025,13-Oct 4pm,15521.6,
Uttar Pradesh - 2025,13-Oct 5pm,15310.54,
Uttar Pradesh - 2025,13-Oct 6pm,18695.21,
Uttar Pradesh - 2025,13-Oct 7pm,21260.81,
Uttar Pradesh - 2025,13-Oct 8pm,20169.01,
Uttar Pradesh - 2025,13-Oct 9pm,19402.51,
Uttar Pradesh - 2025,13-Oct 10pm,18767.17,
Uttar Pradesh - 2025,13-Oct 11pm,17982.37,
Uttar Pradesh - 2025,14-Oct 12am,17346.32,
Uttar Pradesh - 2025,14-Oct 1am,16717.68,
Uttar Pradesh - 2025,14-Oct 2am,16037.8,
Uttar Pradesh - 2025,14-Oct 3am,15494.12,
Uttar Pradesh - 2025,14-Oct 4am,15192.87,
Uttar Pradesh - 2025,14-Oct 5am,15577.78,
Uttar Pradesh - 2025,14-Oct 6am,16365.24,
Uttar Pradesh - 2025,14-Oct 7am,15195.51,
Uttar Pradesh - 2025,14-Oct 8am,14696.68,
Uttar Pradesh - 2025,14-Oct 9am,15199.52,
Uttar Pradesh - 2025,14-Oct 10am,16668.4,
Uttar Pradesh - 2025,14-Oct 11am,17264.6,
Uttar Pradesh - 2025,14-Oct 12pm,16857.5,
Uttar Pradesh - 2025,14-Oct 1pm,16064.68,
Uttar Pradesh - 2025,14-Oct 2pm,16016.27,
Uttar Pradesh - 2025,14-Oct 3pm,16076.05,
Uttar Pradesh - 2025,14-Oct 4pm,15578.03,
Uttar Pradesh - 2025,14-Oct 5pm,15293.46,
Uttar Pradesh - 2025,14-Oct 6pm,18075.21,
Uttar Pradesh - 2025,14-Oct 7pm,21067.78,
Uttar Pradesh - 2025,14-Oct 8pm,20519.48,
Uttar Pradesh - 2025,14-Oct 9pm,19685.57,
Uttar Pradesh - 2025,14-Oct 10pm,18867.01,
Uttar Pradesh - 2025,14-Oct 11pm,17958.8,
Uttar Pradesh - 2025,15-Oct 12am,17295.81,
Uttar Pradesh - 2025,15-Oct 1am,16742.5,
Uttar Pradesh - 2025,15-Oct 2am,16447.54,
Uttar Pradesh - 2025,15-Oct 3am,16018.43,
Uttar Pradesh - 2025,15-Oct 4am,15683.4,
Uttar Pradesh - 2025,15-Oct 5am,16165.57,
Uttar Pradesh - 2025,15-Oct 6am,16580.75,
Uttar Pradesh - 2025,15-Oct 7am,15635.61,
Uttar Pradesh - 2025,15-Oct 8am,15286.48,
Uttar Pradesh - 2025,15-Oct 9am,15903.04,
Uttar Pradesh - 2025,15-Oct 10am,17523.95,
Uttar Pradesh - 2025,15-Oct 11am,17438.21,
Uttar Pradesh - 2025,15-Oct 12pm,16888.98,
Uttar Pradesh - 2025,15-Oct 1pm,16520.74,
Uttar Pradesh - 2025,15-Oct 2pm,16213.71,
Uttar Pradesh - 2025,15-Oct 3pm,16235.97,
Uttar Pradesh - 2025,15-Oct 4pm,15749.69,
Uttar Pradesh - 2025,15-Oct 5pm,15689.15,
Uttar Pradesh - 2025,15-Oct 6pm,19163.2,
Uttar Pradesh - 2025,15-Oct 7pm,21165.26,
Uttar Pradesh - 2025,15-Oct 8pm,20723.23,
Uttar Pradesh - 2025,15-Oct 9pm,19631.73,
Uttar Pradesh - 2025,15-Oct 10pm,18795.23,
Uttar Pradesh - 2025,15-Oct 11pm,18152.67,
Uttar Pradesh - 2025,16-Oct 12am,17564.47,
Uttar Pradesh - 2025,16-Oct 1am,16880.93,
Uttar Pradesh - 2025,16-Oct 2am,16616.03,
Uttar Pradesh - 2025,16-Oct 3am,16112.05,
Uttar Pradesh - 2025,16-Oct 4am,15789.28,
Uttar Pradesh - 2025,16-Oct 5am,16303.57,
Uttar Pradesh - 2025,16-Oct 6am,16863.55,
Uttar Pradesh - 2025,16-Oct 7am,15624.89,
Uttar Pradesh - 2025,16-Oct 8am,15516.29,
Uttar Pradesh - 2025,16-Oct 9am,16115.29,
Uttar Pradesh - 2025,16-Oct 10am,17342.77,
Uttar Pradesh - 2025,16-Oct 11am,17505.42,
Uttar Pradesh - 2025,16-Oct 12pm,17053.82,
Uttar Pradesh - 2025,16-Oct 1pm,16809.3,
Uttar Pradesh - 2025,16-Oct 2pm,16655.16,
Uttar Pradesh - 2025,16-Oct 3pm,16468.93,
Uttar Pradesh - 2025,16-Oct 4pm,16201.69,
Uttar Pradesh - 2025,16-Oct 5pm,16080.63,
Uttar Pradesh - 2025,16-Oct 6pm,19156.68,
Uttar Pradesh - 2025,16-Oct 7pm,20159.12,
Uttar Pradesh - 2025,16-Oct 8pm,20617.04,
Uttar Pradesh - 2025,16-Oct 9pm,19695.56,
Uttar Pradesh - 2025,16-Oct 10pm,19029.84,
Uttar Pradesh - 2025,16-Oct 11pm,18228.98,
Uttar Pradesh - 2025,17-Oct 12am,17542.4,
Uttar Pradesh - 2025,17-Oct 1am,16939.46,
Uttar Pradesh - 2025,17-Oct 2am,16368.34,
Uttar Pradesh - 2025,17-Oct 3am,15837.83,
Uttar Pradesh - 2025,17-Oct 4am,15533.06,
Uttar Pradesh - 2025,17-Oct 5am,16152.02,
Uttar Pradesh - 2025,17-Oct 6am,17171.35,
Uttar Pradesh - 2025,17-Oct 7am,16413.25,
Uttar Pradesh - 2025,17-Oct 8am,16133.78,
Uttar Pradesh - 2025,17-Oct 9am,16570.46,
Uttar Pradesh - 2025,17-Oct 10am,18137.11,
Uttar Pradesh - 2025,17-Oct 11am,18303.69,
Uttar Pradesh - 2025,17-Oct 12pm,18233.38,
Uttar Pradesh - 2025,17-Oct 1pm,17737.71,
Uttar Pradesh - 2025,17-Oct 2pm,17217.85,
Uttar Pradesh - 2025,17-Oct 3pm,17066.64,
Uttar Pradesh - 2025,17-Oct 4pm,16388.35,
Uttar Pradesh - 2025,17-Oct 5pm,16495.95,
Uttar Pradesh - 2025,17-Oct 6pm,19314.95,
Uttar Pradesh - 2025,17-Oct 7pm,21586,
Uttar Pradesh - 2025,17-Oct 8pm,20836.52,
Uttar Pradesh - 2025,17-Oct 9pm,19919.58,
Uttar Pradesh - 2025,17-Oct 10pm,19204.26,
Uttar Pradesh - 2025,17-Oct 11pm,18551.09,
Uttar Pradesh - 2025,18-Oct 12am,18025.58,
Uttar Pradesh - 2025,18-Oct 1am,17212.43,
Uttar Pradesh - 2025,18-Oct 2am,16731.13,
Uttar Pradesh - 2025,18-Oct 3am,16252.15,
Uttar Pradesh - 2025,18-Oct 4am,16062.53,
Uttar Pradesh - 2025,18-Oct 5am,16496.25,
Uttar Pradesh - 2025,18-Oct 6am,17254.47,
Uttar Pradesh - 2025,18-Oct 7am,16520.06,
Uttar Pradesh - 2025,18-Oct 8am,16382.69,
Uttar Pradesh - 2025,18-Oct 9am,16989.89,
Uttar Pradesh - 2025,18-Oct 10am,18303.16,
Uttar Pradesh - 2025,18-Oct 11am,18576.66,
Uttar Pradesh - 2025,18-Oct 12pm,18518.35,
Uttar Pradesh - 2025,18-Oct 1pm,18051.55,
Uttar Pradesh - 2025,18-Oct 2pm,17767.02,
Uttar Pradesh - 2025,18-Oct 3pm,17364.11,
Uttar Pradesh - 2025,18-Oct 4pm,16760.04,
Uttar Pradesh - 2025,18-Oct 5pm,16843.34,
Uttar Pradesh - 2025,18-Oct 6pm,19221.21,
Uttar Pradesh - 2025,18-Oct 7pm,20844.29,
Uttar Pradesh - 2025,18-Oct 8pm,20360.24,
Uttar Pradesh - 2025,18-Oct 9pm,19838.35,
Uttar Pradesh - 2025,18-Oct 10pm,19407.84,
Uttar Pradesh - 2025,18-Oct 11pm,18587.86,
Uttar Pradesh - 2025,19-Oct 12am,18071.87,
Uttar Pradesh - 2025,19-Oct 1am,17372,
Uttar Pradesh - 2025,19-Oct 2am,16720.05,
Uttar Pradesh - 2025,19-Oct 3am,16145.67,
Uttar Pradesh - 2025,19-Oct 4am,15958.12,
Uttar Pradesh - 2025,19-Oct 5am,16443.95,
Uttar Pradesh - 2025,19-Oct 6am,17110.22,
Uttar Pradesh - 2025,19-Oct 7am,16468.01,
Uttar Pradesh - 2025,19-Oct 8am,16424.88,
Uttar Pradesh - 2025,19-Oct 9am,17073.08,
Uttar Pradesh - 2025,19-Oct 10am,17748.02,
Uttar Pradesh - 2025,19-Oct 11am,18125.55,
Uttar Pradesh - 2025,19-Oct 12pm,17943.9,
Uttar Pradesh - 2025,19-Oct 1pm,17718.18,
Uttar Pradesh - 2025,19-Oct 2pm,17243.97,
Uttar Pradesh - 2025,19-Oct 3pm,16862.8,
Uttar Pradesh - 2025,19-Oct 4pm,16368.53,
Uttar Pradesh - 2025,19-Oct 5pm,16375.62,
Uttar Pradesh - 2025,19-Oct 6pm,18887.08,
Uttar Pradesh - 2025,19-Oct 7pm,20207.19,
Uttar Pradesh - 2025,19-Oct 8pm,19686.63,
Uttar Pradesh - 2025,19-Oct 9pm,19430.79,
Uttar Pradesh - 2025,19-Oct 10pm,18855.11,
Uttar Pradesh - 2025,19-Oct 11pm,18299.04,
Uttar Pradesh - 2025,20-Oct 12am,17700.75,
Uttar Pradesh - 2025,20-Oct 1am,17033.17,
Uttar Pradesh - 2025,20-Oct 2am,16744.02,
Uttar Pradesh - 2025,20-Oct 3am,16068.39,
Uttar Pradesh - 2025,20-Oct 4am,15687.03,
Uttar Pradesh - 2025,20-Oct 5am,16307.56,
Uttar Pradesh - 2025,20-Oct 6am,17100.32,
Uttar Pradesh - 2025,20-Oct 7am,16417.31,
Uttar Pradesh - 2025,20-Oct 8am,16559.2,
Uttar Pradesh - 2025,20-Oct 9am,17062.94,
Uttar Pradesh - 2025,20-Oct 10am,17332.08,
Uttar Pradesh - 2025,20-Oct 11am,17576.61,
Uttar Pradesh - 2025,20-Oct 12pm,17378.26,
Uttar Pradesh - 2025,20-Oct 1pm,16982.45,
Uttar Pradesh - 2025,20-Oct 2pm,16422.24,
Uttar Pradesh - 2025,20-Oct 3pm,16332.43,
Uttar Pradesh - 2025,20-Oct 4pm,16170.4,
Uttar Pradesh - 2025,20-Oct 5pm,16367.96,
Uttar Pradesh - 2025,20-Oct 6pm,18487.26,
Uttar Pradesh - 2025,20-Oct 7pm,18850.04,
Uttar Pradesh - 2025,20-Oct 8pm,18363.51,
Uttar Pradesh - 2025,20-Oct 9pm,18115.98,
Uttar Pradesh - 2025,20-Oct 10pm,18207.26,
Uttar Pradesh - 2025,20-Oct 11pm,17649.74,
Uttar Pradesh - 2025,21-Oct 12am,17166.68,
Uttar Pradesh - 2025,21-Oct 1am,16719.03,
Uttar Pradesh - 2025,21-Oct 2am,16502.71,
Uttar Pradesh - 2025,21-Oct 3am,15985.06,
Uttar Pradesh - 2025,21-Oct 4am,15357.92,
Uttar Pradesh - 2025,21-Oct 5am,15590.41,
Uttar Pradesh - 2025,21-Oct 6am,15988.43,
Uttar Pradesh - 2025,21-Oct 7am,14969.07,
Uttar Pradesh - 2025,21-Oct 8am,15259.21,
Uttar Pradesh - 2025,21-Oct 9am,15844.24,
Uttar Pradesh - 2025,21-Oct 10am,16680.34,
Uttar Pradesh - 2025,21-Oct 11am,17085.28,
Uttar Pradesh - 2025,21-Oct 12pm,17269.16,
Uttar Pradesh - 2025,21-Oct 1pm,16731.7,
Uttar Pradesh - 2025,21-Oct 2pm,16379.78,
Uttar Pradesh - 2025,21-Oct 3pm,16165.88,
Uttar Pradesh - 2025,21-Oct 4pm,15639.38,
Uttar Pradesh - 2025,21-Oct 5pm,15801.08,
Uttar Pradesh - 2025,21-Oct 6pm,18544.61,
Uttar Pradesh - 2025,21-Oct 7pm,19665.74,
Uttar Pradesh - 2025,21-Oct 8pm,19327.82,
Uttar Pradesh - 2025,21-Oct 9pm,19077.85,
Uttar Pradesh - 2025,21-Oct 10pm,18752.68,
Uttar Pradesh - 2025,21-Oct 11pm,18233.72,
Uttar Pradesh - 2025,22-Oct 12am,17668.51,
Uttar Pradesh - 2025,22-Oct 1am,17090.71,
Uttar Pradesh - 2025,22-Oct 2am,16740.17,
Uttar Pradesh - 2025,22-Oct 3am,16172.77,
Uttar Pradesh - 2025,22-Oct 4am,15796.35,
Uttar Pradesh - 2025,22-Oct 5am,16133.91,
Uttar Pradesh - 2025,22-Oct 6am,16587.75,
Uttar Pradesh - 2025,22-Oct 7am,15795.94,
Uttar Pradesh - 2025,22-Oct 8am,16033.59,
Uttar Pradesh - 2025,22-Oct 9am,16636.64,
Uttar Pradesh - 2025,22-Oct 10am,17409.68,
Uttar Pradesh - 2025,22-Oct 11am,17900,
Uttar Pradesh - 2025,22-Oct 12pm,17758.16,
Uttar Pradesh - 2025,22-Oct 1pm,17466.72,
Uttar Pradesh - 2025,22-Oct 2pm,17131.54,
Uttar Pradesh - 2025,22-Oct 3pm,16672.46,
Uttar Pradesh - 2025,22-Oct 4pm,16235.02,
Uttar Pradesh - 2025,22-Oct 5pm,16141.11,
Uttar Pradesh - 2025,22-Oct 6pm,19036.39,
Uttar Pradesh - 2025,22-Oct 7pm,20078.64,
Uttar Pradesh - 2025,22-Oct 8pm,19742.69,
Uttar Pradesh - 2025,22-Oct 9pm,19437.51,
Uttar Pradesh - 2025,22-Oct 10pm,19090.69,
Uttar Pradesh - 2025,22-Oct 11pm,18662.79,
Uttar Pradesh - 2025,23-Oct 12am,18300.85,
Uttar Pradesh - 2025,23-Oct 1am,17647.11,
Uttar Pradesh - 2025,23-Oct 2am,17137.16,
Uttar Pradesh - 2025,23-Oct 3am,16647.84,
Uttar Pradesh - 2025,23-Oct 4am,16297.79,
Uttar Pradesh - 2025,23-Oct 5am,16694.76,
Uttar Pradesh - 2025,23-Oct 6am,17098.07,
Uttar Pradesh - 2025,23-Oct 7am,16206.84,
Uttar Pradesh - 2025,23-Oct 8am,16372.32,
Uttar Pradesh - 2025,23-Oct 9am,16878.15,
Uttar Pradesh - 2025,23-Oct 10am,17354.83,
Uttar Pradesh - 2025,23-Oct 11am,17823.05,
Uttar Pradesh - 2025,23-Oct 12pm,17888.1,
Uttar Pradesh - 2025,23-Oct 1pm,17641.29,
Uttar Pradesh - 2025,23-Oct 2pm,17251.27,
Uttar Pradesh - 2025,23-Oct 3pm,16477.28,
Uttar Pradesh - 2025,23-Oct 4pm,16007.35,
Uttar Pradesh - 2025,23-Oct 5pm,15976.9,
Uttar Pradesh - 2025,23-Oct 6pm,18848.29,
Uttar Pradesh - 2025,23-Oct 7pm,20053.93,
Uttar Pradesh - 2025,23-Oct 8pm,19681.87,
Uttar Pradesh - 2025,23-Oct 9pm,19411.09,
Uttar Pradesh - 2025,23-Oct 10pm,19040.86,
Uttar Pradesh - 2025,23-Oct 11pm,18443.92,
Uttar Pradesh - 2025,24-Oct 12am,18076.3,
Uttar Pradesh - 2025,24-Oct 1am,17574.69,
Uttar Pradesh - 2025,24-Oct 2am,16922.98,
Uttar Pradesh - 2025,24-Oct 3am,16432.67,
Uttar Pradesh - 2025,24-Oct 4am,16392.55,
Uttar Pradesh - 2025,24-Oct 5am,16875.47,
Uttar Pradesh - 2025,24-Oct 6am,17462.95,
Uttar Pradesh - 2025,24-Oct 7am,15706.53,
Uttar Pradesh - 2025,24-Oct 8am,16006.69,
Uttar Pradesh - 2025,24-Oct 9am,16487.61,
Uttar Pradesh - 2025,24-Oct 10am,17631.67,
Uttar Pradesh - 2025,24-Oct 11am,18200.25,
Uttar Pradesh - 2025,24-Oct 12pm,17945.1,
Uttar Pradesh - 2025,24-Oct 1pm,17618.69,
Uttar Pradesh - 2025,24-Oct 2pm,17201.67,
Uttar Pradesh - 2025,24-Oct 3pm,16667.38,
Uttar Pradesh - 2025,24-Oct 4pm,16026.66,
Uttar Pradesh - 2025,24-Oct 5pm,16127.76,
Uttar Pradesh - 2025,24-Oct 6pm,19267.14,
Uttar Pradesh - 2025,24-Oct 7pm,20788.4,
Uttar Pradesh - 2025,24-Oct 8pm,19985.5,
Uttar Pradesh - 2025,24-Oct 9pm,19309.87,
Uttar Pradesh - 2025,24-Oct 10pm,18862.75,
Uttar Pradesh - 2025,24-Oct 11pm,18509.75,
Uttar Pradesh - 2025,25-Oct 12am,17988.95,
Uttar Pradesh - 2025,25-Oct 1am,17275.62,
Uttar Pradesh - 2025,25-Oct 2am,16662.27,
Uttar Pradesh - 2025,25-Oct 3am,16197.1,
Uttar Pradesh - 2025,25-Oct 4am,15862.94,
Uttar Pradesh - 2025,25-Oct 5am,16256.28,
Uttar Pradesh - 2025,25-Oct 6am,16835.92,
Uttar Pradesh - 2025,25-Oct 7am,15831.46,
Uttar Pradesh - 2025,25-Oct 8am,15636.14,
Uttar Pradesh - 2025,25-Oct 9am,16401.68,
Uttar Pradesh - 2025,25-Oct 10am,17564.96,
Uttar Pradesh - 2025,25-Oct 11am,17984.72,
Uttar Pradesh - 2025,25-Oct 12pm,17794.38,
Uttar Pradesh - 2025,25-Oct 1pm,17378.61,
Uttar Pradesh - 2025,25-Oct 2pm,16937.88,
Uttar Pradesh - 2025,25-Oct 3pm,16558.62,
Uttar Pradesh - 2025,25-Oct 4pm,16030.48,
Uttar Pradesh - 2025,25-Oct 5pm,15996.66,
Uttar Pradesh - 2025,25-Oct 6pm,19254.13,
Uttar Pradesh - 2025,25-Oct 7pm,20481.26,
Uttar Pradesh - 2025,25-Oct 8pm,19574.29,
Uttar Pradesh - 2025,25-Oct 9pm,18954.16,
Uttar Pradesh - 2025,25-Oct 10pm,18325.58,
Uttar Pradesh - 2025,25-Oct 11pm,17764.21,
Uttar Pradesh - 2025,26-Oct 12am,17236.39,
Uttar Pradesh - 2025,26-Oct 1am,16689.08,
Uttar Pradesh - 2025,26-Oct 2am,16077.96,
Uttar Pradesh - 2025,26-Oct 3am,15680.09,
Uttar Pradesh - 2025,26-Oct 4am,15409.18,
Uttar Pradesh - 2025,26-Oct 5am,15778.5,
Uttar Pradesh - 2025,26-Oct 6am,16270.29,
Uttar Pradesh - 2025,26-Oct 7am,15362.31,
Uttar Pradesh - 2025,26-Oct 8am,15401.09,
Uttar Pradesh - 2025,26-Oct 9am,16044.78,
Uttar Pradesh - 2025,26-Oct 10am,16903.74,
Uttar Pradesh - 2025,26-Oct 11am,17235.49,
Uttar Pradesh - 2025,26-Oct 12pm,16952.62,
Uttar Pradesh - 2025,26-Oct 1pm,16483.69,
Uttar Pradesh - 2025,26-Oct 2pm,16008.04,
Uttar Pradesh - 2025,26-Oct 3pm,15518.69,
Uttar Pradesh - 2025,26-Oct 4pm,14982.7,
Uttar Pradesh - 2025,26-Oct 5pm,15149.58,
Uttar Pradesh - 2025,26-Oct 6pm,18502.83,
Uttar Pradesh - 2025,26-Oct 7pm,19474.03,
Uttar Pradesh - 2025,26-Oct 8pm,18842.16,
Uttar Pradesh - 2025,26-Oct 9pm,18362.86,
Uttar Pradesh - 2025,26-Oct 10pm,17856.08,
Uttar Pradesh - 2025,26-Oct 11pm,17381.64,
Uttar Pradesh - 2025,27-Oct 12am,16914.41,
Uttar Pradesh - 2025,27-Oct 1am,16344.44,
Uttar Pradesh - 2025,27-Oct 2am,16058.1,
Uttar Pradesh - 2025,27-Oct 3am,15721.66,
Uttar Pradesh - 2025,27-Oct 4am,15400.8,
Uttar Pradesh - 2025,27-Oct 5am,15943.79,
Uttar Pradesh - 2025,27-Oct 6am,16727.79,
Uttar Pradesh - 2025,27-Oct 7am,15914.94,
Uttar Pradesh - 2025,27-Oct 8am,15770.38,
Uttar Pradesh - 2025,27-Oct 9am,16418.37,
Uttar Pradesh - 2025,27-Oct 10am,17512.87,
Uttar Pradesh - 2025,27-Oct 11am,17411.12,
Uttar Pradesh - 2025,27-Oct 12pm,17157.96,
Uttar Pradesh - 2025,27-Oct 1pm,16299.9,
Uttar Pradesh - 2025,27-Oct 2pm,15836.31,
Uttar Pradesh - 2025,27-Oct 3pm,15589,
Uttar Pradesh - 2025,27-Oct 4pm,14860.86,
Uttar Pradesh - 2025,27-Oct 5pm,15028.78,
Uttar Pradesh - 2025,27-Oct 6pm,17382.68,
Uttar Pradesh - 2025,27-Oct 7pm,18047.6,
Uttar Pradesh - 2025,27-Oct 8pm,17106.2,
Uttar Pradesh - 2025,27-Oct 9pm,16428.75,
Uttar Pradesh - 2025,27-Oct 10pm,15819.59,
Uttar Pradesh - 2025,27-Oct 11pm,15346.73,
Uttar Pradesh - 2025,28-Oct 12am,14609.71,
Uttar Pradesh - 2025,28-Oct 1am,14114.93,
Uttar Pradesh - 2025,28-Oct 2am,13496.53,
Uttar Pradesh - 2025,28-Oct 3am,12699.33,
Uttar Pradesh - 2025,28-Oct 4am,12506.88,
Uttar Pradesh - 2025,28-Oct 5am,12671.62,
Uttar Pradesh - 2025,28-Oct 6am,13027.06,
Uttar Pradesh - 2025,28-Oct 7am,12711.31,
Uttar Pradesh - 2025,28-Oct 8am,13578.88,
Uttar Pradesh - 2025,28-Oct 9am,14491.8,
Uttar Pradesh - 2025,28-Oct 10am,15444.5,
Uttar Pradesh - 2025,28-Oct 11am,15481.04,
Uttar Pradesh - 2025,28-Oct 12pm,15219.93,
Uttar Pradesh - 2025,28-Oct 1pm,14649.83,
Uttar Pradesh - 2025,28-Oct 2pm,14380.18,
Uttar Pradesh - 2025,28-Oct 3pm,14319,
Uttar Pradesh - 2025,28-Oct 4pm,14211.57,
Uttar Pradesh - 2025,28-Oct 5pm,14242.01,
Uttar Pradesh - 2025,28-Oct 6pm,17130.39,
Uttar Pradesh - 2025,28-Oct 7pm,17454.81,
Uttar Pradesh - 2025,28-Oct 8pm,16444.38,
Uttar Pradesh - 2025,28-Oct 9pm,15889.29,
Uttar Pradesh - 2025,28-Oct 10pm,15023.38,
Uttar Pradesh - 2025,28-Oct 11pm,14455.54,
Uttar Pradesh - 2025,29-Oct 12am,13995.73,
Uttar Pradesh - 2025,29-Oct 1am,13432.94,
Uttar Pradesh - 2025,29-Oct 2am,13000.29,
Uttar Pradesh - 2025,29-Oct 3am,12600.88,
Uttar Pradesh - 2025,29-Oct 4am,12485.14,
Uttar Pradesh - 2025,29-Oct 5am,13164.45,
Uttar Pradesh - 2025,29-Oct 6am,14417.79,
Uttar Pradesh - 2025,29-Oct 7am,12434.23,
Uttar Pradesh - 2025,29-Oct 8am,12002.1,
Uttar Pradesh - 2025,29-Oct 9am,13262.33,
Uttar Pradesh - 2025,29-Oct 10am,14691.03,
Uttar Pradesh - 2025,29-Oct 11am,15681.88,
Uttar Pradesh - 2025,29-Oct 12pm,14706.52,
Uttar Pradesh - 2025,29-Oct 1pm,14295.74,
Uttar Pradesh - 2025,29-Oct 2pm,13436.8,
Uttar Pradesh - 2025,29-Oct 3pm,12934.31,
Uttar Pradesh - 2025,29-Oct 4pm,12676.22,
Uttar Pradesh - 2025,29-Oct 5pm,13235.78,
Uttar Pradesh - 2025,29-Oct 6pm,17874.8,
Uttar Pradesh - 2025,29-Oct 7pm,18814.73,
Uttar Pradesh - 2025,29-Oct 8pm,17883.58,
Uttar Pradesh - 2025,29-Oct 9pm,17014.81,
Uttar Pradesh - 2025,29-Oct 10pm,16298.42,
Uttar Pradesh - 2025,29-Oct 11pm,15624.35,
Uttar Pradesh - 2025,30-Oct 12am,15001.75,
Uttar Pradesh - 2025,30-Oct 1am,14514.31,
Uttar Pradesh - 2025,30-Oct 2am,13967.88,
Uttar Pradesh - 2025,30-Oct 3am,13578.61,
Uttar Pradesh - 2025,30-Oct 4am,13257.39,
Uttar Pradesh - 2025,30-Oct 5am,13695.02,
Uttar Pradesh - 2025,30-Oct 6am,14313.45,
Uttar Pradesh - 2025,30-Oct 7am,11776.78,
Uttar Pradesh - 2025,30-Oct 8am,11675.19,
Uttar Pradesh - 2025,30-Oct 9am,13014.03,
Uttar Pradesh - 2025,30-Oct 10am,14549.8,
Uttar Pradesh - 2025,30-Oct 11am,14969.85,
Uttar Pradesh - 2025,30-Oct 12pm,13770.79,
Uttar Pradesh - 2025,30-Oct 1pm,13048.82,
Uttar Pradesh - 2025,30-Oct 2pm,12526.86,
Uttar Pradesh - 2025,30-Oct 3pm,12621.94,
Uttar Pradesh - 2025,30-Oct 4pm,12407.14,
Uttar Pradesh - 2025,30-Oct 5pm,13588.9,
Uttar Pradesh - 2025,30-Oct 6pm,16324.71,
Uttar Pradesh - 2025,30-Oct 7pm,17202.68,
Uttar Pradesh - 2025,30-Oct 8pm,15904.06,
Uttar Pradesh - 2025,30-Oct 9pm,14978.42,
Uttar Pradesh - 2025,30-Oct 10pm,14501.55,
Uttar Pradesh - 2025,30-Oct 11pm,13479.21,
Uttar Pradesh - 2025,31-Oct 12am,12812.31,
Uttar Pradesh - 2025,31-Oct 1am,12324.15,
Uttar Pradesh - 2025,31-Oct 2am,11850.81,
Uttar Pradesh - 2025,31-Oct 3am,11503.48,
Uttar Pradesh - 2025,31-Oct 4am,11405.19,
Uttar Pradesh - 2025,31-Oct 5am,12032.5,
Uttar Pradesh - 2025,31-Oct 6am,13103.27,
Uttar Pradesh - 2025,31-Oct 7am,11331.98,
Uttar Pradesh - 2025,31-Oct 8am,11795.12,
Uttar Pradesh - 2025,31-Oct 9am,13926.83,
Uttar Pradesh - 2025,31-Oct 10am,15204.99,
Uttar Pradesh - 2025,31-Oct 11am,15821.09,
Uttar Pradesh - 2025,31-Oct 12pm,14628.07,
Uttar Pradesh - 2025,31-Oct 1pm,14151.47,
Uttar Pradesh - 2025,31-Oct 2pm,13575.81,
Uttar Pradesh - 2025,31-Oct 3pm,13208.18,
Uttar Pradesh - 2025,31-Oct 4pm,12535.5,
Uttar Pradesh - 2025,31-Oct 5pm,13543.8,
Uttar Pradesh - 2025,31-Oct 6pm,16910.78,
Uttar Pradesh - 2025,31-Oct 7pm,18644.24,
Uttar Pradesh - 2025,31-Oct 8pm,17424.02,
Uttar Pradesh - 2025,31-Oct 9pm,16460.15,
Uttar Pradesh - 2025,31-Oct 10pm,15784.02,
Uttar Pradesh - 2025,31-Oct 11pm,15082.27,
Uttar Pradesh - 2025,01-Nov 12am,14458.48,
Uttar Pradesh - 2025,01-Nov 1am,13913.4,
Uttar Pradesh - 2025,01-Nov 2am,13377.32,
Uttar Pradesh - 2025,01-Nov 3am,12981.43,
Uttar Pradesh - 2025,01-Nov 4am,12783.2,
Uttar Pradesh - 2025,01-Nov 5am,13566.7,
Uttar Pradesh - 2025,01-Nov 6am,14682.08,
Uttar Pradesh - 2025,01-Nov 7am,11074.48,
Uttar Pradesh - 2025,01-Nov 8am,12120.46,
Uttar Pradesh - 2025,01-Nov 9am,14340.75,
Uttar Pradesh - 2025,01-Nov 10am,15456.71,
Uttar Pradesh - 2025,01-Nov 11am,15391.8,
Uttar Pradesh - 2025,01-Nov 12pm,13849.57,
Uttar Pradesh - 2025,01-Nov 1pm,13882.6,
Uttar Pradesh - 2025,01-Nov 2pm,13818.06,
Uttar Pradesh - 2025,01-Nov 3pm,13428.29,
Uttar Pradesh - 2025,01-Nov 4pm,12135.29,
Uttar Pradesh - 2025,01-Nov 5pm,12674.59,
Uttar Pradesh - 2025,01-Nov 6pm,17006.1,
Uttar Pradesh - 2025,01-Nov 7pm,18289.16,
Uttar Pradesh - 2025,01-Nov 8pm,17888.43,
Uttar Pradesh - 2025,01-Nov 9pm,16833.57,
Uttar Pradesh - 2025,01-Nov 10pm,16039.23,
Uttar Pradesh - 2025,01-Nov 11pm,15344.6,
Uttar Pradesh - 2025,02-Nov 12am,14726.43,
Uttar Pradesh - 2025,02-Nov 1am,14132.2,
Uttar Pradesh - 2025,02-Nov 2am,13715.54,
Uttar Pradesh - 2025,02-Nov 3am,13268.28,
Uttar Pradesh - 2025,02-Nov 4am,13049.75,
Uttar Pradesh - 2025,02-Nov 5am,13664.46,
Uttar Pradesh - 2025,02-Nov 6am,14672.67,
Uttar Pradesh - 2025,02-Nov 7am,12357.39,
Uttar Pradesh - 2025,02-Nov 8am,12521.26,
Uttar Pradesh - 2025,02-Nov 9am,13131.74,
Uttar Pradesh - 2025,02-Nov 10am,13925.37,
Uttar Pradesh - 2025,02-Nov 11am,13971.93,
Uttar Pradesh - 2025,02-Nov 12pm,13738.76,
Uttar Pradesh - 2025,02-Nov 1pm,13058.14,
Uttar Pradesh - 2025,02-Nov 2pm,12879.86,
Uttar Pradesh - 2025,02-Nov 3pm,11979.54,
Uttar Pradesh - 2025,02-Nov 4pm,11471.7,
Uttar Pradesh - 2025,02-Nov 5pm,12140.48,
Uttar Pradesh - 2025,02-Nov 6pm,17186.46,
Uttar Pradesh - 2025,02-Nov 7pm,17536.72,
Uttar Pradesh - 2025,02-Nov 8pm,16488.64,
Uttar Pradesh - 2025,02-Nov 9pm,15680.84,
Uttar Pradesh - 2025,02-Nov 10pm,14993.48,
Uttar Pradesh - 2025,02-Nov 11pm,14368.48,
Uttar Pradesh - 2025,03-Nov 12am,13885.46,
Uttar Pradesh - 2025,03-Nov 1am,13353.32,
Uttar Pradesh - 2025,03-Nov 2am,12916.59,
Uttar Pradesh - 2025,03-Nov 3am,12580.42,
Uttar Pradesh - 2025,03-Nov 4am,12428.64,
Uttar Pradesh - 2025,03-Nov 5am,13210.42,
Uttar Pradesh - 2025,03-Nov 6am,14737.82,
Uttar Pradesh - 2025,03-Nov 7am,12019.67,
Uttar Pradesh - 2025,03-Nov 8am,12334.45,
Uttar Pradesh - 2025,03-Nov 9am,13560.75,
Uttar Pradesh - 2025,03-Nov 10am,14303.7,
Uttar Pradesh - 2025,03-Nov 11am,14910.34,
Uttar Pradesh - 2025,03-Nov 12pm,13891.16,
Uttar Pradesh - 2025,03-Nov 1pm,12789.34,
Uttar Pradesh - 2025,03-Nov 2pm,13109.29,
Uttar Pradesh - 2025,03-Nov 3pm,12506.55,
Uttar Pradesh - 2025,03-Nov 4pm,11874.29,
Uttar Pradesh - 2025,03-Nov 5pm,12347.63,
Uttar Pradesh - 2025,03-Nov 6pm,18152.13,
Uttar Pradesh - 2025,03-Nov 7pm,18359.96,
Uttar Pradesh - 2025,03-Nov 8pm,16864.61,
Uttar Pradesh - 2025,03-Nov 9pm,16042.41,
Uttar Pradesh - 2025,03-Nov 10pm,15194.22,
Uttar Pradesh - 2025,03-Nov 11pm,14436.47,
Uttar Pradesh - 2025,04-Nov 12am,13909.13,
Uttar Pradesh - 2025,04-Nov 1am,13282.21,
Uttar Pradesh - 2025,04-Nov 2am,12896.33,
Uttar Pradesh - 2025,04-Nov 3am,12537.94,
Uttar Pradesh - 2025,04-Nov 4am,12449.7,
Uttar Pradesh - 2025,04-Nov 5am,13229.59,
Uttar Pradesh - 2025,04-Nov 6am,14917.93,
Uttar Pradesh - 2025,04-Nov 7am,12192.39,
Uttar Pradesh - 2025,04-Nov 8am,12337.49,
Uttar Pradesh - 2025,04-Nov 9am,13746.54,
Uttar Pradesh - 2025,04-Nov 10am,14733.4,
Uttar Pradesh - 2025,04-Nov 11am,15048.7,
Uttar Pradesh - 2025,04-Nov 12pm,13582.25,
Uttar Pradesh - 2025,04-Nov 1pm,13151.61,
Uttar Pradesh - 2025,04-Nov 2pm,13106.96,
Uttar Pradesh - 2025,04-Nov 3pm,12865.06,
Uttar Pradesh - 2025,04-Nov 4pm,12264.51,
Uttar Pradesh - 2025,04-Nov 5pm,13763.16,
Uttar Pradesh - 2025,04-Nov 6pm,17876.69,
Uttar Pradesh - 2025,04-Nov 7pm,18205.8,
Uttar Pradesh - 2025,04-Nov 8pm,16907.01,
Uttar Pradesh - 2025,04-Nov 9pm,15848.92,
Uttar Pradesh - 2025,04-Nov 10pm,15112.06,
Uttar Pradesh - 2025,04-Nov 11pm,14484.26,
Uttar Pradesh - 2025,05-Nov 12am,13889.55,
Uttar Pradesh - 2025,05-Nov 1am,13476.97,
Uttar Pradesh - 2025,05-Nov 2am,13060,
Uttar Pradesh - 2025,05-Nov 3am,12818.2,
Uttar Pradesh - 2025,05-Nov 4am,12731.59,
Uttar Pradesh - 2025,05-Nov 5am,13524.64,
Uttar Pradesh - 2025,05-Nov 6am,14828.09,
Uttar Pradesh - 2025,05-Nov 7am,11985.42,
Uttar Pradesh - 2025,05-Nov 8am,12391.87,
Uttar Pradesh - 2025,05-Nov 9am,12912.75,
Uttar Pradesh - 2025,05-Nov 10am,14781.77,
Uttar Pradesh - 2025,05-Nov 11am,14877.83,
Uttar Pradesh - 2025,05-Nov 12pm,13948.38,
Uttar Pradesh - 2025,05-Nov 1pm,13291.7,
Uttar Pradesh - 2025,05-Nov 2pm,12903.04,
Uttar Pradesh - 2025,05-Nov 3pm,12377.43,
Uttar Pradesh - 2025,05-Nov 4pm,11971.37,
Uttar Pradesh - 2025,05-Nov 5pm,13485.64,
Uttar Pradesh - 2025,05-Nov 6pm,17790.21,
Uttar Pradesh - 2025,05-Nov 7pm,18336.46,
Uttar Pradesh - 2025,05-Nov 8pm,17159.17,
Uttar Pradesh - 2025,05-Nov 9pm,16262.6,
Uttar Pradesh - 2025,05-Nov 10pm,15508.44,
Uttar Pradesh - 2025,05-Nov 11pm,14844.66,
Uttar Pradesh - 2025,06-Nov 12am,14181.98,
Uttar Pradesh - 2025,06-Nov 1am,13558.34,
Uttar Pradesh - 2025,06-Nov 2am,13114.19,
Uttar Pradesh - 2025,06-Nov 3am,12776.7,
Uttar Pradesh - 2025,06-Nov 4am,12615.83,
Uttar Pradesh - 2025,06-Nov 5am,13458.05,
Uttar Pradesh - 2025,06-Nov 6am,15080.94,
Uttar Pradesh - 2025,06-Nov 7am,12321.87,
Uttar Pradesh - 2025,06-Nov 8am,12585.46,
Uttar Pradesh - 2025,06-Nov 9am,13273.19,
Uttar Pradesh - 2025,06-Nov 10am,14434.89,
Uttar Pradesh - 2025,06-Nov 11am,14901.67,
Uttar Pradesh - 2025,06-Nov 12pm,13593.92,
Uttar Pradesh - 2025,06-Nov 1pm,13386.43,
Uttar Pradesh - 2025,06-Nov 2pm,13076.79,
Uttar Pradesh - 2025,06-Nov 3pm,12174.03,
Uttar Pradesh - 2025,06-Nov 4pm,10603.42,
Uttar Pradesh - 2025,06-Nov 5pm,11624.62,
Uttar Pradesh - 2025,06-Nov 6pm,17490.03,
Uttar Pradesh - 2025,06-Nov 7pm,18147.13,
Uttar Pradesh - 2025,06-Nov 8pm,16754.16,
Uttar Pradesh - 2025,06-Nov 9pm,15554.76,
Uttar Pradesh - 2025,06-Nov 10pm,14663.66,
Uttar Pradesh - 2025,06-Nov 11pm,13878.36,
Uttar Pradesh - 2025,07-Nov 12am,13247.04,
Uttar Pradesh - 2025,07-Nov 1am,12722.74,
Uttar Pradesh - 2025,07-Nov 2am,12275.39,
Uttar Pradesh - 2025,07-Nov 3am,11906.73,
Uttar Pradesh - 2025,07-Nov 4am,11823.96,
Uttar Pradesh - 2025,07-Nov 5am,12921.52,
Uttar Pradesh - 2025,07-Nov 6am,14877.99,
Uttar Pradesh - 2025,07-Nov 7am,12230.04,
Uttar Pradesh - 2025,07-Nov 8am,12385.46,
Uttar Pradesh - 2025,07-Nov 9am,12913.38,
Uttar Pradesh - 2025,07-Nov 10am,14893.24,
Uttar Pradesh - 2025,07-Nov 11am,15169.24,
Uttar Pradesh - 2025,07-Nov 12pm,13812.93,
Uttar Pradesh - 2025,07-Nov 1pm,13738.1,
Uttar Pradesh - 2025,07-Nov 2pm,13320.92,
Uttar Pradesh - 2025,07-Nov 3pm,12183.58,
Uttar Pradesh - 2025,07-Nov 4pm,10910.23,
Uttar Pradesh - 2025,07-Nov 5pm,12687.8,
Uttar Pradesh - 2025,07-Nov 6pm,17354.88,
Uttar Pradesh - 2025,07-Nov 7pm,17568.47,
Uttar Pradesh - 2025,07-Nov 8pm,16111.94,
Uttar Pradesh - 2025,07-Nov 9pm,14883.22,
Uttar Pradesh - 2025,07-Nov 10pm,13852.42,
Uttar Pradesh - 2025,07-Nov 11pm,13105.41,
Uttar Pradesh - 2025,08-Nov 12am,12441.26,
Uttar Pradesh - 2025,08-Nov 1am,11959.71,
Uttar Pradesh - 2025,08-Nov 2am,11603.55,
Uttar Pradesh - 2025,08-Nov 3am,11318.45,
Uttar Pradesh - 2025,08-Nov 4am,11394.11,
Uttar Pradesh - 2025,08-Nov 5am,12522.57,
Uttar Pradesh - 2025,08-Nov 6am,14542.04,
Uttar Pradesh - 2025,08-Nov 7am,11995.49,
Uttar Pradesh - 2025,08-Nov 8am,12210.1,
Uttar Pradesh - 2025,08-Nov 9am,13863.39,
Uttar Pradesh - 2025,08-Nov 10am,14621.91,
Uttar Pradesh - 2025,08-Nov 11am,15150.1,
Uttar Pradesh - 2025,08-Nov 12pm,14397.53,
Uttar Pradesh - 2025,08-Nov 1pm,14009.84,
Uttar Pradesh - 2025,08-Nov 2pm,13303.06,
Uttar Pradesh - 2025,08-Nov 3pm,12384.73,
Uttar Pradesh - 2025,08-Nov 4pm,10898.13,
Uttar Pradesh - 2025,08-Nov 5pm,10560.57,
Uttar Pradesh - 2025,08-Nov 6pm,17378.11,
Uttar Pradesh - 2025,08-Nov 7pm,17439.86,
Uttar Pradesh - 2025,08-Nov 8pm,16036.85,
Uttar Pradesh - 2025,08-Nov 9pm,14786.3,
Uttar Pradesh - 2025,08-Nov 10pm,13710.65,
Uttar Pradesh - 2025,08-Nov 11pm,12877.53,
Uttar Pradesh - 2025,09-Nov 12am,12286.69,
Uttar Pradesh - 2025,09-Nov 1am,11702.05,
Uttar Pradesh - 2025,09-Nov 2am,11396.02,
Uttar Pradesh - 2025,09-Nov 3am,11100.35,
Uttar Pradesh - 2025,09-Nov 4am,11167.25,
Uttar Pradesh - 2025,09-Nov 5am,12133.81,
Uttar Pradesh - 2025,09-Nov 6am,14097.38,
Uttar Pradesh - 2025,09-Nov 7am,11478.25,
Uttar Pradesh - 2025,09-Nov 8am,12237.61,
Uttar Pradesh - 2025,09-Nov 9am,13394.65,
Uttar Pradesh - 2025,09-Nov 10am,14768.07,
Uttar Pradesh - 2025,09-Nov 11am,14931.72,
Uttar Pradesh - 2025,09-Nov 12pm,13288.67,
Uttar Pradesh - 2025,09-Nov 1pm,13002.93,
Uttar Pradesh - 2025,09-Nov 2pm,12870.37,
Uttar Pradesh - 2025,09-Nov 3pm,11941.43,
Uttar Pradesh - 2025,09-Nov 4pm,11205.44,
Uttar Pradesh - 2025,09-Nov 5pm,11984.44,
Uttar Pradesh - 2025,09-Nov 6pm,16098.36,
Uttar Pradesh - 2025,09-Nov 7pm,16241.37,
Uttar Pradesh - 2025,09-Nov 8pm,15194.04,
Uttar Pradesh - 2025,09-Nov 9pm,14000.09,
Uttar Pradesh - 2025,09-Nov 10pm,12890.7,
Uttar Pradesh - 2025,09-Nov 11pm,12126.65,
Uttar Pradesh - 2025,10-Nov 12am,11446.92,
Uttar Pradesh - 2025,10-Nov 1am,11055.4,
Uttar Pradesh - 2025,10-Nov 2am,10755.92,
Uttar Pradesh - 2025,10-Nov 3am,10584.92,
Uttar Pradesh - 2025,10-Nov 4am,10721.48,
Uttar Pradesh - 2025,10-Nov 5am,11979.31,
Uttar Pradesh - 2025,10-Nov 6am,14511.23,
Uttar Pradesh - 2025,10-Nov 7am,12310.8,
Uttar Pradesh - 2025,10-Nov 8am,12802.92,
Uttar Pradesh - 2025,10-Nov 9am,13158.5,
Uttar Pradesh - 2025,10-Nov 10am,15120.42,
Uttar Pradesh - 2025,10-Nov 11am,14895.57,
Uttar Pradesh - 2025,10-Nov 12pm,13445.4,
Uttar Pradesh - 2025,10-Nov 1pm,12466.47,
Uttar Pradesh - 2025,10-Nov 2pm,11974.69,
Uttar Pradesh - 2025,10-Nov 3pm,11620.82,
Uttar Pradesh - 2025,10-Nov 4pm,11766.66,
Uttar Pradesh - 2025,10-Nov 5pm,12567.09,
Uttar Pradesh - 2025,10-Nov 6pm,16100.98,
Uttar Pradesh - 2025,10-Nov 7pm,17452.38,
Uttar Pradesh - 2025,10-Nov 8pm,16303.71,
Uttar Pradesh - 2025,10-Nov 9pm,14837.24,
Uttar Pradesh - 2025,10-Nov 10pm,13558.52,
Uttar Pradesh - 2025,10-Nov 11pm,12561.23,
Uttar Pradesh - 2025,11-Nov 12am,12018.37,
Uttar Pradesh - 2025,11-Nov 1am,11506.9,
Uttar Pradesh - 2025,11-Nov 2am,11141.98,
Uttar Pradesh - 2025,11-Nov 3am,10896.65,
Uttar Pradesh - 2025,11-Nov 4am,10917.67,
Uttar Pradesh - 2025,11-Nov 5am,12356.25,
Uttar Pradesh - 2025,11-Nov 6am,15019.48,
Uttar Pradesh - 2025,11-Nov 7am,12582.74,
Uttar Pradesh - 2025,11-Nov 8am,12671.59,
Uttar Pradesh - 2025,11-Nov 9am,13594.46,
Uttar Pradesh - 2025,11-Nov 10am,15115.59,
Uttar Pradesh - 2025,11-Nov 11am,15472.79,
Uttar Pradesh - 2025,11-Nov 12pm,13700.18,
Uttar Pradesh - 2025,11-Nov 1pm,13059.83,
Uttar Pradesh - 2025,11-Nov 2pm,12828.48,
Uttar Pradesh - 2025,11-Nov 3pm,12296.67,
Uttar Pradesh - 2025,11-Nov 4pm,11147.16,
Uttar Pradesh - 2025,11-Nov 5pm,11648.65,
Uttar Pradesh - 2025,11-Nov 6pm,16702.71,
Uttar Pradesh - 2025,11-Nov 7pm,17865.04,
Uttar Pradesh - 2025,11-Nov 8pm,16347.01,
Uttar Pradesh - 2025,11-Nov 9pm,14857.45,
Uttar Pradesh - 2025,11-Nov 10pm,13601.57,
Uttar Pradesh - 2025,11-Nov 11pm,12575.38,
Uttar Pradesh - 2025,12-Nov 12am,11785.86,
Uttar Pradesh - 2025,12-Nov 1am,11081.75,
Uttar Pradesh - 2025,12-Nov 2am,10731.26,
Uttar Pradesh - 2025,12-Nov 3am,10541.6,
Uttar Pradesh - 2025,12-Nov 4am,10648.51,
Uttar Pradesh - 2025,12-Nov 5am,12115.2,
Uttar Pradesh - 2025,12-Nov 6am,15116.47,
Uttar Pradesh - 2025,12-Nov 7am,12734.97,
Uttar Pradesh - 2025,12-Nov 8am,13356.25,
Uttar Pradesh - 2025,12-Nov 9am,14736.45,
Uttar Pradesh - 2025,12-Nov 10am,15649.89,
Uttar Pradesh - 2025,12-Nov 11am,16243.39,
Uttar Pradesh - 2025,12-Nov 12pm,14063.72,
Uttar Pradesh - 2025,12-Nov 1pm,13147.27,
Uttar Pradesh - 2025,12-Nov 2pm,13326.93,
Uttar Pradesh - 2025,12-Nov 3pm,11819.03,
Uttar Pradesh - 2025,12-Nov 4pm,10952.31,
Uttar Pradesh - 2025,12-Nov 5pm,12052.73,
Uttar Pradesh - 2025,12-Nov 6pm,17131.32,
Uttar Pradesh - 2025,12-Nov 7pm,17852.36,
Uttar Pradesh - 2025,12-Nov 8pm,16297.16,
Uttar Pradesh - 2025,12-Nov 9pm,14899.78,
Uttar Pradesh - 2025,12-Nov 10pm,13525.66,
Uttar Pradesh - 2025,12-Nov 11pm,12506,
Uttar Pradesh - 2025,13-Nov 12am,11677.22,
Uttar Pradesh - 2025,13-Nov 1am,11191.63,
Uttar Pradesh - 2025,13-Nov 2am,10868.4,
Uttar Pradesh - 2025,13-Nov 3am,10711.52,
Uttar Pradesh - 2025,13-Nov 4am,10878.99,
Uttar Pradesh - 2025,13-Nov 5am,12290.16,
Uttar Pradesh - 2025,13-Nov 6am,15100.63,
Uttar Pradesh - 2025,13-Nov 7am,12485.55,
Uttar Pradesh - 2025,13-Nov 8am,13178.96,
Uttar Pradesh - 2025,13-Nov 9am,14046.02,
Uttar Pradesh - 2025,13-Nov 10am,15031.51,
Uttar Pradesh - 2025,13-Nov 11am,15425.58,
Uttar Pradesh - 2025,13-Nov 12pm,13795.13,
Uttar Pradesh - 2025,13-Nov 1pm,13398.49,
Uttar Pradesh - 2025,13-Nov 2pm,12900.59,
Uttar Pradesh - 2025,13-Nov 3pm,11656.02,
Uttar Pradesh - 2025,13-Nov 4pm,11656.02,
Uttar Pradesh - 2025,13-Nov 5pm,12719.7,
Uttar Pradesh - 2025,13-Nov 6pm,17927.04,
Uttar Pradesh - 2025,13-Nov 7pm,17982.35,
Uttar Pradesh - 2025,13-Nov 8pm,16404.7,
Uttar Pradesh - 2025,13-Nov 9pm,15187.04,
Uttar Pradesh - 2025,13-Nov 10pm,13598.06,
Uttar Pradesh - 2025,13-Nov 11pm,12468.47,
Uttar Pradesh - 2025,14-Nov 12am,11773.96,
Uttar Pradesh - 2025,14-Nov 1am,11296.59,
Uttar Pradesh - 2025,14-Nov 2am,10945.81,
Uttar Pradesh - 2025,14-Nov 3am,10708.85,
Uttar Pradesh - 2025,14-Nov 4am,10823.74,
Uttar Pradesh - 2025,14-Nov 5am,12361.27,
Uttar Pradesh - 2025,14-Nov 6am,15194.78,
Uttar Pradesh - 2025,14-Nov 7am,11717.45,
Uttar Pradesh - 2025,14-Nov 8am,12342.73,
Uttar Pradesh - 2025,14-Nov 9am,14318.78,
Uttar Pradesh - 2025,14-Nov 10am,15974.45,
Uttar Pradesh - 2025,14-Nov 11am,16462.95,
Uttar Pradesh - 2025,14-Nov 12pm,14615.34,
Uttar Pradesh - 2025,14-Nov 1pm,14308.68,
Uttar Pradesh - 2025,14-Nov 2pm,13641.59,
Uttar Pradesh - 2025,14-Nov 3pm,12972.94,
Uttar Pradesh - 2025,14-Nov 4pm,11772.34,
Uttar Pradesh - 2025,14-Nov 5pm,12863.19,
Uttar Pradesh - 2025,14-Nov 6pm,17819.15,
Uttar Pradesh - 2025,14-Nov 7pm,17744.96,
Uttar Pradesh - 2025,14-Nov 8pm,16153.81,
Uttar Pradesh - 2025,14-Nov 9pm,15044.75,
Uttar Pradesh - 2025,14-Nov 10pm,13477.94,
Uttar Pradesh - 2025,14-Nov 11pm,12278.76,
Uttar Pradesh - 2025,15-Nov 12am,11538.42,
Uttar Pradesh - 2025,15-Nov 1am,11068.15,
Uttar Pradesh - 2025,15-Nov 2am,10733.08,
Uttar Pradesh - 2025,15-Nov 3am,10504.28,
Uttar Pradesh - 2025,15-Nov 4am,10671.56,
Uttar Pradesh - 2025,15-Nov 5am,12144.05,
Uttar Pradesh - 2025,15-Nov 6am,14410.02,
Uttar Pradesh - 2025,15-Nov 7am,11548.05,
Uttar Pradesh - 2025,15-Nov 8am,12385.75,
Uttar Pradesh - 2025,15-Nov 9am,14574.28,
Uttar Pradesh - 2025,15-Nov 10am,16099.73,
Uttar Pradesh - 2025,15-Nov 11am,16104.83,
Uttar Pradesh - 2025,15-Nov 12pm,14361.22,
Uttar Pradesh - 2025,15-Nov 1pm,14012.21,
Uttar Pradesh - 2025,15-Nov 2pm,13536.47,
Uttar Pradesh - 2025,15-Nov 3pm,12402.58,
Uttar Pradesh - 2025,15-Nov 4pm,11003.21,
Uttar Pradesh - 2025,15-Nov 5pm,11696.69,
Uttar Pradesh - 2025,15-Nov 6pm,17908.18,
Uttar Pradesh - 2025,15-Nov 7pm,17918.82,
Uttar Pradesh - 2025,15-Nov 8pm,16667.26,
Uttar Pradesh - 2025,15-Nov 9pm,14797.44,
Uttar Pradesh - 2025,15-Nov 10pm,13504.63,
Uttar Pradesh - 2025,15-Nov 11pm,12381.71,
Uttar Pradesh - 2025,16-Nov 12am,11627.27,
Uttar Pradesh - 2025,16-Nov 1am,11057.09,
Uttar Pradesh - 2025,16-Nov 2am,10794.03,
Uttar Pradesh - 2025,16-Nov 3am,10459.5,
Uttar Pradesh - 2025,16-Nov 4am,10658.85,
Uttar Pradesh - 2025,16-Nov 5am,11934.21,
Uttar Pradesh - 2025,16-Nov 6am,14326.23,
Uttar Pradesh - 2025,16-Nov 7am,11276.5,
Uttar Pradesh - 2025,16-Nov 8am,10792.49,
Uttar Pradesh - 2025,16-Nov 9am,12707.94,
Uttar Pradesh - 2025,16-Nov 10am,15332.83,
Uttar Pradesh - 2025,16-Nov 11am,15630.79,
Uttar Pradesh - 2025,16-Nov 12pm,14793.46,
Uttar Pradesh - 2025,16-Nov 1pm,14515.05,
Uttar Pradesh - 2025,16-Nov 2pm,13338,
Uttar Pradesh - 2025,16-Nov 3pm,12181.73,
Uttar Pradesh - 2025,16-Nov 4pm,11393.86,
Uttar Pradesh - 2025,16-Nov 5pm,12691.96,
Uttar Pradesh - 2025,16-Nov 6pm,16772.99,
Uttar Pradesh - 2025,16-Nov 7pm,16785.5,
Uttar Pradesh - 2025,16-Nov 8pm,15538.4,
Uttar Pradesh - 2025,16-Nov 9pm,14165,
Uttar Pradesh - 2025,16-Nov 10pm,12856.86,
Uttar Pradesh - 2025,16-Nov 11pm,11869.23,
Uttar Pradesh - 2025,17-Nov 12am,11132.04,
Uttar Pradesh - 2025,17-Nov 1am,10736.39,
Uttar Pradesh - 2025,17-Nov 2am,10378.04,
Uttar Pradesh - 2025,17-Nov 3am,10228.21,
Uttar Pradesh - 2025,17-Nov 4am,10360.16,
Uttar Pradesh - 2025,17-Nov 5am,11944.05,
Uttar Pradesh - 2025,17-Nov 6am,15003.66,
Uttar Pradesh - 2025,17-Nov 7am,12472.71,
Uttar Pradesh - 2025,17-Nov 8am,12698.13,
Uttar Pradesh - 2025,17-Nov 9am,13227.28,
Uttar Pradesh - 2025,17-Nov 10am,15769.89,
Uttar Pradesh - 2025,17-Nov 11am,15805.78,
Uttar Pradesh - 2025,17-Nov 12pm,14604.48,
Uttar Pradesh - 2025,17-Nov 1pm,13144.36,
Uttar Pradesh - 2025,17-Nov 2pm,12791.09,
Uttar Pradesh - 2025,17-Nov 3pm,12394.24,
Uttar Pradesh - 2025,17-Nov 4pm,11760.25,
Uttar Pradesh - 2025,17-Nov 5pm,11601.53,
Uttar Pradesh - 2025,17-Nov 6pm,17467.58,
Uttar Pradesh - 2025,17-Nov 7pm,18127.81,
Uttar Pradesh - 2025,17-Nov 8pm,16484.29,
Uttar Pradesh - 2025,17-Nov 9pm,14952.42,
Uttar Pradesh - 2025,17-Nov 10pm,13615.63,
Uttar Pradesh - 2025,17-Nov 11pm,12510.72,
Uttar Pradesh - 2025,18-Nov 12am,11676.79,
Uttar Pradesh - 2025,18-Nov 1am,11148.73,
Uttar Pradesh - 2025,18-Nov 2am,10802.82,
Uttar Pradesh - 2025,18-Nov 3am,10569.65,
Uttar Pradesh - 2025,18-Nov 4am,10847.47,
Uttar Pradesh - 2025,18-Nov 5am,12430.2,
Uttar Pradesh - 2025,18-Nov 6am,15381.13,
Uttar Pradesh - 2025,18-Nov 7am,12665.43,
Uttar Pradesh - 2025,18-Nov 8am,12589.35,
Uttar Pradesh - 2025,18-Nov 9am,13846.13,
Uttar Pradesh - 2025,18-Nov 10am,16408.66,
Uttar Pradesh - 2025,18-Nov 11am,15841.6,
Uttar Pradesh - 2025,18-Nov 12pm,14601.35,
Uttar Pradesh - 2025,18-Nov 1pm,12908.45,
Uttar Pradesh - 2025,18-Nov 2pm,12418.54,
Uttar Pradesh - 2025,18-Nov 3pm,12223.24,
Uttar Pradesh - 2025,18-Nov 4pm,12244.26,
Uttar Pradesh - 2025,18-Nov 5pm,12316.71,
Uttar Pradesh - 2025,18-Nov 6pm,17970.36,
Uttar Pradesh - 2025,18-Nov 7pm,17965.55,
Uttar Pradesh - 2025,18-Nov 8pm,16423.81,
Uttar Pradesh - 2025,18-Nov 9pm,15003.75,
Uttar Pradesh - 2025,18-Nov 10pm,13590.55,
Uttar Pradesh - 2025,18-Nov 11pm,12574.42,
Uttar Pradesh - 2025,19-Nov 12am,11759.68,
Uttar Pradesh - 2025,19-Nov 1am,11260.81,
Uttar Pradesh - 2025,19-Nov 2am,10953.19,
Uttar Pradesh - 2025,19-Nov 3am,10770.41,
Uttar Pradesh - 2025,19-Nov 4am,10956.12,
Uttar Pradesh - 2025,19-Nov 5am,12467.25,
Uttar Pradesh - 2025,19-Nov 6am,15200.36,
Uttar Pradesh - 2025,19-Nov 7am,12441.5,
Uttar Pradesh - 2025,19-Nov 8am,12853.67,
Uttar Pradesh - 2025,19-Nov 9am,14098.64,
Uttar Pradesh - 2025,19-Nov 10am,15781.35,
Uttar Pradesh - 2025,19-Nov 11am,16139.7,
Uttar Pradesh - 2025,19-Nov 12pm,14738.51,
Uttar Pradesh - 2025,19-Nov 1pm,13065.59,
Uttar Pradesh - 2025,19-Nov 2pm,12825.05,
Uttar Pradesh - 2025,19-Nov 3pm,12033.77,
Uttar Pradesh - 2025,19-Nov 4pm,11945.99,
Uttar Pradesh - 2025,19-Nov 5pm,13336.32,
Uttar Pradesh - 2025,19-Nov 6pm,17390.28,
Uttar Pradesh - 2025,19-Nov 7pm,18163.91,
Uttar Pradesh - 2025,19-Nov 8pm,16719.53,
Uttar Pradesh - 2025,19-Nov 9pm,15246.72,
Uttar Pradesh - 2025,19-Nov 10pm,13781.29,
Uttar Pradesh - 2025,19-Nov 11pm,12711.52,
Uttar Pradesh - 2025,20-Nov 12am,11935.93,
Uttar Pradesh - 2025,20-Nov 1am,11368.75,
Uttar Pradesh - 2025,20-Nov 2am,11016.12,
Uttar Pradesh - 2025,20-Nov 3am,10893.24,
Uttar Pradesh - 2025,20-Nov 4am,10958.24,
Uttar Pradesh - 2025,20-Nov 5am,12532.59,
Uttar Pradesh - 2025,20-Nov 6am,15204.43,
Uttar Pradesh - 2025,20-Nov 7am,11401.78,
Uttar Pradesh - 2025,20-Nov 8am,11610.52,
Uttar Pradesh - 2025,20-Nov 9am,13306.96,
Uttar Pradesh - 2025,20-Nov 10am,16761.78,
Uttar Pradesh - 2025,20-Nov 11am,17562.02,
Uttar Pradesh - 2025,20-Nov 12pm,15640.99,
Uttar Pradesh - 2025,20-Nov 1pm,13687.34,
Uttar Pradesh - 2025,20-Nov 2pm,12827.41,
Uttar Pradesh - 2025,20-Nov 3pm,11776.99,
Uttar Pradesh - 2025,20-Nov 4pm,11706.08,
Uttar Pradesh - 2025,20-Nov 5pm,12932.23,
Uttar Pradesh - 2025,20-Nov 6pm,17005.33,
Uttar Pradesh - 2025,20-Nov 7pm,18190.37,
Uttar Pradesh - 2025,20-Nov 8pm,16774.24,
Uttar Pradesh - 2025,20-Nov 9pm,15191.67,
Uttar Pradesh - 2025,20-Nov 10pm,14015.87,
Uttar Pradesh - 2025,20-Nov 11pm,12839.59,
Uttar Pradesh - 2025,21-Nov 12am,12005.04,
Uttar Pradesh - 2025,21-Nov 1am,11461.25,
Uttar Pradesh - 2025,21-Nov 2am,11101.3,
Uttar Pradesh - 2025,21-Nov 3am,10873.95,
Uttar Pradesh - 2025,21-Nov 4am,11131.26,
Uttar Pradesh - 2025,21-Nov 5am,12720.85,
Uttar Pradesh - 2025,21-Nov 6am,15688.9,
Uttar Pradesh - 2025,21-Nov 7am,11328.03,
Uttar Pradesh - 2025,21-Nov 8am,11652.71,
Uttar Pradesh - 2025,21-Nov 9am,14665.53,
Uttar Pradesh - 2025,21-Nov 10am,17545.08,
Uttar Pradesh - 2025,21-Nov 11am,17713.01,
Uttar Pradesh - 2025,21-Nov 12pm,16886.27,
Uttar Pradesh - 2025,21-Nov 1pm,13939.61,
Uttar Pradesh - 2025,21-Nov 2pm,13756.38,
Uttar Pradesh - 2025,21-Nov 3pm,12611,
Uttar Pradesh - 2025,21-Nov 4pm,12247.53,
Uttar Pradesh - 2025,21-Nov 5pm,13141.53,
Uttar Pradesh - 2025,21-Nov 6pm,16476.19,
Uttar Pradesh - 2025,21-Nov 7pm,17839,
Uttar Pradesh - 2025,21-Nov 8pm,16591.49,
Uttar Pradesh - 2025,21-Nov 9pm,15262.54,
Uttar Pradesh - 2025,21-Nov 10pm,13855,
Uttar Pradesh - 2025,21-Nov 11pm,12914.93,
Uttar Pradesh - 2025,22-Nov 12am,12101.26,
Uttar Pradesh - 2025,22-Nov 1am,11593.9,
Uttar Pradesh - 2025,22-Nov 2am,11219.88,
Uttar Pradesh - 2025,22-Nov 3am,10889.04,
Uttar Pradesh - 2025,22-Nov 4am,11076.59,
Uttar Pradesh - 2025,22-Nov 5am,12619.46,
Uttar Pradesh - 2025,22-Nov 6am,15405.51,
Uttar Pradesh - 2025,22-Nov 7am,12762.3,
Uttar Pradesh - 2025,22-Nov 8am,12818.27,
Uttar Pradesh - 2025,22-Nov 9am,14064.21,
Uttar Pradesh - 2025,22-Nov 10am,15593.23,
Uttar Pradesh - 2025,22-Nov 11am,15979.53,
Uttar Pradesh - 2025,22-Nov 12pm,14700.74,
Uttar Pradesh - 2025,22-Nov 1pm,13855.78,
Uttar Pradesh - 2025,22-Nov 2pm,12664.36,
Uttar Pradesh - 2025,22-Nov 3pm,12934.96,
Uttar Pradesh - 2025,22-Nov 4pm,11868.33,
Uttar Pradesh - 2025,22-Nov 5pm,14231.61,
Uttar Pradesh - 2025,22-Nov 6pm,15833.49,
Uttar Pradesh - 2025,22-Nov 7pm,17779.3,
Uttar Pradesh - 2025,22-Nov 8pm,16252.72,
Uttar Pradesh - 2025,22-Nov 9pm,14911.16,
Uttar Pradesh - 2025,22-Nov 10pm,13822.87,
Uttar Pradesh - 2025,22-Nov 11pm,12646.55,
Uttar Pradesh - 2025,23-Nov 12am,11916.17,
Uttar Pradesh - 2025,23-Nov 1am,11406.22,
Uttar Pradesh - 2025,23-Nov 2am,11098.37,
Uttar Pradesh - 2025,23-Nov 3am,10868.67,
Uttar Pradesh - 2025,23-Nov 4am,10931.56,
Uttar Pradesh - 2025,23-Nov 5am,12096.45,
Uttar Pradesh - 2025,23-Nov 6am,14372.28,
Uttar Pradesh - 2025,23-Nov 7am,11369.98,
Uttar Pradesh - 2025,23-Nov 8am,13033.62,
Uttar Pradesh - 2025,23-Nov 9am,14474.14,
Uttar Pradesh - 2025,23-Nov 10am,16380.34,
Uttar Pradesh - 2025,23-Nov 11am,16697.39,
Uttar Pradesh - 2025,23-Nov 12pm,15178.86,
Uttar Pradesh - 2025,23-Nov 1pm,13142.4,
Uttar Pradesh - 2025,23-Nov 2pm,12137.97,
Uttar Pradesh - 2025,23-Nov 3pm,10951.67,
Uttar Pradesh - 2025,23-Nov 4pm,10582.85,
Uttar Pradesh - 2025,23-Nov 5pm,12405.4,
Uttar Pradesh - 2025,23-Nov 6pm,17419.47,
Uttar Pradesh - 2025,23-Nov 7pm,17020.19,
Uttar Pradesh - 2025,23-Nov 8pm,15633.01,
Uttar Pradesh - 2025,23-Nov 9pm,14328.31,
Uttar Pradesh - 2025,23-Nov 10pm,13098.26,
Uttar Pradesh - 2025,23-Nov 11pm,12066.62,
Uttar Pradesh - 2025,24-Nov 12am,11360.54,
Uttar Pradesh - 2025,24-Nov 1am,10835.15,
Uttar Pradesh - 2025,24-Nov 2am,10479.23,
Uttar Pradesh - 2025,24-Nov 3am,10321.06,
Uttar Pradesh - 2025,24-Nov 4am,10441.74,
Uttar Pradesh - 2025,24-Nov 5am,11977.72,
Uttar Pradesh - 2025,24-Nov 6am,14819.79,
Uttar Pradesh - 2025,24-Nov 7am,12633.9,
Uttar Pradesh - 2025,24-Nov 8am,12838.49,
Uttar Pradesh - 2025,24-Nov 9am,14349.99,
Uttar Pradesh - 2025,24-Nov 10am,16371.42,
Uttar Pradesh - 2025,24-Nov 11am,16982.14,
Uttar Pradesh - 2025,24-Nov 12pm,15475.57,
Uttar Pradesh - 2025,24-Nov 1pm,13249.73,
Uttar Pradesh - 2025,24-Nov 2pm,12672.75,
Uttar Pradesh - 2025,24-Nov 3pm,11888.34,
Uttar Pradesh - 2025,24-Nov 4pm,12245.97,
Uttar Pradesh - 2025,24-Nov 5pm,13449.21,
Uttar Pradesh - 2025,24-Nov 6pm,16629.69,
Uttar Pradesh - 2025,24-Nov 7pm,17879.51,
Uttar Pradesh - 2025,24-Nov 8pm,16764.47,
Uttar Pradesh - 2025,24-Nov 9pm,15023.9,
Uttar Pradesh - 2025,24-Nov 10pm,13627.13,
Uttar Pradesh - 2025,24-Nov 11pm,12582.21,
Uttar Pradesh - 2025,25-Nov 12am,11747.94,
Uttar Pradesh - 2025,25-Nov 1am,11318.23,
Uttar Pradesh - 2025,25-Nov 2am,10812.21,
Uttar Pradesh - 2025,25-Nov 3am,10683.79,
Uttar Pradesh - 2025,25-Nov 4am,10746.07,
Uttar Pradesh - 2025,25-Nov 5am,12020.81,
Uttar Pradesh - 2025,25-Nov 6am,14539.13,
Uttar Pradesh - 2025,25-Nov 7am,12339.72,
Uttar Pradesh - 2025,25-Nov 8am,13359.57,
Uttar Pradesh - 2025,25-Nov 9am,14633.94,
Uttar Pradesh - 2025,25-Nov 10am,17344.34,
Uttar Pradesh - 2025,25-Nov 11am,17056.74,
Uttar Pradesh - 2025,25-Nov 12pm,15418.3,
Uttar Pradesh - 2025,25-Nov 1pm,13725.27,
Uttar Pradesh - 2025,25-Nov 2pm,13573.07,
Uttar Pradesh - 2025,25-Nov 3pm,12931.34,
Uttar Pradesh - 2025,25-Nov 4pm,12532.39,
Uttar Pradesh - 2025,25-Nov 5pm,14036.88,
Uttar Pradesh - 2025,25-Nov 6pm,17130.82,
Uttar Pradesh - 2025,25-Nov 7pm,18400.82,
Uttar Pradesh - 2025,25-Nov 8pm,16817.83,
Uttar Pradesh - 2025,25-Nov 9pm,15062.65,
Uttar Pradesh - 2025,25-Nov 10pm,13639.21,
Uttar Pradesh - 2025,25-Nov 11pm,12544.19,
Uttar Pradesh - 2025,26-Nov 12am,11652.99,
Uttar Pradesh - 2025,26-Nov 1am,11056.31,
Uttar Pradesh - 2025,26-Nov 2am,10706.59,
Uttar Pradesh - 2025,26-Nov 3am,10485.63,
Uttar Pradesh - 2025,26-Nov 4am,10718.1,
Uttar Pradesh - 2025,26-Nov 5am,12195.42,
Uttar Pradesh - 2025,26-Nov 6am,15182,
Uttar Pradesh - 2025,26-Nov 7am,11963.72,
Uttar Pradesh - 2025,26-Nov 8am,11205.8,
Uttar Pradesh - 2025,26-Nov 9am,13092.72,
Uttar Pradesh - 2025,26-Nov 10am,16748.28,
Uttar Pradesh - 2025,26-Nov 11am,18058.33,
Uttar Pradesh - 2025,26-Nov 12pm,16402.46,
Uttar Pradesh - 2025,26-Nov 1pm,14122.46,
Uttar Pradesh - 2025,26-Nov 2pm,13591.45,
Uttar Pradesh - 2025,26-Nov 3pm,13176.17,
Uttar Pradesh - 2025,26-Nov 4pm,12588.01,
Uttar Pradesh - 2025,26-Nov 5pm,13740.66,
Uttar Pradesh - 2025,26-Nov 6pm,16614.25,
Uttar Pradesh - 2025,26-Nov 7pm,18706.25,
Uttar Pradesh - 2025,26-Nov 8pm,17205.29,
Uttar Pradesh - 2025,26-Nov 9pm,15779.54,
Uttar Pradesh - 2025,26-Nov 10pm,14050.92,
Uttar Pradesh - 2025,26-Nov 11pm,12653.43,
Uttar Pradesh - 2025,27-Nov 12am,11803.86,
Uttar Pradesh - 2025,27-Nov 1am,11138.63,
Uttar Pradesh - 2025,27-Nov 2am,10730.66,
Uttar Pradesh - 2025,27-Nov 3am,10506.04,
Uttar Pradesh - 2025,27-Nov 4am,10666.8,
Uttar Pradesh - 2025,27-Nov 5am,12248.07,
Uttar Pradesh - 2025,27-Nov 6am,15189.54,
Uttar Pradesh - 2025,27-Nov 7am,13307.75,
Uttar Pradesh - 2025,27-Nov 8am,13581.35,
Uttar Pradesh - 2025,27-Nov 9am,14649.25,
Uttar Pradesh - 2025,27-Nov 10am,16877.16,
Uttar Pradesh - 2025,27-Nov 11am,17226.74,
Uttar Pradesh - 2025,27-Nov 12pm,15738.62,
Uttar Pradesh - 2025,27-Nov 1pm,13541.14,
Uttar Pradesh - 2025,27-Nov 2pm,12789.17,
Uttar Pradesh - 2025,27-Nov 3pm,12794.71,
Uttar Pradesh - 2025,27-Nov 4pm,12784.15,
Uttar Pradesh - 2025,27-Nov 5pm,14006.34,
Uttar Pradesh - 2025,27-Nov 6pm,16524.34,
Uttar Pradesh - 2025,27-Nov 7pm,18888.88,
Uttar Pradesh - 2025,27-Nov 8pm,17275.33,
Uttar Pradesh - 2025,27-Nov 9pm,15677.8,
Uttar Pradesh - 2025,27-Nov 10pm,14143.57,
Uttar Pradesh - 2025,27-Nov 11pm,12877.34,
Uttar Pradesh - 2025,28-Nov 12am,11917.3,
Uttar Pradesh - 2025,28-Nov 1am,11225.45,
Uttar Pradesh - 2025,28-Nov 2am,10904.39,
Uttar Pradesh - 2025,28-Nov 3am,10700.03,
Uttar Pradesh - 2025,28-Nov 4am,10954.37,
Uttar Pradesh - 2025,28-Nov 5am,12586.51,
Uttar Pradesh - 2025,28-Nov 6am,15663.15,
Uttar Pradesh - 2025,28-Nov 7am,13761.79,
Uttar Pradesh - 2025,28-Nov 8am,13539.16,
Uttar Pradesh - 2025,28-Nov 9am,14485.41,
Uttar Pradesh - 2025,28-Nov 10am,17290.35,
Uttar Pradesh - 2025,28-Nov 11am,18051.74,
Uttar Pradesh - 2025,28-Nov 12pm,17307.34,
Uttar Pradesh - 2025,28-Nov 1pm,15197.11,
Uttar Pradesh - 2025,28-Nov 2pm,13754.13,
Uttar Pradesh - 2025,28-Nov 3pm,12692.26,
Uttar Pradesh - 2025,28-Nov 4pm,12464.89,
Uttar Pradesh - 2025,28-Nov 5pm,13618.05,
Uttar Pradesh - 2025,28-Nov 6pm,18750.94,
Uttar Pradesh - 2025,28-Nov 7pm,18738.62,
Uttar Pradesh - 2025,28-Nov 8pm,17246.71,
Uttar Pradesh - 2025,28-Nov 9pm,15700.47,
Uttar Pradesh - 2025,28-Nov 10pm,14253.07,
Uttar Pradesh - 2025,28-Nov 11pm,12997,
Uttar Pradesh - 2025,29-Nov 12am,12072.75,
Uttar Pradesh - 2025,29-Nov 1am,11342.87,
Uttar Pradesh - 2025,29-Nov 2am,10983.44,
Uttar Pradesh - 2025,29-Nov 3am,10761.86,
Uttar Pradesh - 2025,29-Nov 4am,10952.32,
Uttar Pradesh - 2025,29-Nov 5am,12547.1,
Uttar Pradesh - 2025,29-Nov 6am,15436.58,
Uttar Pradesh - 2025,29-Nov 7am,12946.22,
Uttar Pradesh - 2025,29-Nov 8am,13564.74,
Uttar Pradesh - 2025,29-Nov 9am,14761.37,
Uttar Pradesh - 2025,29-Nov 10am,17114.85,
Uttar Pradesh - 2025,29-Nov 11am,17453.51,
Uttar Pradesh - 2025,29-Nov 12pm,15599.29,
Uttar Pradesh - 2025,29-Nov 1pm,13860.89,
Uttar Pradesh - 2025,29-Nov 2pm,13366.78,
Uttar Pradesh - 2025,29-Nov 3pm,13243.35,
Uttar Pradesh - 2025,29-Nov 4pm,12873.76,
Uttar Pradesh - 2025,29-Nov 5pm,14249.67,
Uttar Pradesh - 2025,29-Nov 6pm,18690.94,
Uttar Pradesh - 2025,29-Nov 7pm,18344.92,
Uttar Pradesh - 2025,29-Nov 8pm,16955.57,
Uttar Pradesh - 2025,29-Nov 9pm,15395.56,
Uttar Pradesh - 2025,29-Nov 10pm,14032.77,
Uttar Pradesh - 2025,29-Nov 11pm,12967.24,
Uttar Pradesh - 2025,30-Nov 12am,12109.88,
Uttar Pradesh - 2025,30-Nov 1am,11422.02,
Uttar Pradesh - 2025,30-Nov 2am,11068.79,
Uttar Pradesh - 2025,30-Nov 3am,10820.69,
Uttar Pradesh - 2025,30-Nov 4am,10981.91,
Uttar Pradesh - 2025,30-Nov 5am,12256.95,
Uttar Pradesh - 2025,30-Nov 6am,14855.79,
Uttar Pradesh - 2025,30-Nov 7am,12790.1,
Uttar Pradesh - 2025,30-Nov 8am,12971.01,
Uttar Pradesh - 2025,30-Nov 9am,14406.37,
Uttar Pradesh - 2025,30-Nov 10am,16753.24,
Uttar Pradesh - 2025,30-Nov 11am,17772.72,
Uttar Pradesh - 2025,30-Nov 12pm,15950.6,
Uttar Pradesh - 2025,30-Nov 1pm,14061.5,
Uttar Pradesh - 2025,30-Nov 2pm,13075.69,
Uttar Pradesh - 2025,30-Nov 3pm,11895.55,
Uttar Pradesh - 2025,30-Nov 4pm,11801.94,
Uttar Pradesh - 2025,30-Nov 5pm,12991.91,
Uttar Pradesh - 2025,30-Nov 6pm,17831.23,
Uttar Pradesh - 2025,30-Nov 7pm,17694.08,
Uttar Pradesh - 2025,30-Nov 8pm,16226.1,
Uttar Pradesh - 2025,30-Nov 9pm,14872.36,
Uttar Pradesh - 2025,30-Nov 10pm,13551.12,
Uttar Pradesh - 2025,30-Nov 11pm,12321.6,
Uttar Pradesh - 2025,01-Dec 12am,11530.09,
Uttar Pradesh - 2025,01-Dec 1am,10997.67,
Uttar Pradesh - 2025,01-Dec 2am,10632.7,
Uttar Pradesh - 2025,01-Dec 3am,10419.69,
Uttar Pradesh - 2025,01-Dec 4am,10624.38,
Uttar Pradesh - 2025,01-Dec 5am,12037.77,
Uttar Pradesh - 2025,01-Dec 6am,14874.2,
Uttar Pradesh - 2025,01-Dec 7am,13535.79,
Uttar Pradesh - 2025,01-Dec 8am,13974.69,
Uttar Pradesh - 2025,01-Dec 9am,14066.8,
Uttar Pradesh - 2025,01-Dec 10am,15924.03,
Uttar Pradesh - 2025,01-Dec 11am,16198.28,
Uttar Pradesh - 2025,01-Dec 12pm,15113.33,
Uttar Pradesh - 2025,01-Dec 1pm,13771.97,
Uttar Pradesh - 2025,01-Dec 2pm,13946.19,
Uttar Pradesh - 2025,01-Dec 3pm,12221.46,
Uttar Pradesh - 2025,01-Dec 4pm,12267.52,
Uttar Pradesh - 2025,01-Dec 5pm,14014.07,
Uttar Pradesh - 2025,01-Dec 6pm,18971.08,
Uttar Pradesh - 2025,01-Dec 7pm,18991.83,
Uttar Pradesh - 2025,01-Dec 8pm,17427.29,
Uttar Pradesh - 2025,01-Dec 9pm,15749.8,
Uttar Pradesh - 2025,01-Dec 10pm,14185.88,
Uttar Pradesh - 2025,01-Dec 11pm,12922.25,
Uttar Pradesh - 2025,02-Dec 12am,11993.19,
Uttar Pradesh - 2025,02-Dec 1am,11293.34,
Uttar Pradesh - 2025,02-Dec 2am,10919.13,
Uttar Pradesh - 2025,02-Dec 3am,10671.51,
Uttar Pradesh - 2025,02-Dec 4am,10814.5,
Uttar Pradesh - 2025,02-Dec 5am,12338.21,
Uttar Pradesh - 2025,02-Dec 6am,15350.3,
Uttar Pradesh - 2025,02-Dec 7am,13805.84,
Uttar Pradesh - 2025,02-Dec 8am,14129.25,
Uttar Pradesh - 2025,02-Dec 9am,14462.63,
Uttar Pradesh - 2025,02-Dec 10am,17127.5,
Uttar Pradesh - 2025,02-Dec 11am,17360.14,
Uttar Pradesh - 2025,02-Dec 12pm,16229.24,
Uttar Pradesh - 2025,02-Dec 1pm,14000.87,
Uttar Pradesh - 2025,02-Dec 2pm,13142.17,
Uttar Pradesh - 2025,02-Dec 3pm,13426.71,
Uttar Pradesh - 2025,02-Dec 4pm,13267.28,
Uttar Pradesh - 2025,02-Dec 5pm,14645.18,
Uttar Pradesh - 2025,02-Dec 6pm,18490.93,
Uttar Pradesh - 2025,02-Dec 7pm,19264.11,
Uttar Pradesh - 2025,02-Dec 8pm,17937.53,
Uttar Pradesh - 2025,02-Dec 9pm,16202.95,
Uttar Pradesh - 2025,02-Dec 10pm,14709.85,
Uttar Pradesh - 2025,02-Dec 11pm,13257.14,
Uttar Pradesh - 2025,03-Dec 12am,12307.83,
Uttar Pradesh - 2025,03-Dec 1am,11620.91,
Uttar Pradesh - 2025,03-Dec 2am,11265.13,
Uttar Pradesh - 2025,03-Dec 3am,10969.06,
Uttar Pradesh - 2025,03-Dec 4am,11191.61,
Uttar Pradesh - 2025,03-Dec 5am,12798.43,
Uttar Pradesh - 2025,03-Dec 6am,15846.45,
Uttar Pradesh - 2025,03-Dec 7am,14065.33,
Uttar Pradesh - 2025,03-Dec 8am,13792.12,
Uttar Pradesh - 2025,03-Dec 9am,15596.26,
Uttar Pradesh - 2025,03-Dec 10am,18374.91,
Uttar Pradesh - 2025,03-Dec 11am,18245.36,
Uttar Pradesh - 2025,03-Dec 12pm,16541.38,
Uttar Pradesh - 2025,03-Dec 1pm,15011.28,
Uttar Pradesh - 2025,03-Dec 2pm,14372.53,
Uttar Pradesh - 2025,03-Dec 3pm,13465.97,
Uttar Pradesh - 2025,03-Dec 4pm,12644.29,
Uttar Pradesh - 2025,03-Dec 5pm,13443.48,
Uttar Pradesh - 2025,03-Dec 6pm,18658.26,
Uttar Pradesh - 2025,03-Dec 7pm,19752.97,
Uttar Pradesh - 2025,03-Dec 8pm,17994.24,
Uttar Pradesh - 2025,03-Dec 9pm,16385.3,
Uttar Pradesh - 2025,03-Dec 10pm,14757.83,
Uttar Pradesh - 2025,03-Dec 11pm,13260.21,
Uttar Pradesh - 2025,04-Dec 12am,12217.18,
Uttar Pradesh - 2025,04-Dec 1am,11667.46,
Uttar Pradesh - 2025,04-Dec 2am,11254.14,
Uttar Pradesh - 2025,04-Dec 3am,10927.52,
Uttar Pradesh - 2025,04-Dec 4am,11125.65,
Uttar Pradesh - 2025,04-Dec 5am,12828.59,
Uttar Pradesh - 2025,04-Dec 6am,15750.57,
Uttar Pradesh - 2025,04-Dec 7am,14002.23,
Uttar Pradesh - 2025,04-Dec 8am,13209.92,
Uttar Pradesh - 2025,04-Dec 9am,14478.21,
Uttar Pradesh - 2025,04-Dec 10am,17855.7,
Uttar Pradesh - 2025,04-Dec 11am,18950.61,
Uttar Pradesh - 2025,04-Dec 12pm,16723.61,
Uttar Pradesh - 2025,04-Dec 1pm,14623.69,
Uttar Pradesh - 2025,04-Dec 2pm,13182.32,
Uttar Pradesh - 2025,04-Dec 3pm,13377.61,
Uttar Pradesh - 2025,04-Dec 4pm,13029.74,
Uttar Pradesh - 2025,04-Dec 5pm,14094.7,
Uttar Pradesh - 2025,04-Dec 6pm,18401.23,
Uttar Pradesh - 2025,04-Dec 7pm,19556.92,
Uttar Pradesh - 2025,04-Dec 8pm,17901.31,
Uttar Pradesh - 2025,04-Dec 9pm,16171.09,
Uttar Pradesh - 2025,04-Dec 10pm,14588.25,
Uttar Pradesh - 2025,04-Dec 11pm,13121.45,
Uttar Pradesh - 2025,05-Dec 12am,12199.72,
Uttar Pradesh - 2025,05-Dec 1am,11493.48,
Uttar Pradesh - 2025,05-Dec 2am,11167.41,
Uttar Pradesh - 2025,05-Dec 3am,10872.84,
Uttar Pradesh - 2025,05-Dec 4am,11047.92,
Uttar Pradesh - 2025,05-Dec 5am,12617.1,
Uttar Pradesh - 2025,05-Dec 6am,15805,
Uttar Pradesh - 2025,05-Dec 7am,12737.76,
Uttar Pradesh - 2025,05-Dec 8am,13467.67,
Uttar Pradesh - 2025,05-Dec 9am,15178.36,
Uttar Pradesh - 2025,05-Dec 10am,18794.36,
Uttar Pradesh - 2025,05-Dec 11am,18752.07,
Uttar Pradesh - 2025,05-Dec 12pm,17824.5,
Uttar Pradesh - 2025,05-Dec 1pm,15320.47,
Uttar Pradesh - 2025,05-Dec 2pm,14355.71,
Uttar Pradesh - 2025,05-Dec 3pm,13546.67,
Uttar Pradesh - 2025,05-Dec 4pm,12382.96,
Uttar Pradesh - 2025,05-Dec 5pm,14626.79,
Uttar Pradesh - 2025,05-Dec 6pm,18945.78,
Uttar Pradesh - 2025,05-Dec 7pm,20106.3,
Uttar Pradesh - 2025,05-Dec 8pm,18389.39,
Uttar Pradesh - 2025,05-Dec 9pm,16481.22,
Uttar Pradesh - 2025,05-Dec 10pm,14772.13,
Uttar Pradesh - 2025,05-Dec 11pm,13248.61,
Uttar Pradesh - 2025,06-Dec 12am,12191.69,
Uttar Pradesh - 2025,06-Dec 1am,11477.85,
Uttar Pradesh - 2025,06-Dec 2am,11030.33,
Uttar Pradesh - 2025,06-Dec 3am,10798.85,
Uttar Pradesh - 2025,06-Dec 4am,11052.39,
Uttar Pradesh - 2025,06-Dec 5am,12585.29,
Uttar Pradesh - 2025,06-Dec 6am,15724.42,
Uttar Pradesh - 2025,06-Dec 7am,13514.96,
Uttar Pradesh - 2025,06-Dec 8am,13398.63,
Uttar Pradesh - 2025,06-Dec 9am,16080.79,
Uttar Pradesh - 2025,06-Dec 10am,18047.07,
Uttar Pradesh - 2025,06-Dec 11am,19243.59,
Uttar Pradesh - 2025,06-Dec 12pm,18066.37,
Uttar Pradesh - 2025,06-Dec 1pm,15172.47,
Uttar Pradesh - 2025,06-Dec 2pm,14207.28,
Uttar Pradesh - 2025,06-Dec 3pm,12913.04,
Uttar Pradesh - 2025,06-Dec 4pm,12715.53,
Uttar Pradesh - 2025,06-Dec 5pm,14314.02,
Uttar Pradesh - 2025,06-Dec 6pm,18520.37,
Uttar Pradesh - 2025,06-Dec 7pm,20231.45,
Uttar Pradesh - 2025,06-Dec 8pm,18656.28,
Uttar Pradesh - 2025,06-Dec 9pm,16888.22,
Uttar Pradesh - 2025,06-Dec 10pm,14956.78,
Uttar Pradesh - 2025,06-Dec 11pm,13463.35,
Uttar Pradesh - 2025,07-Dec 12am,12481.23,
Uttar Pradesh - 2025,07-Dec 1am,11675.44,
Uttar Pradesh - 2025,07-Dec 2am,11229.78,
Uttar Pradesh - 2025,07-Dec 3am,11107.81,
Uttar Pradesh - 2025,07-Dec 4am,11245.76,
Uttar Pradesh - 2025,07-Dec 5am,12559.04,
Uttar Pradesh - 2025,07-Dec 6am,15247.82,
Uttar Pradesh - 2025,07-Dec 7am,13417.01,
Uttar Pradesh - 2025,07-Dec 8am,13656.63,
Uttar Pradesh - 2025,07-Dec 9am,15150.65,
Uttar Pradesh - 2025,07-Dec 10am,18292.59,
Uttar Pradesh - 2025,07-Dec 11am,19815.5,
Uttar Pradesh - 2025,07-Dec 12pm,19093.41,
Uttar Pradesh - 2025,07-Dec 1pm,16405.03,
Uttar Pradesh - 2025,07-Dec 2pm,14929.77,
Uttar Pradesh - 2025,07-Dec 3pm,13156.36,
Uttar Pradesh - 2025,07-Dec 4pm,11689.67,
Uttar Pradesh - 2025,07-Dec 5pm,13181.85,
Uttar Pradesh - 2025,07-Dec 6pm,19299.18,
Uttar Pradesh - 2025,07-Dec 7pm,19295.91,
Uttar Pradesh - 2025,07-Dec 8pm,17945.43,
Uttar Pradesh - 2025,07-Dec 9pm,16244.59,
Uttar Pradesh - 2025,07-Dec 10pm,14470.74,
Uttar Pradesh - 2025,07-Dec 11pm,13031.9,
Uttar Pradesh - 2025,08-Dec 12am,12150.83,
Uttar Pradesh - 2025,08-Dec 1am,11469.69,
Uttar Pradesh - 2025,08-Dec 2am,11027.63,
Uttar Pradesh - 2025,08-Dec 3am,10676.5,
Uttar Pradesh - 2025,08-Dec 4am,10878.99,
Uttar Pradesh - 2025,08-Dec 5am,12623.83,
Uttar Pradesh - 2025,08-Dec 6am,15903.83,
Uttar Pradesh - 2025,08-Dec 7am,14464.76,
Uttar Pradesh - 2025,08-Dec 8am,13535.83,
Uttar Pradesh - 2025,08-Dec 9am,15536.95,
Uttar Pradesh - 2025,08-Dec 10am,19508.75,
Uttar Pradesh - 2025,08-Dec 11am,20021.3,
Uttar Pradesh - 2025,08-Dec 12pm,18464.01,
Uttar Pradesh - 2025,08-Dec 1pm,15360.63,
Uttar Pradesh - 2025,08-Dec 2pm,13940.94,
Uttar Pradesh - 2025,08-Dec 3pm,13525.4,
Uttar Pradesh - 2025,08-Dec 4pm,13564.32,
Uttar Pradesh - 2025,08-Dec 5pm,14742.27,
Uttar Pradesh - 2025,08-Dec 6pm,18418.81,
Uttar Pradesh - 2025,08-Dec 7pm,20275.92,
Uttar Pradesh - 2025,08-Dec 8pm,18716.52,
Uttar Pradesh - 2025,08-Dec 9pm,16973.06,
Uttar Pradesh - 2025,08-Dec 10pm,15138.33,
Uttar Pradesh - 2025,08-Dec 11pm,13567.46,
Uttar Pradesh - 2025,09-Dec 12am,12434.35,
Uttar Pradesh - 2025,09-Dec 1am,11649.46,
Uttar Pradesh - 2025,09-Dec 2am,11321.21,
Uttar Pradesh - 2025,09-Dec 3am,11163.04,
Uttar Pradesh - 2025,09-Dec 4am,11280.33,
Uttar Pradesh - 2025,09-Dec 5am,12909.67,
Uttar Pradesh - 2025,09-Dec 6am,16198.57,
Uttar Pradesh - 2025,09-Dec 7am,14439.13,
Uttar Pradesh - 2025,09-Dec 8am,14285.27,
Uttar Pradesh - 2025,09-Dec 9am,15893.79,
Uttar Pradesh - 2025,09-Dec 10am,18676.23,
Uttar Pradesh - 2025,09-Dec 11am,19422.2,
Uttar Pradesh - 2025,09-Dec 12pm,17501.4,
Uttar Pradesh - 2025,09-Dec 1pm,15071.08,
Uttar Pradesh - 2025,09-Dec 2pm,14762.54,
Uttar Pradesh - 2025,09-Dec 3pm,13841.9,
Uttar Pradesh - 2025,09-Dec 4pm,12836.22,
Uttar Pradesh - 2025,09-Dec 5pm,13759.87,
Uttar Pradesh - 2025,09-Dec 6pm,19302.54,
Uttar Pradesh - 2025,09-Dec 7pm,20204.75,
Uttar Pradesh - 2025,09-Dec 8pm,18787.82,
Uttar Pradesh - 2025,09-Dec 9pm,16998.11,
Uttar Pradesh - 2025,09-Dec 10pm,15132.04,
Uttar Pradesh - 2025,09-Dec 11pm,13658.27,
Uttar Pradesh - 2025,10-Dec 12am,12523.99,
Uttar Pradesh - 2025,10-Dec 1am,11797.18,
Uttar Pradesh - 2025,10-Dec 2am,11453.33,
Uttar Pradesh - 2025,10-Dec 3am,11044.14,
Uttar Pradesh - 2025,10-Dec 4am,11210.06,
Uttar Pradesh - 2025,10-Dec 5am,12906.55,
Uttar Pradesh - 2025,10-Dec 6am,16197.72,
Uttar Pradesh - 2025,10-Dec 7am,14812.37,
Uttar Pradesh - 2025,10-Dec 8am,14179.6,
Uttar Pradesh - 2025,10-Dec 9am,16074.66,
Uttar Pradesh - 2025,10-Dec 10am,18574.63,
Uttar Pradesh - 2025,10-Dec 11am,19888.44,
Uttar Pradesh - 2025,10-Dec 12pm,18289.95,
Uttar Pradesh - 2025,10-Dec 1pm,15557.6,
Uttar Pradesh - 2025,10-Dec 2pm,14257.57,
Uttar Pradesh - 2025,10-Dec 3pm,13182.5,
Uttar Pradesh - 2025,10-Dec 4pm,13830.47,
Uttar Pradesh - 2025,10-Dec 5pm,14311.78,
Uttar Pradesh - 2025,10-Dec 6pm,19539.95,
Uttar Pradesh - 2025,10-Dec 7pm,20170.04,
Uttar Pradesh - 2025,10-Dec 8pm,18711.96,
Uttar Pradesh - 2025,10-Dec 9pm,16997.88,
Uttar Pradesh - 2025,10-Dec 10pm,15113.43,
Uttar Pradesh - 2025,10-Dec 11pm,13533.43,
Uttar Pradesh - 2025,11-Dec 12am,12270.9,
Uttar Pradesh - 2025,11-Dec 1am,11689.91,
Uttar Pradesh - 2025,11-Dec 2am,11282.35,
Uttar Pradesh - 2025,11-Dec 3am,11055.84,
Uttar Pradesh - 2025,11-Dec 4am,11293.28,
Uttar Pradesh - 2025,11-Dec 5am,12830.36,
Uttar Pradesh - 2025,11-Dec 6am,16030.64,
Uttar Pradesh - 2025,11-Dec 7am,14335.68,
Uttar Pradesh - 2025,11-Dec 8am,14892.31,
Uttar Pradesh - 2025,11-Dec 9am,16342.89,
Uttar Pradesh - 2025,11-Dec 10am,18573.53,
Uttar Pradesh - 2025,11-Dec 11am,19440.03,
Uttar Pradesh - 2025,11-Dec 12pm,17719.8,
Uttar Pradesh - 2025,11-Dec 1pm,14861.34,
Uttar Pradesh - 2025,11-Dec 2pm,14349.68,
Uttar Pradesh - 2025,11-Dec 3pm,13419.84,
Uttar Pradesh - 2025,11-Dec 4pm,12883.45,
Uttar Pradesh - 2025,11-Dec 5pm,13966.92,
Uttar Pradesh - 2025,11-Dec 6pm,19276.16,
Uttar Pradesh - 2025,11-Dec 7pm,20249.45,
Uttar Pradesh - 2025,11-Dec 8pm,18898.58,
Uttar Pradesh - 2025,11-Dec 9pm,17208.14,
Uttar Pradesh - 2025,11-Dec 10pm,15238.78,
Uttar Pradesh - 2025,11-Dec 11pm,13694.81,
Uttar Pradesh - 2025,12-Dec 12am,12575.26,
Uttar Pradesh - 2025,12-Dec 1am,11854.73,
Uttar Pradesh - 2025,12-Dec 2am,11455.48,
Uttar Pradesh - 2025,12-Dec 3am,11255.68,
Uttar Pradesh - 2025,12-Dec 4am,11449.94,
Uttar Pradesh - 2025,12-Dec 5am,13098.13,
Uttar Pradesh - 2025,12-Dec 6am,16329.13,
Uttar Pradesh - 2025,12-Dec 7am,14694.94,
Uttar Pradesh - 2025,12-Dec 8am,15420.43,
Uttar Pradesh - 2025,12-Dec 9am,16622.09,
Uttar Pradesh - 2025,12-Dec 10am,18786.95,
Uttar Pradesh - 2025,12-Dec 11am,19306.88,
Uttar Pradesh - 2025,12-Dec 12pm,17578.46,
Uttar Pradesh - 2025,12-Dec 1pm,16056.68,
Uttar Pradesh - 2025,12-Dec 2pm,14886.37,
Uttar Pradesh - 2025,12-Dec 3pm,13968.36,
Uttar Pradesh - 2025,12-Dec 4pm,13928.38,
Uttar Pradesh - 2025,12-Dec 5pm,14484.55,
Uttar Pradesh - 2025,12-Dec 6pm,19877.38,
Uttar Pradesh - 2025,12-Dec 7pm,19934.86,
Uttar Pradesh - 2025,12-Dec 8pm,18344.34,
Uttar Pradesh - 2025,12-Dec 9pm,16700.78,
Uttar Pradesh - 2025,12-Dec 10pm,15403.08,
Uttar Pradesh - 2025,12-Dec 11pm,13944.61,
Uttar Pradesh - 2025,13-Dec 12am,12806.72,
Uttar Pradesh - 2025,13-Dec 1am,12112.54,
Uttar Pradesh - 2025,13-Dec 2am,11592.03,
Uttar Pradesh - 2025,13-Dec 3am,11345.02,
Uttar Pradesh - 2025,13-Dec 4am,11485.33,
Uttar Pradesh - 2025,13-Dec 5am,12965.72,
Uttar Pradesh - 2025,13-Dec 6am,15898.88,
Uttar Pradesh - 2025,13-Dec 7am,14491.29,
Uttar Pradesh - 2025,13-Dec 8am,14088,
Uttar Pradesh - 2025,13-Dec 9am,16000.91,
Uttar Pradesh - 2025,13-Dec 10am,18173.04,
Uttar Pradesh - 2025,13-Dec 11am,18288.98,
Uttar Pradesh - 2025,13-Dec 12pm,17351.78,
Uttar Pradesh - 2025,13-Dec 1pm,15794.92,
Uttar Pradesh - 2025,13-Dec 2pm,15210.98,
Uttar Pradesh - 2025,13-Dec 3pm,13845.17,
Uttar Pradesh - 2025,13-Dec 4pm,13501.01,
Uttar Pradesh - 2025,13-Dec 5pm,14150.89,
Uttar Pradesh - 2025,13-Dec 6pm,20258.05,
Uttar Pradesh - 2025,13-Dec 7pm,20299.37,
Uttar Pradesh - 2025,13-Dec 8pm,19114.36,
Uttar Pradesh - 2025,13-Dec 9pm,17449.11,
Uttar Pradesh - 2025,13-Dec 10pm,15525.15,
Uttar Pradesh - 2025,13-Dec 11pm,14001.29,
Uttar Pradesh - 2025,14-Dec 12am,12970.45,
Uttar Pradesh - 2025,14-Dec 1am,12310.18,
Uttar Pradesh - 2025,14-Dec 2am,11818.11,
Uttar Pradesh - 2025,14-Dec 3am,11456.46,
Uttar Pradesh - 2025,14-Dec 4am,11561.19,
Uttar Pradesh - 2025,14-Dec 5am,12780.25,
Uttar Pradesh - 2025,14-Dec 6am,15173.22,
Uttar Pradesh - 2025,14-Dec 7am,13555.63,
Uttar Pradesh - 2025,14-Dec 8am,13794.85,
Uttar Pradesh - 2025,14-Dec 9am,14096.88,
Uttar Pradesh - 2025,14-Dec 10am,16545.42,
Uttar Pradesh - 2025,14-Dec 11am,18465.72,
Uttar Pradesh - 2025,14-Dec 12pm,17473.78,
Uttar Pradesh - 2025,14-Dec 1pm,15808.18,
Uttar Pradesh - 2025,14-Dec 2pm,14693.9,
Uttar Pradesh - 2025,14-Dec 3pm,13639.59,
Uttar Pradesh - 2025,14-Dec 4pm,13382.25,
Uttar Pradesh - 2025,14-Dec 5pm,14812.21,
Uttar Pradesh - 2025,14-Dec 6pm,19425.46,
Uttar Pradesh - 2025,14-Dec 7pm,19652.48,
Uttar Pradesh - 2025,14-Dec 8pm,18595.61,
Uttar Pradesh - 2025,14-Dec 9pm,17028.98,
Uttar Pradesh - 2025,14-Dec 10pm,15200.9,
Uttar Pradesh - 2025,14-Dec 11pm,13602.98,
Uttar Pradesh - 2025,15-Dec 12am,12630.09,
Uttar Pradesh - 2025,15-Dec 1am,11830.69,
Uttar Pradesh - 2025,15-Dec 2am,11484.28,
Uttar Pradesh - 2025,15-Dec 3am,11253.74,
Uttar Pradesh - 2025,15-Dec 4am,11378.93,
Uttar Pradesh - 2025,15-Dec 5am,12849.57,
Uttar Pradesh - 2025,15-Dec 6am,15710.78,
Uttar Pradesh - 2025,15-Dec 7am,14243.48,
Uttar Pradesh - 2025,15-Dec 8am,14569.93,
Uttar Pradesh - 2025,15-Dec 9am,14891.64,
Uttar Pradesh - 2025,15-Dec 10am,17742.21,
Uttar Pradesh - 2025,15-Dec 11am,18420.69,
Uttar Pradesh - 2025,15-Dec 12pm,17247.55,
Uttar Pradesh - 2025,15-Dec 1pm,15461.71,
Uttar Pradesh - 2025,15-Dec 2pm,14972.6,
Uttar Pradesh - 2025,15-Dec 3pm,13405.37,
Uttar Pradesh - 2025,15-Dec 4pm,13851.18,
Uttar Pradesh - 2025,15-Dec 5pm,14857.43,
Uttar Pradesh - 2025,15-Dec 6pm,20089,
Uttar Pradesh - 2025,15-Dec 7pm,20738.38,
Uttar Pradesh - 2025,15-Dec 8pm,19466.6,
Uttar Pradesh - 2025,15-Dec 9pm,17739.58,
Uttar Pradesh - 2025,15-Dec 10pm,15746.11,
Uttar Pradesh - 2025,15-Dec 11pm,14002.63,
Uttar Pradesh - 2025,16-Dec 12am,12887.01,
Uttar Pradesh - 2025,16-Dec 1am,12076.67,
Uttar Pradesh - 2025,16-Dec 2am,11748.14,
Uttar Pradesh - 2025,16-Dec 3am,11434.53,
Uttar Pradesh - 2025,16-Dec 4am,11584.52,
Uttar Pradesh - 2025,16-Dec 5am,12896.24,
Uttar Pradesh - 2025,16-Dec 6am,15682.3,
Uttar Pradesh - 2025,16-Dec 7am,13556.05,
Uttar Pradesh - 2025,16-Dec 8am,12731.89,
Uttar Pradesh - 2025,16-Dec 9am,14262.78,
Uttar Pradesh - 2025,16-Dec 10am,18215.57,
Uttar Pradesh - 2025,16-Dec 11am,19487.04,
Uttar Pradesh - 2025,16-Dec 12pm,17022.85,
Uttar Pradesh - 2025,16-Dec 1pm,15598.91,
Uttar Pradesh - 2025,16-Dec 2pm,15886.64,
Uttar Pradesh - 2025,16-Dec 3pm,15127.51,
Uttar Pradesh - 2025,16-Dec 4pm,14602.08,
Uttar Pradesh - 2025,16-Dec 5pm,15279.04,
Uttar Pradesh - 2025,16-Dec 6pm,18931.06,
Uttar Pradesh - 2025,16-Dec 7pm,20242.4,
Uttar Pradesh - 2025,16-Dec 8pm,19818.7,
Uttar Pradesh - 2025,16-Dec 9pm,17902.23,
Uttar Pradesh - 2025,16-Dec 10pm,16026.39,
Uttar Pradesh - 2025,16-Dec 11pm,14219.54,
Uttar Pradesh - 2025,17-Dec 12am,13021.36,
Uttar Pradesh - 2025,17-Dec 1am,12292.91,
Uttar Pradesh - 2025,17-Dec 2am,11847.9,
Uttar Pradesh - 2025,17-Dec 3am,11628.25,
Uttar Pradesh - 2025,17-Dec 4am,11798.47,
Uttar Pradesh - 2025,17-Dec 5am,13282.74,
Uttar Pradesh - 2025,17-Dec 6am,16442.61,
Uttar Pradesh - 2025,17-Dec 7am,14428.1,
Uttar Pradesh - 2025,17-Dec 8am,14480.2,
Uttar Pradesh - 2025,17-Dec 9am,15742.12,
Uttar Pradesh - 2025,17-Dec 10am,19951.68,
Uttar Pradesh - 2025,17-Dec 11am,19756.85,
Uttar Pradesh - 2025,17-Dec 12pm,18033.25,
Uttar Pradesh - 2025,17-Dec 1pm,16432.5,
Uttar Pradesh - 2025,17-Dec 2pm,16075.75,
Uttar Pradesh - 2025,17-Dec 3pm,15310.46,
Uttar Pradesh - 2025,17-Dec 4pm,15100.28,
Uttar Pradesh - 2025,17-Dec 5pm,15108.28,
Uttar Pradesh - 2025,17-Dec 6pm,19463.32,
Uttar Pradesh - 2025,17-Dec 7pm,21023.98,
Uttar Pradesh - 2025,17-Dec 8pm,20489.24,
Uttar Pradesh - 2025,17-Dec 9pm,18715.96,
Uttar Pradesh - 2025,17-Dec 10pm,16521.85,
Uttar Pradesh - 2025,17-Dec 11pm,14765.28,
Uttar Pradesh - 2025,18-Dec 12am,13442.81,
Uttar Pradesh - 2025,18-Dec 1am,12591.53,
Uttar Pradesh - 2025,18-Dec 2am,11914.1,
Uttar Pradesh - 2025,18-Dec 3am,11669.72,
Uttar Pradesh - 2025,18-Dec 4am,11654.26,
Uttar Pradesh - 2025,18-Dec 5am,12862.15,
Uttar Pradesh - 2025,18-Dec 6am,15798.15,
Uttar Pradesh - 2025,18-Dec 7am,14288.18,
Uttar Pradesh - 2025,18-Dec 8am,14290.38,
Uttar Pradesh - 2025,18-Dec 9am,15791.91,
Uttar Pradesh - 2025,18-Dec 10am,19503.06,
Uttar Pradesh - 2025,18-Dec 11am,20169.73,
Uttar Pradesh - 2025,18-Dec 12pm,18489.38,
Uttar Pradesh - 2025,18-Dec 1pm,16510.28,
Uttar Pradesh - 2025,18-Dec 2pm,15521.02,
Uttar Pradesh - 2025,18-Dec 3pm,14973.38,
Uttar Pradesh - 2025,18-Dec 4pm,15502.51,
Uttar Pradesh - 2025,18-Dec 5pm,15278.79,
Uttar Pradesh - 2025,18-Dec 6pm,19923.49,
Uttar Pradesh - 2025,18-Dec 7pm,20579.71,
Uttar Pradesh - 2025,18-Dec 8pm,20683.43,
Uttar Pradesh - 2025,18-Dec 9pm,18797.09,
Uttar Pradesh - 2025,18-Dec 10pm,16778.85,
Uttar Pradesh - 2025,18-Dec 11pm,14984.9,
Uttar Pradesh - 2025,19-Dec 12am,13591.11,
Uttar Pradesh - 2025,19-Dec 1am,12603,
Uttar Pradesh - 2025,19-Dec 2am,12174.12,
Uttar Pradesh - 2025,19-Dec 3am,11701.72,
Uttar Pradesh - 2025,19-Dec 4am,11825.25,
Uttar Pradesh - 2025,19-Dec 5am,13211.63,
Uttar Pradesh - 2025,19-Dec 6am,16266.03,
Uttar Pradesh - 2025,19-Dec 7am,14013.66,
Uttar Pradesh - 2025,19-Dec 8am,14785.38,
Uttar Pradesh - 2025,19-Dec 9am,16421.35,
Uttar Pradesh - 2025,19-Dec 10am,20240.17,
Uttar Pradesh - 2025,19-Dec 11am,20263.52,
Uttar Pradesh - 2025,19-Dec 12pm,20368.94,
Uttar Pradesh - 2025,19-Dec 1pm,18163.84,
Uttar Pradesh - 2025,19-Dec 2pm,16774.45,
Uttar Pradesh - 2025,19-Dec 3pm,15471,
Uttar Pradesh - 2025,19-Dec 4pm,15160.15,
Uttar Pradesh - 2025,19-Dec 5pm,15843.93,
Uttar Pradesh - 2025,19-Dec 6pm,19668.42,
Uttar Pradesh - 2025,19-Dec 7pm,20772.11,
Uttar Pradesh - 2025,19-Dec 8pm,20779.38,
Uttar Pradesh - 2025,19-Dec 9pm,19357.68,
Uttar Pradesh - 2025,19-Dec 10pm,17171.47,
Uttar Pradesh - 2025,19-Dec 11pm,15164.33,
Uttar Pradesh - 2025,20-Dec 12am,13727.52,
Uttar Pradesh - 2025,20-Dec 1am,12710.1,
Uttar Pradesh - 2025,20-Dec 2am,12156.29,
Uttar Pradesh - 2025,20-Dec 3am,11897.9,
Uttar Pradesh - 2025,20-Dec 4am,11911.29,
Uttar Pradesh - 2025,20-Dec 5am,13164.57,
Uttar Pradesh - 2025,20-Dec 6am,15907.1,
Uttar Pradesh - 2025,20-Dec 7am,14177.73,
Uttar Pradesh - 2025,20-Dec 8am,14849.44,
Uttar Pradesh - 2025,20-Dec 9am,16171.49,
Uttar Pradesh - 2025,20-Dec 10am,19808.27,
Uttar Pradesh - 2025,20-Dec 11am,20107.24,
Uttar Pradesh - 2025,20-Dec 12pm,18998.59,
Uttar Pradesh - 2025,20-Dec 1pm,17561.76,
Uttar Pradesh - 2025,20-Dec 2pm,15909.44,
Uttar Pradesh - 2025,20-Dec 3pm,15611.55,
Uttar Pradesh - 2025,20-Dec 4pm,15724.21,
Uttar Pradesh - 2025,20-Dec 5pm,14593,
Uttar Pradesh - 2025,20-Dec 6pm,19365.64,
Uttar Pradesh - 2025,20-Dec 7pm,20733.46,
Uttar Pradesh - 2025,20-Dec 8pm,20807.8,
Uttar Pradesh - 2025,20-Dec 9pm,19627.08,
Uttar Pradesh - 2025,20-Dec 10pm,17368.43,
Uttar Pradesh - 2025,20-Dec 11pm,15286.89,
Uttar Pradesh - 2025,21-Dec 12am,13809.33,
Uttar Pradesh - 2025,21-Dec 1am,12853.87,
Uttar Pradesh - 2025,21-Dec 2am,12311.92,
Uttar Pradesh - 2025,21-Dec 3am,12077.8,
Uttar Pradesh - 2025,21-Dec 4am,12134.34,
Uttar Pradesh - 2025,21-Dec 5am,13445.66,
Uttar Pradesh - 2025,21-Dec 6am,16351.17,
Uttar Pradesh - 2025,21-Dec 7am,13880.7,
Uttar Pradesh - 2025,21-Dec 8am,14988.39,
Uttar Pradesh - 2025,21-Dec 9am,17128.22,
Uttar Pradesh - 2025,21-Dec 10am,20292.45,
Uttar Pradesh - 2025,21-Dec 11am,20529.08,
Uttar Pradesh - 2025,21-Dec 12pm,19370.69,
Uttar Pradesh - 2025,21-Dec 1pm,19015.07,
Uttar Pradesh - 2025,21-Dec 2pm,17205.64,
Uttar Pradesh - 2025,21-Dec 3pm,15436.35,
Uttar Pradesh - 2025,21-Dec 4pm,13466.07,
Uttar Pradesh - 2025,21-Dec 5pm,14827.55,
Uttar Pradesh - 2025,21-Dec 6pm,18931.72,
Uttar Pradesh - 2025,21-Dec 7pm,21721.28,
Uttar Pradesh - 2025,21-Dec 8pm,20675.87,
Uttar Pradesh - 2025,21-Dec 9pm,19067.56,
Uttar Pradesh - 2025,21-Dec 10pm,16868.9,
Uttar Pradesh - 2025,21-Dec 11pm,14933.81,
Uttar Pradesh - 2025,22-Dec 12am,13552.24,
Uttar Pradesh - 2025,22-Dec 1am,12649.63,
Uttar Pradesh - 2025,22-Dec 2am,12174.68,
Uttar Pradesh - 2025,22-Dec 3am,11961.6,
Uttar Pradesh - 2025,22-Dec 4am,12175.34,
Uttar Pradesh - 2025,22-Dec 5am,13619.88,
Uttar Pradesh - 2025,22-Dec 6am,16612.33,
Uttar Pradesh - 2025,22-Dec 7am,15169.07,
Uttar Pradesh - 2025,22-Dec 8am,15163.08,
Uttar Pradesh - 2025,22-Dec 9am,16560.92,
Uttar Pradesh - 2025,22-Dec 10am,19696.18,
Uttar Pradesh - 2025,22-Dec 11am,20912.79,
Uttar Pradesh - 2025,22-Dec 12pm,20904.33,
Uttar Pradesh - 2025,22-Dec 1pm,18285.03,
Uttar Pradesh - 2025,22-Dec 2pm,17003.14,
Uttar Pradesh - 2025,22-Dec 3pm,15422.55,
Uttar Pradesh - 2025,22-Dec 4pm,14279.68,
Uttar Pradesh - 2025,22-Dec 5pm,15182.79,
Uttar Pradesh - 2025,22-Dec 6pm,20596.14,
Uttar Pradesh - 2025,22-Dec 7pm,21473.57,
Uttar Pradesh - 2025,22-Dec 8pm,21027.18,
Uttar Pradesh - 2025,22-Dec 9pm,19845.04,
Uttar Pradesh - 2025,22-Dec 10pm,17583.95,
Uttar Pradesh - 2025,22-Dec 11pm,15528.51,
Uttar Pradesh - 2025,23-Dec 12am,14041.1,
Uttar Pradesh - 2025,23-Dec 1am,12972.83,
Uttar Pradesh - 2025,23-Dec 2am,12505.94,
Uttar Pradesh - 2025,23-Dec 3am,12231.31,
Uttar Pradesh - 2025,23-Dec 4am,12306.12,
Uttar Pradesh - 2025,23-Dec 5am,13580.5,
Uttar Pradesh - 2025,23-Dec 6am,16392.52,
Uttar Pradesh - 2025,23-Dec 7am,14689.46,
Uttar Pradesh - 2025,23-Dec 8am,14809.29,
Uttar Pradesh - 2025,23-Dec 9am,16926.75,
Uttar Pradesh - 2025,23-Dec 10am,19962.08,
Uttar Pradesh - 2025,23-Dec 11am,21458.48,
Uttar Pradesh - 2025,23-Dec 12pm,20514.68,
Uttar Pradesh - 2025,23-Dec 1pm,17862.18,
Uttar Pradesh - 2025,23-Dec 2pm,16393,
Uttar Pradesh - 2025,23-Dec 3pm,15682.9,
Uttar Pradesh - 2025,23-Dec 4pm,14245.39,
Uttar Pradesh - 2025,23-Dec 5pm,15356.97,
Uttar Pradesh - 2025,23-Dec 6pm,20820.75,
Uttar Pradesh - 2025,23-Dec 7pm,21472.99,
Uttar Pradesh - 2025,23-Dec 8pm,21643.69,
Uttar Pradesh - 2025,23-Dec 9pm,19881.99,
Uttar Pradesh - 2025,23-Dec 10pm,17746.03,
Uttar Pradesh - 2025,23-Dec 11pm,15708.69,
Uttar Pradesh - 2025,24-Dec 12am,14164.63,
Uttar Pradesh - 2025,24-Dec 1am,13186.76,
Uttar Pradesh - 2025,24-Dec 2am,12721.06,
Uttar Pradesh - 2025,24-Dec 3am,12552.3,
Uttar Pradesh - 2025,24-Dec 4am,12540.11,
Uttar Pradesh - 2025,24-Dec 5am,13845.59,
Uttar Pradesh - 2025,24-Dec 6am,17032.56,
Uttar Pradesh - 2025,24-Dec 7am,14993.58,
Uttar Pradesh - 2025,24-Dec 8am,14904.84,
Uttar Pradesh - 2025,24-Dec 9am,16390.49,
Uttar Pradesh - 2025,24-Dec 10am,20577.67,
Uttar Pradesh - 2025,24-Dec 11am,22847.41,
Uttar Pradesh - 2025,24-Dec 12pm,20923.42,
Uttar Pradesh - 2025,24-Dec 1pm,18436.56,
Uttar Pradesh - 2025,24-Dec 2pm,16650.75,
Uttar Pradesh - 2025,24-Dec 3pm,15195.18,
Uttar Pradesh - 2025,24-Dec 4pm,13275.08,
Uttar Pradesh - 2025,24-Dec 5pm,13604.58,
Uttar Pradesh - 2025,24-Dec 6pm,21122.18,
Uttar Pradesh - 2025,24-Dec 7pm,22212.43,
Uttar Pradesh - 2025,24-Dec 8pm,21208.55,
Uttar Pradesh - 2025,24-Dec 9pm,19575.15,
Uttar Pradesh - 2025,24-Dec 10pm,17478.26,
Uttar Pradesh - 2025,24-Dec 11pm,15364.75,
Uttar Pradesh - 2025,25-Dec 12am,13847.79,
Uttar Pradesh - 2025,25-Dec 1am,12896.45,
Uttar Pradesh - 2025,25-Dec 2am,12426.96,
Uttar Pradesh - 2025,25-Dec 3am,12106.78,
Uttar Pradesh - 2025,25-Dec 4am,12262.43,
Uttar Pradesh - 2025,25-Dec 5am,13486.72,
Uttar Pradesh - 2025,25-Dec 6am,16244.45,
Uttar Pradesh - 2025,25-Dec 7am,14909.28,
Uttar Pradesh - 2025,25-Dec 8am,15293.34,
Uttar Pradesh - 2025,25-Dec 9am,16252.14,
Uttar Pradesh - 2025,25-Dec 10am,20116.82,
Uttar Pradesh - 2025,25-Dec 11am,22353.11,
Uttar Pradesh - 2025,25-Dec 12pm,19276.76,
Uttar Pradesh - 2025,25-Dec 1pm,16267.89,
Uttar Pradesh - 2025,25-Dec 2pm,14949.78,
Uttar Pradesh - 2025,25-Dec 3pm,14249.91,
Uttar Pradesh - 2025,25-Dec 4pm,14847.19,
Uttar Pradesh - 2025,25-Dec 5pm,14852.81,
Uttar Pradesh - 2025,25-Dec 6pm,21495.53,
Uttar Pradesh - 2025,25-Dec 7pm,22323.66,
Uttar Pradesh - 2025,25-Dec 8pm,21175.9,
Uttar Pradesh - 2025,25-Dec 9pm,19361.43,
Uttar Pradesh - 2025,25-Dec 10pm,17343.29,
Uttar Pradesh - 2025,25-Dec 11pm,15365.91,
Uttar Pradesh - 2025,26-Dec 12am,13995.83,
Uttar Pradesh - 2025,26-Dec 1am,13156.77,
Uttar Pradesh - 2025,26-Dec 2am,12646.96,
Uttar Pradesh - 2025,26-Dec 3am,12416.93,
Uttar Pradesh - 2025,26-Dec 4am,12646.23,
Uttar Pradesh - 2025,26-Dec 5am,13932.83,
Uttar Pradesh - 2025,26-Dec 6am,16911.53,
Uttar Pradesh - 2025,26-Dec 7am,15154.4,
Uttar Pradesh - 2025,26-Dec 8am,15826.12,
Uttar Pradesh - 2025,26-Dec 9am,17177.06,
Uttar Pradesh - 2025,26-Dec 10am,20971.39,
Uttar Pradesh - 2025,26-Dec 11am,22288.1,
Uttar Pradesh - 2025,26-Dec 12pm,20380.52,
Uttar Pradesh - 2025,26-Dec 1pm,18603.28,
Uttar Pradesh - 2025,26-Dec 2pm,16788.95,
Uttar Pradesh - 2025,26-Dec 3pm,15671.62,
Uttar Pradesh - 2025,26-Dec 4pm,15415.64,
Uttar Pradesh - 2025,26-Dec 5pm,15636.87,
Uttar Pradesh - 2025,26-Dec 6pm,20698.25,
Uttar Pradesh - 2025,26-Dec 7pm,21495.41,
Uttar Pradesh - 2025,26-Dec 8pm,21222.65,
Uttar Pradesh - 2025,26-Dec 9pm,19451.29,
Uttar Pradesh - 2025,26-Dec 10pm,17607.91,
Uttar Pradesh - 2025,26-Dec 11pm,15411.9,
Uttar Pradesh - 2025,27-Dec 12am,14119.82,
Uttar Pradesh - 2025,27-Dec 1am,13198.25,
Uttar Pradesh - 2025,27-Dec 2am,12719.73,
Uttar Pradesh - 2025,27-Dec 3am,12460.2,
Uttar Pradesh - 2025,27-Dec 4am,12586.47,
Uttar Pradesh - 2025,27-Dec 5am,13758.83,
Uttar Pradesh - 2025,27-Dec 6am,16590.12,
Uttar Pradesh - 2025,27-Dec 7am,14213.24,
Uttar Pradesh - 2025,27-Dec 8am,14978.91,
Uttar Pradesh - 2025,27-Dec 9am,16678.7,
Uttar Pradesh - 2025,27-Dec 10am,20505.76,
Uttar Pradesh - 2025,27-Dec 11am,22036.67,
Uttar Pradesh - 2025,27-Dec 12pm,20363.22,
Uttar Pradesh - 2025,27-Dec 1pm,16850.34,
Uttar Pradesh - 2025,27-Dec 2pm,15877.48,
Uttar Pradesh - 2025,27-Dec 3pm,15196.62,
Uttar Pradesh - 2025,27-Dec 4pm,16080.85,
Uttar Pradesh - 2025,27-Dec 5pm,16561.84,
Uttar Pradesh - 2025,27-Dec 6pm,21090.58,
Uttar Pradesh - 2025,27-Dec 7pm,22085.1,
Uttar Pradesh - 2025,27-Dec 8pm,21307.79,
Uttar Pradesh - 2025,27-Dec 9pm,19550.89,
Uttar Pradesh - 2025,27-Dec 10pm,17712.15,
Uttar Pradesh - 2025,27-Dec 11pm,15619.39,
Uttar Pradesh - 2025,28-Dec 12am,14308.33,
Uttar Pradesh - 2025,28-Dec 1am,13442.73,
Uttar Pradesh - 2025,28-Dec 2am,12833.56,
Uttar Pradesh - 2025,28-Dec 3am,12540.62,
Uttar Pradesh - 2025,28-Dec 4am,12703.42,
Uttar Pradesh - 2025,28-Dec 5am,13881.27,
Uttar Pradesh - 2025,28-Dec 6am,16523.75,
Uttar Pradesh - 2025,28-Dec 7am,14841.21,
Uttar Pradesh - 2025,28-Dec 8am,15608.09,
Uttar Pradesh - 2025,28-Dec 9am,16818.06,
Uttar Pradesh - 2025,28-Dec 10am,20516.18,
Uttar Pradesh - 2025,28-Dec 11am,21722.61,
Uttar Pradesh - 2025,28-Dec 12pm,19697.72,
Uttar Pradesh - 2025,28-Dec 1pm,17415.83,
Uttar Pradesh - 2025,28-Dec 2pm,16520.02,
Uttar Pradesh - 2025,28-Dec 3pm,15972.89,
Uttar Pradesh - 2025,28-Dec 4pm,15966.25,
Uttar Pradesh - 2025,28-Dec 5pm,16449.92,
Uttar Pradesh - 2025,28-Dec 6pm,21588.35,
Uttar Pradesh - 2025,28-Dec 7pm,22209.83,
Uttar Pradesh - 2025,28-Dec 8pm,21110.64,
Uttar Pradesh - 2025,28-Dec 9pm,19535.72,
Uttar Pradesh - 2025,28-Dec 10pm,17541.2,
Uttar Pradesh - 2025,28-Dec 11pm,15170.24,
Uttar Pradesh - 2025,29-Dec 12am,13776.12,
Uttar Pradesh - 2025,29-Dec 1am,12701.74,
Uttar Pradesh - 2025,29-Dec 2am,12151.34,
Uttar Pradesh - 2025,29-Dec 3am,11918.58,
Uttar Pradesh - 2025,29-Dec 4am,12124.02,
Uttar Pradesh - 2025,29-Dec 5am,13494.24,
Uttar Pradesh - 2025,29-Dec 6am,16518.07,
Uttar Pradesh - 2025,29-Dec 7am,14421.65,
Uttar Pradesh - 2025,29-Dec 8am,15197.23,
Uttar Pradesh - 2025,29-Dec 9am,17308.85,
Uttar Pradesh - 2025,29-Dec 10am,21082.94,
Uttar Pradesh - 2025,29-Dec 11am,20799.84,
Uttar Pradesh - 2025,29-Dec 12pm,19202.63,
Uttar Pradesh - 2025,29-Dec 1pm,18565.49,
Uttar Pradesh - 2025,29-Dec 2pm,17413.69,
Uttar Pradesh - 2025,29-Dec 3pm,17080.06,
Uttar Pradesh - 2025,29-Dec 4pm,16829.02,
Uttar Pradesh - 2025,29-Dec 5pm,16221.44,
Uttar Pradesh - 2025,29-Dec 6pm,21227.49,
Uttar Pradesh - 2025,29-Dec 7pm,22184.65,
Uttar Pradesh - 2025,29-Dec 8pm,21584,
Uttar Pradesh - 2025,29-Dec 9pm,20446.59,
Uttar Pradesh - 2025,29-Dec 10pm,18391.07,
Uttar Pradesh - 2025,29-Dec 11pm,16054.61,
Uttar Pradesh - 2025,30-Dec 12am,14429.69,
Uttar Pradesh - 2025,30-Dec 1am,13305.82,
Uttar Pradesh - 2025,30-Dec 2am,12761.46,
Uttar Pradesh - 2025,30-Dec 3am,12421.93,
Uttar Pradesh - 2025,30-Dec 4am,12681.18,
Uttar Pradesh - 2025,30-Dec 5am,13791.48,
Uttar Pradesh - 2025,30-Dec 6am,16669.07,
Uttar Pradesh - 2025,30-Dec 7am,14852.1,
Uttar Pradesh - 2025,30-Dec 8am,15511.06,
Uttar Pradesh - 2025,30-Dec 9am,16492.25,
Uttar Pradesh - 2025,30-Dec 10am,20349.65,
Uttar Pradesh - 2025,30-Dec 11am,21720.85,
Uttar Pradesh - 2025,30-Dec 12pm,20347.38,
Uttar Pradesh - 2025,30-Dec 1pm,18510.88,
Uttar Pradesh - 2025,30-Dec 2pm,17281.45,
Uttar Pradesh - 2025,30-Dec 3pm,15979.8,
Uttar Pradesh - 2025,30-Dec 4pm,15355.41,
Uttar Pradesh - 2025,30-Dec 5pm,15715.65,
Uttar Pradesh - 2025,30-Dec 6pm,20554.52,
Uttar Pradesh - 2025,30-Dec 7pm,21397.57,
Uttar Pradesh - 2025,30-Dec 8pm,22155.25,
Uttar Pradesh - 2025,30-Dec 9pm,20496.56,
Uttar Pradesh - 2025,30-Dec 10pm,18303.91,
Uttar Pradesh - 2025,30-Dec 11pm,16126.42,
Uttar Pradesh - 2025,31-Dec 12am,14438.92,
Uttar Pradesh - 2025,31-Dec 1am,13416.08,
Uttar Pradesh - 2025,31-Dec 2am,12812.67,
Uttar Pradesh - 2025,31-Dec 3am,12537.58,
Uttar Pradesh - 2025,31-Dec 4am,12597.24,
Uttar Pradesh - 2025,31-Dec 5am,13632.09,
Uttar Pradesh - 2025,31-Dec 6am,16281.36,
Uttar Pradesh - 2025,31-Dec 7am,15179.68,
Uttar Pradesh - 2025,31-Dec 8am,15352.66,
Uttar Pradesh - 2025,31-Dec 9am,16751.17,
Uttar Pradesh - 2025,31-Dec 10am,18655.09,
Uttar Pradesh - 2025,31-Dec 11am,21386.83,
Uttar Pradesh - 2025,31-Dec 12pm,20159.23,
Uttar Pradesh - 2025,31-Dec 1pm,18436.2,
Uttar Pradesh - 2025,31-Dec 2pm,17432.28,
Uttar Pradesh - 2025,31-Dec 3pm,15899.38,
Uttar Pradesh - 2025,31-Dec 4pm,15520.69,
Uttar Pradesh - 2025,31-Dec 5pm,16844.31,
Uttar Pradesh - 2025,31-Dec 6pm,21659.03,
Uttar Pradesh - 2025,31-Dec 7pm,22334.3,
Uttar Pradesh - 2025,31-Dec 8pm,22341.53,
Uttar Pradesh - 2025,31-Dec 9pm,20612.73,
Uttar Pradesh - 2025,31-Dec 10pm,18531.38,
Uttar Pradesh - 2025,31-Dec 11pm,16367.02,
Uttar Pradesh - 2026,01-Jan 12am,14785.97,
Uttar Pradesh - 2026,01-Jan 1am,13584.12,
Uttar Pradesh - 2026,01-Jan 2am,12944.89,
Uttar Pradesh - 2026,01-Jan 3am,12577.25,
Uttar Pradesh - 2026,01-Jan 4am,12678.72,
Uttar Pradesh - 2026,01-Jan 5am,14240.09,
Uttar Pradesh - 2026,01-Jan 6am,16925.82,
Uttar Pradesh - 2026,01-Jan 7am,15559,
Uttar Pradesh - 2026,01-Jan 8am,16195.64,
Uttar Pradesh - 2026,01-Jan 9am,17650.53,
Uttar Pradesh - 2026,01-Jan 10am,20278.32,
Uttar Pradesh - 2026,01-Jan 11am,20680.24,
Uttar Pradesh - 2026,01-Jan 12pm,20066.63,
Uttar Pradesh - 2026,01-Jan 1pm,17855.72,
Uttar Pradesh - 2026,01-Jan 2pm,15999.83,
Uttar Pradesh - 2026,01-Jan 3pm,14268.67,
Uttar Pradesh - 2026,01-Jan 4pm,14171.92,
Uttar Pradesh - 2026,01-Jan 5pm,15150.58,
Uttar Pradesh - 2026,01-Jan 6pm,21230.97,
Uttar Pradesh - 2026,01-Jan 7pm,22030.58,
Uttar Pradesh - 2026,01-Jan 8pm,20995.59,
Uttar Pradesh - 2026,01-Jan 9pm,19643.02,
Uttar Pradesh - 2026,01-Jan 10pm,17528.77,
Uttar Pradesh - 2026,01-Jan 11pm,15511.92,
Uttar Pradesh - 2026,02-Jan 12am,13922.92,
Uttar Pradesh - 2026,02-Jan 1am,12914.73,
Uttar Pradesh - 2026,02-Jan 2am,12434.13,
Uttar Pradesh - 2026,02-Jan 3am,12107.93,
Uttar Pradesh - 2026,02-Jan 4am,12275.04,
Uttar Pradesh - 2026,02-Jan 5am,13417.15,
Uttar Pradesh - 2026,02-Jan 6am,15929.2,
Uttar Pradesh - 2026,02-Jan 7am,14847.6,
Uttar Pradesh - 2026,02-Jan 8am,15517.16,
Uttar Pradesh - 2026,02-Jan 9am,16996.51,
Uttar Pradesh - 2026,02-Jan 10am,18905.19,
Uttar Pradesh - 2026,02-Jan 11am,21446.43,
Uttar Pradesh - 2026,02-Jan 12pm,21031.24,
Uttar Pradesh - 2026,02-Jan 1pm,19028.46,
Uttar Pradesh - 2026,02-Jan 2pm,17215.36,
Uttar Pradesh - 2026,02-Jan 3pm,15772.41,
Uttar Pradesh - 2026,02-Jan 4pm,15430.75,
Uttar Pradesh - 2026,02-Jan 5pm,16753.63,
Uttar Pradesh - 2026,02-Jan 6pm,21636.17,
Uttar Pradesh - 2026,02-Jan 7pm,21876,
Uttar Pradesh - 2026,02-Jan 8pm,21817.7,
Uttar Pradesh - 2026,02-Jan 9pm,20261.52,
Uttar Pradesh - 2026,02-Jan 10pm,18201.72,
Uttar Pradesh - 2026,02-Jan 11pm,15820.75,
Uttar Pradesh - 2026,03-Jan 12am,14387.88,
Uttar Pradesh - 2026,03-Jan 1am,13285.96,
Uttar Pradesh - 2026,03-Jan 2am,12632.32,
Uttar Pradesh - 2026,03-Jan 3am,12335.04,
Uttar Pradesh - 2026,03-Jan 4am,12534.88,
Uttar Pradesh - 2026,03-Jan 5am,13784.03,
Uttar Pradesh - 2026,03-Jan 6am,16474.7,
Uttar Pradesh - 2026,03-Jan 7am,14692.85,
Uttar Pradesh - 2026,03-Jan 8am,15275.09,
Uttar Pradesh - 2026,03-Jan 9am,17211.94,
Uttar Pradesh - 2026,03-Jan 10am,20594.79,
Uttar Pradesh - 2026,03-Jan 11am,22467.96,
Uttar Pradesh - 2026,03-Jan 12pm,21782.25,
Uttar Pradesh - 2026,03-Jan 1pm,19620.38,
Uttar Pradesh - 2026,03-Jan 2pm,17114.49,
Uttar Pradesh - 2026,03-Jan 3pm,15963.01,
Uttar Pradesh - 2026,03-Jan 4pm,15686.07,
Uttar Pradesh - 2026,03-Jan 5pm,17241.37,
Uttar Pradesh - 2026,03-Jan 6pm,21034.09,
Uttar Pradesh - 2026,03-Jan 7pm,21668.54,
Uttar Pradesh - 2026,03-Jan 8pm,22064.52,
Uttar Pradesh - 2026,03-Jan 9pm,20507.98,
Uttar Pradesh - 2026,03-Jan 10pm,18363.54,
Uttar Pradesh - 2026,03-Jan 11pm,16154.51,
Uttar Pradesh - 2026,04-Jan 12am,14612.08,
Uttar Pradesh - 2026,04-Jan 1am,13438.35,
Uttar Pradesh - 2026,04-Jan 2am,12825,
Uttar Pradesh - 2026,04-Jan 3am,12531.84,
Uttar Pradesh - 2026,04-Jan 4am,12711.27,
Uttar Pradesh - 2026,04-Jan 5am,13934.24,
Uttar Pradesh - 2026,04-Jan 6am,16545.75,
Uttar Pradesh - 2026,04-Jan 7am,14737.82,
Uttar Pradesh - 2026,04-Jan 8am,15096.24,
Uttar Pradesh - 2026,04-Jan 9am,16828.19,
Uttar Pradesh - 2026,04-Jan 10am,20154.7,
Uttar Pradesh - 2026,04-Jan 11am,21470.53,
Uttar Pradesh - 2026,04-Jan 12pm,19941.19,
Uttar Pradesh - 2026,04-Jan 1pm,18228.68,
Uttar Pradesh - 2026,04-Jan 2pm,16939.04,
Uttar Pradesh - 2026,04-Jan 3pm,15151.67,
Uttar Pradesh - 2026,04-Jan 4pm,14635.71,
Uttar Pradesh - 2026,04-Jan 5pm,15187.57,
Uttar Pradesh - 2026,04-Jan 6pm,20803,
Uttar Pradesh - 2026,04-Jan 7pm,22558.98,
Uttar Pradesh - 2026,04-Jan 8pm,21886.7,
Uttar Pradesh - 2026,04-Jan 9pm,20248.62,
Uttar Pradesh - 2026,04-Jan 10pm,18048.35,
Uttar Pradesh - 2026,04-Jan 11pm,15798.16,
Uttar Pradesh - 2026,05-Jan 12am,14194.55,
Uttar Pradesh - 2026,05-Jan 1am,13158.5,
Uttar Pradesh - 2026,05-Jan 2am,12527.01,
Uttar Pradesh - 2026,05-Jan 3am,12334.17,
Uttar Pradesh - 2026,05-Jan 4am,12480.52,
Uttar Pradesh - 2026,05-Jan 5am,13895.76,
Uttar Pradesh - 2026,05-Jan 6am,16532.47,
Uttar Pradesh - 2026,05-Jan 7am,14978.39,
Uttar Pradesh - 2026,05-Jan 8am,15900.98,
Uttar Pradesh - 2026,05-Jan 9am,17998.68,
Uttar Pradesh - 2026,05-Jan 10am,21337.71,
Uttar Pradesh - 2026,05-Jan 11am,22350.99,
Uttar Pradesh - 2026,05-Jan 12pm,21320.38,
Uttar Pradesh - 2026,05-Jan 1pm,19360.26,
Uttar Pradesh - 2026,05-Jan 2pm,17860.21,
Uttar Pradesh - 2026,05-Jan 3pm,15891.32,
Uttar Pradesh - 2026,05-Jan 4pm,14340.55,
Uttar Pradesh - 2026,05-Jan 5pm,15689.23,
Uttar Pradesh - 2026,05-Jan 6pm,21064.31,
Uttar Pradesh - 2026,05-Jan 7pm,21718.91,
Uttar Pradesh - 2026,05-Jan 8pm,21373.03,
Uttar Pradesh - 2026,05-Jan 9pm,21623.45,
Uttar Pradesh - 2026,05-Jan 10pm,19238.95,
Uttar Pradesh - 2026,05-Jan 11pm,16741.82,
Uttar Pradesh - 2026,06-Jan 12am,15147.75,
Uttar Pradesh - 2026,06-Jan 1am,15115.1,
Uttar Pradesh - 2026,06-Jan 2am,13096.01,
Uttar Pradesh - 2026,06-Jan 3am,12926.9,
Uttar Pradesh - 2026,06-Jan 4am,13041.64,
Uttar Pradesh - 2026,06-Jan 5am,14361.63,
Uttar Pradesh - 2026,06-Jan 6am,16841.48,
Uttar Pradesh - 2026,06-Jan 7am,14743.98,
Uttar Pradesh - 2026,06-Jan 8am,15232.69,
Uttar Pradesh - 2026,06-Jan 9am,17572.73,
Uttar Pradesh - 2026,06-Jan 10am,20616.22,
Uttar Pradesh - 2026,06-Jan 11am,21920.42,
Uttar Pradesh - 2026,06-Jan 12pm,22531.56,
Uttar Pradesh - 2026,06-Jan 1pm,20934.62,
Uttar Pradesh - 2026,06-Jan 2pm,19985.36,
Uttar Pradesh - 2026,06-Jan 3pm,18774.59,
Uttar Pradesh - 2026,06-Jan 4pm,16013.68,
Uttar Pradesh - 2026,06-Jan 5pm,16410.25,
Uttar Pradesh - 2026,06-Jan 6pm,21418.41,
Uttar Pradesh - 2026,06-Jan 7pm,22133.29,
Uttar Pradesh - 2026,06-Jan 8pm,23127.02,
Uttar Pradesh - 2026,06-Jan 9pm,21815.24,
Uttar Pradesh - 2026,06-Jan 10pm,19653.64,
Uttar Pradesh - 2026,06-Jan 11pm,16921.52,
Uttar Pradesh - 2026,07-Jan 12am,14920.35,
Uttar Pradesh - 2026,07-Jan 1am,13750.5,
Uttar Pradesh - 2026,07-Jan 2am,13078.28,
Uttar Pradesh - 2026,07-Jan 3am,12791.35,
Uttar Pradesh - 2026,07-Jan 4am,12930.04,
Uttar Pradesh - 2026,07-Jan 5am,14194.32,
Uttar Pradesh - 2026,07-Jan 6am,16861.03,
Uttar Pradesh - 2026,07-Jan 7am,15680.79,
Uttar Pradesh - 2026,07-Jan 8am,16515.8,
Uttar Pradesh - 2026,07-Jan 9am,17470.33,
Uttar Pradesh - 2026,07-Jan 10am,20778.84,
Uttar Pradesh - 2026,07-Jan 11am,22747.12,
Uttar Pradesh - 2026,07-Jan 12pm,23172.42,
Uttar Pradesh - 2026,07-Jan 1pm,21159.43,
Uttar Pradesh - 2026,07-Jan 2pm,18640.31,
Uttar Pradesh - 2026,07-Jan 3pm,17118.74,
Uttar Pradesh - 2026,07-Jan 4pm,15171.91,
Uttar Pradesh - 2026,07-Jan 5pm,14144,
Uttar Pradesh - 2026,07-Jan 6pm,21599.1,
Uttar Pradesh - 2026,07-Jan 7pm,22318.18,
Uttar Pradesh - 2026,07-Jan 8pm,23495.89,
Uttar Pradesh - 2026,07-Jan 9pm,21910.18,
Uttar Pradesh - 2026,07-Jan 10pm,19632.6,
Uttar Pradesh - 2026,07-Jan 11pm,17125.83,
Uttar Pradesh - 2026,08-Jan 12am,15195.94,
Uttar Pradesh - 2026,08-Jan 1am,13912.94,
Uttar Pradesh - 2026,08-Jan 2am,13274.79,
Uttar Pradesh - 2026,08-Jan 3am,12891.5,
Uttar Pradesh - 2026,08-Jan 4am,12937.3,
Uttar Pradesh - 2026,08-Jan 5am,13940.05,
Uttar Pradesh - 2026,08-Jan 6am,16573.71,
Uttar Pradesh - 2026,08-Jan 7am,14825.71,
Uttar Pradesh - 2026,08-Jan 8am,15169.52,
Uttar Pradesh - 2026,08-Jan 9am,15068.67,
Uttar Pradesh - 2026,08-Jan 10am,18406.2,
Uttar Pradesh - 2026,08-Jan 11am,21314.66,
Uttar Pradesh - 2026,08-Jan 12pm,21592.52,
Uttar Pradesh - 2026,08-Jan 1pm,21590.52,
Uttar Pradesh - 2026,08-Jan 2pm,19889.85,
Uttar Pradesh - 2026,08-Jan 3pm,18280.94,
Uttar Pradesh - 2026,08-Jan 4pm,17118.37,
Uttar Pradesh - 2026,08-Jan 5pm,17238.37,
Uttar Pradesh - 2026,08-Jan 6pm,21145.09,
Uttar Pradesh - 2026,08-Jan 7pm,22029.17,
Uttar Pradesh - 2026,08-Jan 8pm,23784.78,
Uttar Pradesh - 2026,08-Jan 9pm,22161.67,
Uttar Pradesh - 2026,08-Jan 10pm,19936.78,
Uttar Pradesh - 2026,08-Jan 11pm,17315.14,
Uttar Pradesh - 2026,09-Jan 12am,15374.81,
Uttar Pradesh - 2026,09-Jan 1am,14147.42,
Uttar Pradesh - 2026,09-Jan 2am,13301.4,
Uttar Pradesh - 2026,09-Jan 3am,13023.84,
Uttar Pradesh - 2026,09-Jan 4am,13043.52,
Uttar Pradesh - 2026,09-Jan 5am,14184.49,
Uttar Pradesh - 2026,09-Jan 6am,16713.47,
Uttar Pradesh - 2026,09-Jan 7am,15139.28,
Uttar Pradesh - 2026,09-Jan 8am,15493.9,
Uttar Pradesh - 2026,09-Jan 9am,16884.99,
Uttar Pradesh - 2026,09-Jan 10am,21277.48,
Uttar Pradesh - 2026,09-Jan 11am,23069.26,
Uttar Pradesh - 2026,09-Jan 12pm,22713.67,
Uttar Pradesh - 2026,09-Jan 1pm,20707.86,
Uttar Pradesh - 2026,09-Jan 2pm,18202.14,
Uttar Pradesh - 2026,09-Jan 3pm,17502.07,
Uttar Pradesh - 2026,09-Jan 4pm,15187.58,
Uttar Pradesh - 2026,09-Jan 5pm,14158.8,
Uttar Pradesh - 2026,09-Jan 6pm,19940.91,
Uttar Pradesh - 2026,09-Jan 7pm,21333.4,
Uttar Pradesh - 2026,09-Jan 8pm,23115.46,
Uttar Pradesh - 2026,09-Jan 9pm,22030.85,
Uttar Pradesh - 2026,09-Jan 10pm,19834.22,
Uttar Pradesh - 2026,09-Jan 11pm,17244.88,
Uttar Pradesh - 2026,10-Jan 12am,15284.33,
Uttar Pradesh - 2026,10-Jan 1am,14010.43,
Uttar Pradesh - 2026,10-Jan 2am,13221.9,
Uttar Pradesh - 2026,10-Jan 3am,12990.67,
Uttar Pradesh - 2026,10-Jan 4am,13180.99,
Uttar Pradesh - 2026,10-Jan 5am,14375.25,
Uttar Pradesh - 2026,10-Jan 6am,17123.73,
Uttar Pradesh - 2026,10-Jan 7am,16209.21,
Uttar Pradesh - 2026,10-Jan 8am,15692.1,
Uttar Pradesh - 2026,10-Jan 9am,17341.32,
Uttar Pradesh - 2026,10-Jan 10am,21391.96,
Uttar Pradesh - 2026,10-Jan 11am,21677.38,
Uttar Pradesh - 2026,10-Jan 12pm,20294.37,
Uttar Pradesh - 2026,10-Jan 1pm,17846.43,
Uttar Pradesh - 2026,10-Jan 2pm,17426.78,
Uttar Pradesh - 2026,10-Jan 3pm,15285.12,
Uttar Pradesh - 2026,10-Jan 4pm,14591.51,
Uttar Pradesh - 2026,10-Jan 5pm,14942.64,
Uttar Pradesh - 2026,10-Jan 6pm,21254.13,
Uttar Pradesh - 2026,10-Jan 7pm,22432.9,
Uttar Pradesh - 2026,10-Jan 8pm,22790,
Uttar Pradesh - 2026,10-Jan 9pm,21245.21,
Uttar Pradesh - 2026,10-Jan 10pm,19109.9,
Uttar Pradesh - 2026,10-Jan 11pm,16816.83,
Uttar Pradesh - 2026,11-Jan 12am,14864.61,
Uttar Pradesh - 2026,11-Jan 1am,13692.43,
Uttar Pradesh - 2026,11-Jan 2am,13209.31,
Uttar Pradesh - 2026,11-Jan 3am,12912.05,
Uttar Pradesh - 2026,11-Jan 4am,13071.49,
Uttar Pradesh - 2026,11-Jan 5am,14273.34,
Uttar Pradesh - 2026,11-Jan 6am,16751.66,
Uttar Pradesh - 2026,11-Jan 7am,16694.05,
Uttar Pradesh - 2026,11-Jan 8am,16345.26,
Uttar Pradesh - 2026,11-Jan 9am,17911.14,
Uttar Pradesh - 2026,11-Jan 10am,20780.59,
Uttar Pradesh - 2026,11-Jan 11am,21905.68,
Uttar Pradesh - 2026,11-Jan 12pm,19751.11,
Uttar Pradesh - 2026,11-Jan 1pm,17769.23,
Uttar Pradesh - 2026,11-Jan 2pm,17068.04,
Uttar Pradesh - 2026,11-Jan 3pm,14814.67,
Uttar Pradesh - 2026,11-Jan 4pm,14838.88,
Uttar Pradesh - 2026,11-Jan 5pm,14986.37,
Uttar Pradesh - 2026,11-Jan 6pm,20079.88,
Uttar Pradesh - 2026,11-Jan 7pm,22356.98,
Uttar Pradesh - 2026,11-Jan 8pm,21906.23,
Uttar Pradesh - 2026,11-Jan 9pm,20552.85,
Uttar Pradesh - 2026,11-Jan 10pm,18252.8,
Uttar Pradesh - 2026,11-Jan 11pm,15846.03,
Uttar Pradesh - 2026,12-Jan 12am,14270.88,
Uttar Pradesh - 2026,12-Jan 1am,13123.29,
Uttar Pradesh - 2026,12-Jan 2am,12544.56,
Uttar Pradesh - 2026,12-Jan 3am,12397.31,
Uttar Pradesh - 2026,12-Jan 4am,12585.96,
Uttar Pradesh - 2026,12-Jan 5am,14053.94,
Uttar Pradesh - 2026,12-Jan 6am,16833.49,
Uttar Pradesh - 2026,12-Jan 7am,15999.29,
Uttar Pradesh - 2026,12-Jan 8am,14537.43,
Uttar Pradesh - 2026,12-Jan 9am,17280.33,
Uttar Pradesh - 2026,12-Jan 10am,20354.38,
Uttar Pradesh - 2026,12-Jan 11am,23105.48,
Uttar Pradesh - 2026,12-Jan 12pm,20352.93,
Uttar Pradesh - 2026,12-Jan 1pm,16878.35,
Uttar Pradesh - 2026,12-Jan 2pm,15718.03,
Uttar Pradesh - 2026,12-Jan 3pm,14597.29,
Uttar Pradesh - 2026,12-Jan 4pm,14062.63,
Uttar Pradesh - 2026,12-Jan 5pm,16443.88,
Uttar Pradesh - 2026,12-Jan 6pm,21358.76,
Uttar Pradesh - 2026,12-Jan 7pm,22683.29,
Uttar Pradesh - 2026,12-Jan 8pm,22516.72,
Uttar Pradesh - 2026,12-Jan 9pm,21118.62,
Uttar Pradesh - 2026,12-Jan 10pm,19019.39,
Uttar Pradesh - 2026,12-Jan 11pm,16481.53,
Uttar Pradesh - 2026,13-Jan 12am,14760.81,
Uttar Pradesh - 2026,13-Jan 1am,13658.21,
Uttar Pradesh - 2026,13-Jan 2am,12897.51,
Uttar Pradesh - 2026,13-Jan 3am,12634.78,
Uttar Pradesh - 2026,13-Jan 4am,12854.17,
Uttar Pradesh - 2026,13-Jan 5am,14028.67,
Uttar Pradesh - 2026,13-Jan 6am,16884.78,
Uttar Pradesh - 2026,13-Jan 7am,14378.18,
Uttar Pradesh - 2026,13-Jan 8am,14470.46,
Uttar Pradesh - 2026,13-Jan 9am,16986.35,
Uttar Pradesh - 2026,13-Jan 10am,21008.38,
Uttar Pradesh - 2026,13-Jan 11am,22681.59,
Uttar Pradesh - 2026,13-Jan 12pm,20501.16,
Uttar Pradesh - 2026,13-Jan 1pm,17920.85,
Uttar Pradesh - 2026,13-Jan 2pm,16360.7,
Uttar Pradesh - 2026,13-Jan 3pm,15259.7,
Uttar Pradesh - 2026,13-Jan 4pm,14813.46,
Uttar Pradesh - 2026,13-Jan 5pm,16015.71,
Uttar Pradesh - 2026,13-Jan 6pm,20224.43,
Uttar Pradesh - 2026,13-Jan 7pm,21583.98,
Uttar Pradesh - 2026,13-Jan 8pm,22532.96,
Uttar Pradesh - 2026,13-Jan 9pm,21167.2,
Uttar Pradesh - 2026,13-Jan 10pm,18836.9,
Uttar Pradesh - 2026,13-Jan 11pm,16470.43,
Uttar Pradesh - 2026,14-Jan 12am,14624.02,
Uttar Pradesh - 2026,14-Jan 1am,13537.96,
Uttar Pradesh - 2026,14-Jan 2am,12905.1,
Uttar Pradesh - 2026,14-Jan 3am,12641.34,
Uttar Pradesh - 2026,14-Jan 4am,12865.35,
Uttar Pradesh - 2026,14-Jan 5am,14249.31,
Uttar Pradesh - 2026,14-Jan 6am,17143.85,
Uttar Pradesh - 2026,14-Jan 7am,15898.78,
Uttar Pradesh - 2026,14-Jan 8am,15976.36,
Uttar Pradesh - 2026,14-Jan 9am,17254.11,
Uttar Pradesh - 2026,14-Jan 10am,20665.96,
Uttar Pradesh - 2026,14-Jan 11am,22290.33,
Uttar Pradesh - 2026,14-Jan 12pm,20535.45,
Uttar Pradesh - 2026,14-Jan 1pm,18111.87,
Uttar Pradesh - 2026,14-Jan 2pm,16435.74,
Uttar Pradesh - 2026,14-Jan 3pm,14945.34,
Uttar Pradesh - 2026,14-Jan 4pm,13980.41,
Uttar Pradesh - 2026,14-Jan 5pm,14804.68,
Uttar Pradesh - 2026,14-Jan 6pm,20313.05,
Uttar Pradesh - 2026,14-Jan 7pm,22024.17,
Uttar Pradesh - 2026,14-Jan 8pm,22465,
Uttar Pradesh - 2026,14-Jan 9pm,20893.82,
Uttar Pradesh - 2026,14-Jan 10pm,18718.97,
Uttar Pradesh - 2026,14-Jan 11pm,16294.57,
Uttar Pradesh - 2026,15-Jan 12am,14463.11,
Uttar Pradesh - 2026,15-Jan 1am,13469.31,
Uttar Pradesh - 2026,15-Jan 2am,12874.11,
Uttar Pradesh - 2026,15-Jan 3am,12526.93,
Uttar Pradesh - 2026,15-Jan 4am,12806.75,
Uttar Pradesh - 2026,15-Jan 5am,14262.4,
Uttar Pradesh - 2026,15-Jan 6am,17000.68,
Uttar Pradesh - 2026,15-Jan 7am,14588.41,
Uttar Pradesh - 2026,15-Jan 8am,15752.41,
Uttar Pradesh - 2026,15-Jan 9am,18819.43,
Uttar Pradesh - 2026,15-Jan 10am,21216.31,
Uttar Pradesh - 2026,15-Jan 11am,22059.38,
Uttar Pradesh - 2026,15-Jan 12pm,20445.53,
Uttar Pradesh - 2026,15-Jan 1pm,18005.04,
Uttar Pradesh - 2026,15-Jan 2pm,16574.46,
Uttar Pradesh - 2026,15-Jan 3pm,15264.36,
Uttar Pradesh - 2026,15-Jan 4pm,13525.06,
Uttar Pradesh - 2026,15-Jan 5pm,13532.17,
Uttar Pradesh - 2026,15-Jan 6pm,21377.13,
Uttar Pradesh - 2026,15-Jan 7pm,21894.02,
Uttar Pradesh - 2026,15-Jan 8pm,22752.38,
Uttar Pradesh - 2026,15-Jan 9pm,21183.33,
Uttar Pradesh - 2026,15-Jan 10pm,18999.09,
Uttar Pradesh - 2026,15-Jan 11pm,16650.05,
Uttar Pradesh - 2026,16-Jan 12am,14867.66,
Uttar Pradesh - 2026,16-Jan 1am,13734.15,
Uttar Pradesh - 2026,16-Jan 2am,13129.39,
Uttar Pradesh - 2026,16-Jan 3am,12866.16,
Uttar Pradesh - 2026,16-Jan 4am,13169.35,
Uttar Pradesh - 2026,16-Jan 5am,14482.08,
Uttar Pradesh - 2026,16-Jan 6am,17109.67,
Uttar Pradesh - 2026,16-Jan 7am,16360.41,
Uttar Pradesh - 2026,16-Jan 8am,16994.18,
Uttar Pradesh - 2026,16-Jan 9am,19166.31,
Uttar Pradesh - 2026,16-Jan 10am,21615.5,
Uttar Pradesh - 2026,16-Jan 11am,21118.75,
Uttar Pradesh - 2026,16-Jan 12pm,19555.98,
Uttar Pradesh - 2026,16-Jan 1pm,17656.51,
Uttar Pradesh - 2026,16-Jan 2pm,16043.65,
Uttar Pradesh - 2026,16-Jan 3pm,15214.28,
Uttar Pradesh - 2026,16-Jan 4pm,14559.29,
Uttar Pradesh - 2026,16-Jan 5pm,17304.19,
Uttar Pradesh - 2026,16-Jan 6pm,20886.75,
Uttar Pradesh - 2026,16-Jan 7pm,21498.88,
Uttar Pradesh - 2026,16-Jan 8pm,23039.11,
Uttar Pradesh - 2026,16-Jan 9pm,21524.59,
Uttar Pradesh - 2026,16-Jan 10pm,19494.04,
Uttar Pradesh - 2026,16-Jan 11pm,17101.27,
Uttar Pradesh - 2026,17-Jan 12am,15294.85,
Uttar Pradesh - 2026,17-Jan 1am,14205.88,
Uttar Pradesh - 2026,17-Jan 2am,13463.8,
Uttar Pradesh - 2026,17-Jan 3am,13210.54,
Uttar Pradesh - 2026,17-Jan 4am,13421.41,
Uttar Pradesh - 2026,17-Jan 5am,14675.18,
Uttar Pradesh - 2026,17-Jan 6am,17203.84,
Uttar Pradesh - 2026,17-Jan 7am,15674.21,
Uttar Pradesh - 2026,17-Jan 8am,16126.35,
Uttar Pradesh - 2026,17-Jan 9am,18166.26,
Uttar Pradesh - 2026,17-Jan 10am,20835.08,
Uttar Pradesh - 2026,17-Jan 11am,21145.73,
Uttar Pradesh - 2026,17-Jan 12pm,19840.95,
Uttar Pradesh - 2026,17-Jan 1pm,17984.99,
Uttar Pradesh - 2026,17-Jan 2pm,15979.22,
Uttar Pradesh - 2026,17-Jan 3pm,14353.46,
Uttar Pradesh - 2026,17-Jan 4pm,14115.87,
Uttar Pradesh - 2026,17-Jan 5pm,14156.67,
Uttar Pradesh - 2026,17-Jan 6pm,20978.58,
Uttar Pradesh - 2026,17-Jan 7pm,22180.16,
Uttar Pradesh - 2026,17-Jan 8pm,22601.93,
Uttar Pradesh - 2026,17-Jan 9pm,21099.48,
Uttar Pradesh - 2026,17-Jan 10pm,18988.43,
Uttar Pradesh - 2026,17-Jan 11pm,16675.34,
Uttar Pradesh - 2026,18-Jan 12am,14923.33,
Uttar Pradesh - 2026,18-Jan 1am,13777.18,
Uttar Pradesh - 2026,18-Jan 2am,13309.99,
Uttar Pradesh - 2026,18-Jan 3am,12980.94,
Uttar Pradesh - 2026,18-Jan 4am,13215.22,
Uttar Pradesh - 2026,18-Jan 5am,14533.08,
Uttar Pradesh - 2026,18-Jan 6am,16982.47,
Uttar Pradesh - 2026,18-Jan 7am,15931.61,
Uttar Pradesh - 2026,18-Jan 8am,16513.61,
Uttar Pradesh - 2026,18-Jan 9am,18679.64,
Uttar Pradesh - 2026,18-Jan 10am,20727.35,
Uttar Pradesh - 2026,18-Jan 11am,20561.89,
Uttar Pradesh - 2026,18-Jan 12pm,18376.59,
Uttar Pradesh - 2026,18-Jan 1pm,17967.27,
Uttar Pradesh - 2026,18-Jan 2pm,15424.15,
Uttar Pradesh - 2026,18-Jan 3pm,13774.41,
Uttar Pradesh - 2026,18-Jan 4pm,13265.33,
Uttar Pradesh - 2026,18-Jan 5pm,13823.3,
Uttar Pradesh - 2026,18-Jan 6pm,19970.03,
Uttar Pradesh - 2026,18-Jan 7pm,22279.41,
Uttar Pradesh - 2026,18-Jan 8pm,21532.31,
Uttar Pradesh - 2026,18-Jan 9pm,20292.03,
Uttar Pradesh - 2026,18-Jan 10pm,17864.44,
Uttar Pradesh - 2026,18-Jan 11pm,15670.27,
Uttar Pradesh - 2026,19-Jan 12am,14006.79,
Uttar Pradesh - 2026,19-Jan 1am,12998.02,
Uttar Pradesh - 2026,19-Jan 2am,12484.56,
Uttar Pradesh - 2026,19-Jan 3am,12333.5,
Uttar Pradesh - 2026,19-Jan 4am,12455.55,
Uttar Pradesh - 2026,19-Jan 5am,13955.31,
Uttar Pradesh - 2026,19-Jan 6am,16903.04,
Uttar Pradesh - 2026,19-Jan 7am,16074.86,
Uttar Pradesh - 2026,19-Jan 8am,17139.88,
Uttar Pradesh - 2026,19-Jan 9am,18084.77,
Uttar Pradesh - 2026,19-Jan 10am,20240.45,
Uttar Pradesh - 2026,19-Jan 11am,20606.28,
Uttar Pradesh - 2026,19-Jan 12pm,19122.32,
Uttar Pradesh - 2026,19-Jan 1pm,16801.58,
Uttar Pradesh - 2026,19-Jan 2pm,14914.52,
Uttar Pradesh - 2026,19-Jan 3pm,14308.71,
Uttar Pradesh - 2026,19-Jan 4pm,13445.68,
Uttar Pradesh - 2026,19-Jan 5pm,14869.91,
Uttar Pradesh - 2026,19-Jan 6pm,20229.59,
Uttar Pradesh - 2026,19-Jan 7pm,21704.45,
Uttar Pradesh - 2026,19-Jan 8pm,21474.43,
Uttar Pradesh - 2026,19-Jan 9pm,19869.66,
Uttar Pradesh - 2026,19-Jan 10pm,17811.02,
Uttar Pradesh - 2026,19-Jan 11pm,15694.32,
Uttar Pradesh - 2026,20-Jan 12am,14156.07,
Uttar Pradesh - 2026,20-Jan 1am,13178.04,
Uttar Pradesh - 2026,20-Jan 2am,12738.2,
Uttar Pradesh - 2026,20-Jan 3am,12525.24,
Uttar Pradesh - 2026,20-Jan 4am,12725.91,
Uttar Pradesh - 2026,20-Jan 5am,14117.13,
Uttar Pradesh - 2026,20-Jan 6am,17103.6,
Uttar Pradesh - 2026,20-Jan 7am,15373.9,
Uttar Pradesh - 2026,20-Jan 8am,16647.16,
Uttar Pradesh - 2026,20-Jan 9am,17279.23,
Uttar Pradesh - 2026,20-Jan 10am,20306.94,
Uttar Pradesh - 2026,20-Jan 11am,20925.78,
Uttar Pradesh - 2026,20-Jan 12pm,18916.03,
Uttar Pradesh - 2026,20-Jan 1pm,16669.88,
Uttar Pradesh - 2026,20-Jan 2pm,15086.13,
Uttar Pradesh - 2026,20-Jan 3pm,13832.18,
Uttar Pradesh - 2026,20-Jan 4pm,12918.09,
Uttar Pradesh - 2026,20-Jan 5pm,14987.99,
Uttar Pradesh - 2026,20-Jan 6pm,19170.09,
Uttar Pradesh - 2026,20-Jan 7pm,21003.14,
Uttar Pradesh - 2026,20-Jan 8pm,21200.04,
Uttar Pradesh - 2026,20-Jan 9pm,19614.59,
Uttar Pradesh - 2026,20-Jan 10pm,17503.2,
Uttar Pradesh - 2026,20-Jan 11pm,15370.58,
Uttar Pradesh - 2026,21-Jan 12am,13922.19,
Uttar Pradesh - 2026,21-Jan 1am,13126.16,
Uttar Pradesh - 2026,21-Jan 2am,12531.04,
Uttar Pradesh - 2026,21-Jan 3am,12316.73,
Uttar Pradesh - 2026,21-Jan 4am,12477.04,
Uttar Pradesh - 2026,21-Jan 5am,13842.56,
Uttar Pradesh - 2026,21-Jan 6am,16661.07,
Uttar Pradesh - 2026,21-Jan 7am,14745.89,
Uttar Pradesh - 2026,21-Jan 8am,15975.79,
Uttar Pradesh - 2026,21-Jan 9am,17762.96,
Uttar Pradesh - 2026,21-Jan 10am,20079.76,
Uttar Pradesh - 2026,21-Jan 11am,19539.18,
Uttar Pradesh - 2026,21-Jan 12pm,18902.9,
Uttar Pradesh - 2026,21-Jan 1pm,16646.36,
Uttar Pradesh - 2026,21-Jan 2pm,14871.38,
Uttar Pradesh - 2026,21-Jan 3pm,13687.45,
Uttar Pradesh - 2026,21-Jan 4pm,13236.1,
Uttar Pradesh - 2026,21-Jan 5pm,14615.79,
Uttar Pradesh - 2026,21-Jan 6pm,19167.49,
Uttar Pradesh - 2026,21-Jan 7pm,19885.87,
Uttar Pradesh - 2026,21-Jan 8pm,21171.67,
Uttar Pradesh - 2026,21-Jan 9pm,19712.55,
Uttar Pradesh - 2026,21-Jan 10pm,17629.56,
Uttar Pradesh - 2026,21-Jan 11pm,15500.12,
Uttar Pradesh - 2026,22-Jan 12am,13924.48,
Uttar Pradesh - 2026,22-Jan 1am,12981.44,
Uttar Pradesh - 2026,22-Jan 2am,12462.32,
Uttar Pradesh - 2026,22-Jan 3am,12180.9,
Uttar Pradesh - 2026,22-Jan 4am,12556.93,
Uttar Pradesh - 2026,22-Jan 5am,13917.01,
Uttar Pradesh - 2026,22-Jan 6am,16651.13,
Uttar Pradesh - 2026,22-Jan 7am,15612.28,
Uttar Pradesh - 2026,22-Jan 8am,17142.58,
Uttar Pradesh - 2026,22-Jan 9am,19163.11,
Uttar Pradesh - 2026,22-Jan 10am,20787.46,
Uttar Pradesh - 2026,22-Jan 11am,19151.56,
Uttar Pradesh - 2026,22-Jan 12pm,16981.13,
Uttar Pradesh - 2026,22-Jan 1pm,15212.09,
Uttar Pradesh - 2026,22-Jan 2pm,14055.9,
Uttar Pradesh - 2026,22-Jan 3pm,12410.32,
Uttar Pradesh - 2026,22-Jan 4pm,12517.79,
Uttar Pradesh - 2026,22-Jan 5pm,14269.85,
Uttar Pradesh - 2026,22-Jan 6pm,19990.92,
Uttar Pradesh - 2026,22-Jan 7pm,21028.17,
Uttar Pradesh - 2026,22-Jan 8pm,20967.84,
Uttar Pradesh - 2026,22-Jan 9pm,19413.98,
Uttar Pradesh - 2026,22-Jan 10pm,17246.55,
Uttar Pradesh - 2026,22-Jan 11pm,15247.79,
Uttar Pradesh - 2026,23-Jan 12am,13965,
Uttar Pradesh - 2026,23-Jan 1am,12915.47,
Uttar Pradesh - 2026,23-Jan 2am,12476.41,
Uttar Pradesh - 2026,23-Jan 3am,12216.6,
Uttar Pradesh - 2026,23-Jan 4am,12306.32,
Uttar Pradesh - 2026,23-Jan 5am,13739.8,
Uttar Pradesh - 2026,23-Jan 6am,16506.06,
Uttar Pradesh - 2026,23-Jan 7am,13945.29,
Uttar Pradesh - 2026,23-Jan 8am,16070.75,
Uttar Pradesh - 2026,23-Jan 9am,17389.78,
Uttar Pradesh - 2026,23-Jan 10am,18489.5,
Uttar Pradesh - 2026,23-Jan 11am,17469.65,
Uttar Pradesh - 2026,23-Jan 12pm,15539.81,
Uttar Pradesh - 2026,23-Jan 1pm,14791.25,
Uttar Pradesh - 2026,23-Jan 2pm,12876.34,
Uttar Pradesh - 2026,23-Jan 3pm,11694.39,
Uttar Pradesh - 2026,23-Jan 4pm,11801.46,
Uttar Pradesh - 2026,23-Jan 5pm,13468.92,
Uttar Pradesh - 2026,23-Jan 6pm,17755.62,
Uttar Pradesh - 2026,23-Jan 7pm,19448.52,
Uttar Pradesh - 2026,23-Jan 8pm,19284.64,
Uttar Pradesh - 2026,23-Jan 9pm,17689.16,
Uttar Pradesh - 2026,23-Jan 10pm,16044.64,
Uttar Pradesh - 2026,23-Jan 11pm,14170.26,
Uttar Pradesh - 2026,24-Jan 12am,12862.93,
Uttar Pradesh - 2026,24-Jan 1am,11702.61,
Uttar Pradesh - 2026,24-Jan 2am,11498.63,
Uttar Pradesh - 2026,24-Jan 3am,11332.84,
Uttar Pradesh - 2026,24-Jan 4am,11486.05,
Uttar Pradesh - 2026,24-Jan 5am,12331.17,
Uttar Pradesh - 2026,24-Jan 6am,14974.93,
Uttar Pradesh - 2026,24-Jan 7am,13331.11,
Uttar Pradesh - 2026,24-Jan 8am,13849.2,
Uttar Pradesh - 2026,24-Jan 9am,16207.82,
Uttar Pradesh - 2026,24-Jan 10am,17699.52,
Uttar Pradesh - 2026,24-Jan 11am,17555.09,
Uttar Pradesh - 2026,24-Jan 12pm,16716.06,
Uttar Pradesh - 2026,24-Jan 1pm,14714.44,
Uttar Pradesh - 2026,24-Jan 2pm,14022.09,
Uttar Pradesh - 2026,24-Jan 3pm,13085.28,
Uttar Pradesh - 2026,24-Jan 4pm,11669.15,
Uttar Pradesh - 2026,24-Jan 5pm,13824.04,
Uttar Pradesh - 2026,24-Jan 6pm,17377.22,
Uttar Pradesh - 2026,24-Jan 7pm,19420.28,
Uttar Pradesh - 2026,24-Jan 8pm,20551.39,
Uttar Pradesh - 2026,24-Jan 9pm,19247.38,
Uttar Pradesh - 2026,24-Jan 10pm,17243.36,
Uttar Pradesh - 2026,24-Jan 11pm,15151.8,
Uttar Pradesh - 2026,25-Jan 12am,13691.28,
Uttar Pradesh - 2026,25-Jan 1am,12715.27,
Uttar Pradesh - 2026,25-Jan 2am,12111.79,
Uttar Pradesh - 2026,25-Jan 3am,11913.4,
Uttar Pradesh - 2026,25-Jan 4am,12093.75,
Uttar Pradesh - 2026,25-Jan 5am,13356.75,
Uttar Pradesh - 2026,25-Jan 6am,15919.62,
Uttar Pradesh - 2026,25-Jan 7am,13111.06,
Uttar Pradesh - 2026,25-Jan 8am,12540.63,
Uttar Pradesh - 2026,25-Jan 9am,15462.43,
Uttar Pradesh - 2026,25-Jan 10am,18397.38,
Uttar Pradesh - 2026,25-Jan 11am,20816.07,
Uttar Pradesh - 2026,25-Jan 12pm,18756.25,
Uttar Pradesh - 2026,25-Jan 1pm,15163.95,
Uttar Pradesh - 2026,25-Jan 2pm,13480.34,
Uttar Pradesh - 2026,25-Jan 3pm,13106.65,
Uttar Pradesh - 2026,25-Jan 4pm,12326.69,
Uttar Pradesh - 2026,25-Jan 5pm,13173.86,
Uttar Pradesh - 2026,25-Jan 6pm,17953.8,
Uttar Pradesh - 2026,25-Jan 7pm,19562.63,
Uttar Pradesh - 2026,25-Jan 8pm,20065.16,
Uttar Pradesh - 2026,25-Jan 9pm,19119.46,
Uttar Pradesh - 2026,25-Jan 10pm,16461.4,
Uttar Pradesh - 2026,25-Jan 11pm,14501.19,
Uttar Pradesh - 2026,26-Jan 12am,13209.31,
Uttar Pradesh - 2026,26-Jan 1am,12258.4,
Uttar Pradesh - 2026,26-Jan 2am,11777.28,
Uttar Pradesh - 2026,26-Jan 3am,11701.25,
Uttar Pradesh - 2026,26-Jan 4am,11832.1,
Uttar Pradesh - 2026,26-Jan 5am,13279.36,
Uttar Pradesh - 2026,26-Jan 6am,16306.22,
Uttar Pradesh - 2026,26-Jan 7am,18508.15,
Uttar Pradesh - 2026,26-Jan 8am,19852.05,
Uttar Pradesh - 2026,26-Jan 9am,20261.11,
Uttar Pradesh - 2026,26-Jan 10am,19671.29,
Uttar Pradesh - 2026,26-Jan 11am,18549.6,
Uttar Pradesh - 2026,26-Jan 12pm,17199.75,
Uttar Pradesh - 2026,26-Jan 1pm,15562.91,
Uttar Pradesh - 2026,26-Jan 2pm,14347.38,
Uttar Pradesh - 2026,26-Jan 3pm,13856.7,
Uttar Pradesh - 2026,26-Jan 4pm,13582.87,
Uttar Pradesh - 2026,26-Jan 5pm,14106.19,
Uttar Pradesh - 2026,26-Jan 6pm,17296.46,
Uttar Pradesh - 2026,26-Jan 7pm,19287.96,
Uttar Pradesh - 2026,26-Jan 8pm,19052.57,
Uttar Pradesh - 2026,26-Jan 9pm,17878.31,
Uttar Pradesh - 2026,26-Jan 10pm,15877.64,
Uttar Pradesh - 2026,26-Jan 11pm,13759.36,
Uttar Pradesh - 2026,27-Jan 12am,12398.7,
Uttar Pradesh - 2026,27-Jan 1am,11523.69,
Uttar Pradesh - 2026,27-Jan 2am,11079.79,
Uttar Pradesh - 2026,27-Jan 3am,11036.13,
Uttar Pradesh - 2026,27-Jan 4am,11269.28,
Uttar Pradesh - 2026,27-Jan 5am,12670.62,
Uttar Pradesh - 2026,27-Jan 6am,15476.76,
Uttar Pradesh - 2026,27-Jan 7am,13773.55,
Uttar Pradesh - 2026,27-Jan 8am,13105.52,
Uttar Pradesh - 2026,27-Jan 9am,14902.51,
Uttar Pradesh - 2026,27-Jan 10am,17629.69,
Uttar Pradesh - 2026,27-Jan 11am,19766.43,
Uttar Pradesh - 2026,27-Jan 12pm,16947.84,
Uttar Pradesh - 2026,27-Jan 1pm,13948.56,
Uttar Pradesh - 2026,27-Jan 2pm,13047.34,
Uttar Pradesh - 2026,27-Jan 3pm,12541.83,
Uttar Pradesh - 2026,27-Jan 4pm,12268.66,
Uttar Pradesh - 2026,27-Jan 5pm,14216.77,
Uttar Pradesh - 2026,27-Jan 6pm,17978.56,
Uttar Pradesh - 2026,27-Jan 7pm,18920.87,
Uttar Pradesh - 2026,27-Jan 8pm,18130.04,
Uttar Pradesh - 2026,27-Jan 9pm,16799.01,
Uttar Pradesh - 2026,27-Jan 10pm,14626.8,
Uttar Pradesh - 2026,27-Jan 11pm,12870.87,
Uttar Pradesh - 2026,28-Jan 12am,11775.54,
Uttar Pradesh - 2026,28-Jan 1am,10867.07,
Uttar Pradesh - 2026,28-Jan 2am,10385.27,
Uttar Pradesh - 2026,28-Jan 3am,10172.4,
Uttar Pradesh - 2026,28-Jan 4am,10212.45,
Uttar Pradesh - 2026,28-Jan 5am,11174.87,
Uttar Pradesh - 2026,28-Jan 6am,13532.66,
Uttar Pradesh - 2026,28-Jan 7am,12251.44,
Uttar Pradesh - 2026,28-Jan 8am,13029.58,
Uttar Pradesh - 2026,28-Jan 9am,15243.14,
Uttar Pradesh - 2026,28-Jan 10am,17152.85,
Uttar Pradesh - 2026,28-Jan 11am,17080.56,
Uttar Pradesh - 2026,28-Jan 12pm,15647.47,
Uttar Pradesh - 2026,28-Jan 1pm,13915.15,
Uttar Pradesh - 2026,28-Jan 2pm,13254.6,
Uttar Pradesh - 2026,28-Jan 3pm,12627.04,
Uttar Pradesh - 2026,28-Jan 4pm,12812.12,
Uttar Pradesh - 2026,28-Jan 5pm,14636.86,
Uttar Pradesh - 2026,28-Jan 6pm,17375.88,
Uttar Pradesh - 2026,28-Jan 7pm,18485.48,
Uttar Pradesh - 2026,28-Jan 8pm,20249.26,
Uttar Pradesh - 2026,28-Jan 9pm,18837.16,
Uttar Pradesh - 2026,28-Jan 10pm,16933.45,
Uttar Pradesh - 2026,28-Jan 11pm,14832.28,
Uttar Pradesh - 2026,29-Jan 12am,13580.59,
Uttar Pradesh - 2026,29-Jan 1am,12548.19,
Uttar Pradesh - 2026,29-Jan 2am,11990.98,
Uttar Pradesh - 2026,29-Jan 3am,11619.86,
Uttar Pradesh - 2026,29-Jan 4am,11870.5,
Uttar Pradesh - 2026,29-Jan 5am,13063.5,
Uttar Pradesh - 2026,29-Jan 6am,15752.76,
Uttar Pradesh - 2026,29-Jan 7am,12575.42,
Uttar Pradesh - 2026,29-Jan 8am,12626.19,
Uttar Pradesh - 2026,29-Jan 9am,15334.38,
Uttar Pradesh - 2026,29-Jan 10am,18426.24,
Uttar Pradesh - 2026,29-Jan 11am,18313.13,
Uttar Pradesh - 2026,29-Jan 12pm,16183.55,
Uttar Pradesh - 2026,29-Jan 1pm,14225.5,
Uttar Pradesh - 2026,29-Jan 2pm,12547.11,
Uttar Pradesh - 2026,29-Jan 3pm,11923.12,
Uttar Pradesh - 2026,29-Jan 4pm,11980.69,
Uttar Pradesh - 2026,29-Jan 5pm,14538.96,
Uttar Pradesh - 2026,29-Jan 6pm,17837.88,
Uttar Pradesh - 2026,29-Jan 7pm,17784.96,
Uttar Pradesh - 2026,29-Jan 8pm,19351.75,
Uttar Pradesh - 2026,29-Jan 9pm,19274.07,
Uttar Pradesh - 2026,29-Jan 10pm,17111.13,
Uttar Pradesh - 2026,29-Jan 11pm,15078.33,
Uttar Pradesh - 2026,30-Jan 12am,13677.05,
Uttar Pradesh - 2026,30-Jan 1am,12777.34,
Uttar Pradesh - 2026,30-Jan 2am,12334.23,
Uttar Pradesh - 2026,30-Jan 3am,11872.37,
Uttar Pradesh - 2026,30-Jan 4am,11999.91,
Uttar Pradesh - 2026,30-Jan 5am,13309.53,
Uttar Pradesh - 2026,30-Jan 6am,16172.75,
Uttar Pradesh - 2026,30-Jan 7am,13900.6,
Uttar Pradesh - 2026,30-Jan 8am,13844.07,
Uttar Pradesh - 2026,30-Jan 9am,17093.63,
Uttar Pradesh - 2026,30-Jan 10am,18919.58,
Uttar Pradesh - 2026,30-Jan 11am,19113.94,
Uttar Pradesh - 2026,30-Jan 12pm,17501.47,
Uttar Pradesh - 2026,30-Jan 1pm,15596.47,
Uttar Pradesh - 2026,30-Jan 2pm,14393.61,
Uttar Pradesh - 2026,30-Jan 3pm,12540.6,
Uttar Pradesh - 2026,30-Jan 4pm,12093.54,
Uttar Pradesh - 2026,30-Jan 5pm,13828.22,
Uttar Pradesh - 2026,30-Jan 6pm,17146.2,
Uttar Pradesh - 2026,30-Jan 7pm,19800.54,
Uttar Pradesh - 2026,30-Jan 8pm,20470.8,
Uttar Pradesh - 2026,30-Jan 9pm,19082.51,
Uttar Pradesh - 2026,30-Jan 10pm,17122.04,
Uttar Pradesh - 2026,30-Jan 11pm,15076.81,
Uttar Pradesh - 2026,31-Jan 12am,13575.75,
Uttar Pradesh - 2026,31-Jan 1am,12646.69,
Uttar Pradesh - 2026,31-Jan 2am,12051.01,
Uttar Pradesh - 2026,31-Jan 3am,11750.96,
Uttar Pradesh - 2026,31-Jan 4am,11831.48,
Uttar Pradesh - 2026,31-Jan 5am,11833.37,
Uttar Pradesh - 2026,31-Jan 6am,15743.35,
Uttar Pradesh - 2026,31-Jan 7am,13515.33,
Uttar Pradesh - 2026,31-Jan 8am,14355.62,
Uttar Pradesh - 2026,31-Jan 9am,16446.74,
Uttar Pradesh - 2026,31-Jan 10am,19580.7,
Uttar Pradesh - 2026,31-Jan 11am,18843.72,
Uttar Pradesh - 2026,31-Jan 12pm,16611.58,
Uttar Pradesh - 2026,31-Jan 1pm,15237.81,
Uttar Pradesh - 2026,31-Jan 2pm,13803.84,
Uttar Pradesh - 2026,31-Jan 3pm,12278.26,
Uttar Pradesh - 2026,31-Jan 4pm,12037.23,
Uttar Pradesh - 2026,31-Jan 5pm,14219.79,
Uttar Pradesh - 2026,31-Jan 6pm,17884.16,
Uttar Pradesh - 2026,31-Jan 7pm,19123.75,
Uttar Pradesh - 2026,31-Jan 8pm,21039.99,
Uttar Pradesh - 2026,31-Jan 9pm,19733.89,
Uttar Pradesh - 2026,31-Jan 10pm,17592.01,
Uttar Pradesh - 2026,31-Jan 11pm,15461.87,
Uttar Pradesh - 2026,01-Feb 12am,13648.8,
Uttar Pradesh - 2026,01-Feb 1am,12387.22,
Uttar Pradesh - 2026,01-Feb 2am,11503.91,
Uttar Pradesh - 2026,01-Feb 3am,11246.16,
Uttar Pradesh - 2026,01-Feb 4am,11101.4,
Uttar Pradesh - 2026,01-Feb 5am,11803.71,
Uttar Pradesh - 2026,01-Feb 6am,13987.05,
Uttar Pradesh - 2026,01-Feb 7am,13171.69,
Uttar Pradesh - 2026,01-Feb 8am,14014.97,
Uttar Pradesh - 2026,01-Feb 9am,14930.87,
Uttar Pradesh - 2026,01-Feb 10am,16861.98,
Uttar Pradesh - 2026,01-Feb 11am,16745.94,
Uttar Pradesh - 2026,01-Feb 12pm,15902.85,
Uttar Pradesh - 2026,01-Feb 1pm,14560.33,
Uttar Pradesh - 2026,01-Feb 2pm,13570.08,
Uttar Pradesh - 2026,01-Feb 3pm,12443.19,
Uttar Pradesh - 2026,01-Feb 4pm,11913.58,
Uttar Pradesh - 2026,01-Feb 5pm,12106.23,
Uttar Pradesh - 2026,01-Feb 6pm,17338.12,
Uttar Pradesh - 2026,01-Feb 7pm,19529.48,
Uttar Pradesh - 2026,01-Feb 8pm,18633.55,
Uttar Pradesh - 2026,01-Feb 9pm,17355.17,
Uttar Pradesh - 2026,01-Feb 10pm,15606.36,
Uttar Pradesh - 2026,01-Feb 11pm,13796.89,
Uttar Pradesh - 2026,02-Feb 12am,12453.57,
Uttar Pradesh - 2026,02-Feb 1am,11665.81,
Uttar Pradesh - 2026,02-Feb 2am,11216.51,
Uttar Pradesh - 2026,02-Feb 3am,11070.87,
Uttar Pradesh - 2026,02-Feb 4am,11324.69,
Uttar Pradesh - 2026,02-Feb 5am,12582.44,
Uttar Pradesh - 2026,02-Feb 6am,15145.81,
Uttar Pradesh - 2026,02-Feb 7am,14838.82,
Uttar Pradesh - 2026,02-Feb 8am,14483.9,
Uttar Pradesh - 2026,02-Feb 9am,14824.49,
Uttar Pradesh - 2026,02-Feb 10am,17012.08,
Uttar Pradesh - 2026,02-Feb 11am,16805.03,
Uttar Pradesh - 2026,02-Feb 12pm,15454.12,
Uttar Pradesh - 2026,02-Feb 1pm,13479.63,
Uttar Pradesh - 2026,02-Feb 2pm,13125.79,
Uttar Pradesh - 2026,02-Feb 3pm,12661.84,
Uttar Pradesh - 2026,02-Feb 4pm,13405.5,
Uttar Pradesh - 2026,02-Feb 5pm,15050.45,
Uttar Pradesh - 2026,02-Feb 6pm,17758.44,
Uttar Pradesh - 2026,02-Feb 7pm,20390.58,
Uttar Pradesh - 2026,02-Feb 8pm,19647.57,
Uttar Pradesh - 2026,02-Feb 9pm,18455.81,
Uttar Pradesh - 2026,02-Feb 10pm,16631.68,
Uttar Pradesh - 2026,02-Feb 11pm,14527.79,
Uttar Pradesh - 2026,03-Feb 12am,13215.01,
Uttar Pradesh - 2026,03-Feb 1am,12403.47,
Uttar Pradesh - 2026,03-Feb 2am,11914.02,
Uttar Pradesh - 2026,03-Feb 3am,11568.54,
Uttar Pradesh - 2026,03-Feb 4am,11755.23,
Uttar Pradesh - 2026,03-Feb 5am,13149.19,
Uttar Pradesh - 2026,03-Feb 6am,15722.56,
Uttar Pradesh - 2026,03-Feb 7am,14921.75,
Uttar Pradesh - 2026,03-Feb 8am,14582.75,
Uttar Pradesh - 2026,03-Feb 9am,15350.21,
Uttar Pradesh - 2026,03-Feb 10am,16519.85,
Uttar Pradesh - 2026,03-Feb 11am,15944.26,
Uttar Pradesh - 2026,03-Feb 12pm,15238.09,
Uttar Pradesh - 2026,03-Feb 1pm,14264.84,
Uttar Pradesh - 2026,03-Feb 2pm,13918.88,
Uttar Pradesh - 2026,03-Feb 3pm,12790.51,
Uttar Pradesh - 2026,03-Feb 4pm,12587.81,
Uttar Pradesh - 2026,03-Feb 5pm,13998.39,
Uttar Pradesh - 2026,03-Feb 6pm,18215.42,
Uttar Pradesh - 2026,03-Feb 7pm,20108.88,
Uttar Pradesh - 2026,03-Feb 8pm,19531.39,
Uttar Pradesh - 2026,03-Feb 9pm,18362.72,
Uttar Pradesh - 2026,03-Feb 10pm,16458.2,
Uttar Pradesh - 2026,03-Feb 11pm,14511.95,
Uttar Pradesh - 2026,04-Feb 12am,13105.76,
Uttar Pradesh - 2026,04-Feb 1am,12235.08,
Uttar Pradesh - 2026,04-Feb 2am,11781.27,
Uttar Pradesh - 2026,04-Feb 3am,11570.3,
Uttar Pradesh - 2026,04-Feb 4am,11830.17,
Uttar Pradesh - 2026,04-Feb 5am,13183.64,
Uttar Pradesh - 2026,04-Feb 6am,15491.81,
Uttar Pradesh - 2026,04-Feb 7am,14658.26,
Uttar Pradesh - 2026,04-Feb 8am,13850.89,
Uttar Pradesh - 2026,04-Feb 9am,15065.1,
Uttar Pradesh - 2026,04-Feb 10am,16761.81,
Uttar Pradesh - 2026,04-Feb 11am,16970.86,
Uttar Pradesh - 2026,04-Feb 12pm,15163.53,
Uttar Pradesh - 2026,04-Feb 1pm,14522.68,
Uttar Pradesh - 2026,04-Feb 2pm,13494.54,
Uttar Pradesh - 2026,04-Feb 3pm,11227.62,
Uttar Pradesh - 2026,04-Feb 4pm,10393.89,
Uttar Pradesh - 2026,04-Feb 5pm,11739.66,
Uttar Pradesh - 2026,04-Feb 6pm,17488.83,
Uttar Pradesh - 2026,04-Feb 7pm,19708.55,
Uttar Pradesh - 2026,04-Feb 8pm,19416.69,
Uttar Pradesh - 2026,04-Feb 9pm,18069.16,
Uttar Pradesh - 2026,04-Feb 10pm,16203.51,
Uttar Pradesh - 2026,04-Feb 11pm,14296.11,
Uttar Pradesh - 2026,05-Feb 12am,13066.15,
Uttar Pradesh - 2026,05-Feb 1am,12195.08,
Uttar Pradesh - 2026,05-Feb 2am,11765.75,
Uttar Pradesh - 2026,05-Feb 3am,11439.46,
Uttar Pradesh - 2026,05-Feb 4am,11629.09,
Uttar Pradesh - 2026,05-Feb 5am,12893.7,
Uttar Pradesh - 2026,05-Feb 6am,15685.85,
Uttar Pradesh - 2026,05-Feb 7am,14786.59,
Uttar Pradesh - 2026,05-Feb 8am,13508.6,
Uttar Pradesh - 2026,05-Feb 9am,14948.58,
Uttar Pradesh - 2026,05-Feb 10am,16382.48,
Uttar Pradesh - 2026,05-Feb 11am,17203.24,
Uttar Pradesh - 2026,05-Feb 12pm,16070.75,
Uttar Pradesh - 2026,05-Feb 1pm,14254.73,
Uttar Pradesh - 2026,05-Feb 2pm,13154.92,
Uttar Pradesh - 2026,05-Feb 3pm,11531.03,
Uttar Pradesh - 2026,05-Feb 4pm,10297.38,
Uttar Pradesh - 2026,05-Feb 5pm,11517.48,
Uttar Pradesh - 2026,05-Feb 6pm,16712.57,
Uttar Pradesh - 2026,05-Feb 7pm,18566.7,
Uttar Pradesh - 2026,05-Feb 8pm,19406.79,
Uttar Pradesh - 2026,05-Feb 9pm,18129,
Uttar Pradesh - 2026,05-Feb 10pm,16284.65,
Uttar Pradesh - 2026,05-Feb 11pm,14569.66,
Uttar Pradesh - 2026,06-Feb 12am,13347.32,
Uttar Pradesh - 2026,06-Feb 1am,12568.2,
Uttar Pradesh - 2026,06-Feb 2am,11824.9,
Uttar Pradesh - 2026,06-Feb 3am,11560.8,
Uttar Pradesh - 2026,06-Feb 4am,11621.83,
Uttar Pradesh - 2026,06-Feb 5am,12917.52,
Uttar Pradesh - 2026,06-Feb 6am,15631.66,
Uttar Pradesh - 2026,06-Feb 7am,13627.82,
Uttar Pradesh - 2026,06-Feb 8am,12722.03,
Uttar Pradesh - 2026,06-Feb 9am,15555.2,
Uttar Pradesh - 2026,06-Feb 10am,20168.92,
Uttar Pradesh - 2026,06-Feb 11am,19986.53,
Uttar Pradesh - 2026,06-Feb 12pm,17854.49,
Uttar Pradesh - 2026,06-Feb 1pm,13763.05,
Uttar Pradesh - 2026,06-Feb 2pm,13110.3,
Uttar Pradesh - 2026,06-Feb 3pm,11212.28,
Uttar Pradesh - 2026,06-Feb 4pm,11205.43,
Uttar Pradesh - 2026,06-Feb 5pm,12570.07,
Uttar Pradesh - 2026,06-Feb 6pm,16835.92,
Uttar Pradesh - 2026,06-Feb 7pm,18707.42,
Uttar Pradesh - 2026,06-Feb 8pm,19238.98,
Uttar Pradesh - 2026,06-Feb 9pm,17821.31,
Uttar Pradesh - 2026,06-Feb 10pm,16008.07,
Uttar Pradesh - 2026,06-Feb 11pm,14171.93,
Uttar Pradesh - 2026,07-Feb 12am,12950.22,
Uttar Pradesh - 2026,07-Feb 1am,12137.25,
Uttar Pradesh - 2026,07-Feb 2am,11732.93,
Uttar Pradesh - 2026,07-Feb 3am,11264.11,
Uttar Pradesh - 2026,07-Feb 4am,11457.88,
Uttar Pradesh - 2026,07-Feb 5am,12706.75,
Uttar Pradesh - 2026,07-Feb 6am,15381.2,
Uttar Pradesh - 2026,07-Feb 7am,13293.76,
Uttar Pradesh - 2026,07-Feb 8am,13794.54,
Uttar Pradesh - 2026,07-Feb 9am,17020.81,
Uttar Pradesh - 2026,07-Feb 10am,18250.23,
Uttar Pradesh - 2026,07-Feb 11am,16750.12,
Uttar Pradesh - 2026,07-Feb 12pm,15270.36,
Uttar Pradesh - 2026,07-Feb 1pm,13341.89,
Uttar Pradesh - 2026,07-Feb 2pm,12337.25,
Uttar Pradesh - 2026,07-Feb 3pm,11414.2,
Uttar Pradesh - 2026,07-Feb 4pm,11949.83,
Uttar Pradesh - 2026,07-Feb 5pm,12607.41,
Uttar Pradesh - 2026,07-Feb 6pm,17305.39,
Uttar Pradesh - 2026,07-Feb 7pm,18124.04,
Uttar Pradesh - 2026,07-Feb 8pm,19349.58,
Uttar Pradesh - 2026,07-Feb 9pm,18120.99,
Uttar Pradesh - 2026,07-Feb 10pm,16137.66,
Uttar Pradesh - 2026,07-Feb 11pm,14224.64,
Uttar Pradesh - 2026,08-Feb 12am,13186.99,
Uttar Pradesh - 2026,08-Feb 1am,12333.63,
Uttar Pradesh - 2026,08-Feb 2am,11776.02,
Uttar Pradesh - 2026,08-Feb 3am,11459.04,
Uttar Pradesh - 2026,08-Feb 4am,11678.24,
Uttar Pradesh - 2026,08-Feb 5am,12751.67,
Uttar Pradesh - 2026,08-Feb 6am,15137.6,
Uttar Pradesh - 2026,08-Feb 7am,14060.45,
Uttar Pradesh - 2026,08-Feb 8am,13490.93,
Uttar Pradesh - 2026,08-Feb 9am,15313.27,
Uttar Pradesh - 2026,08-Feb 10am,16689.99,
Uttar Pradesh - 2026,08-Feb 11am,17029.98,
Uttar Pradesh - 2026,08-Feb 12pm,15389.84,
Uttar Pradesh - 2026,08-Feb 1pm,14655.48,
Uttar Pradesh - 2026,08-Feb 2pm,13669.6,
Uttar Pradesh - 2026,08-Feb 3pm,13343.42,
Uttar Pradesh - 2026,08-Feb 4pm,12696.9,
Uttar Pradesh - 2026,08-Feb 5pm,13138.87,
Uttar Pradesh - 2026,08-Feb 6pm,16342.52,
Uttar Pradesh - 2026,08-Feb 7pm,19092.26,
Uttar Pradesh - 2026,08-Feb 8pm,18355.4,
Uttar Pradesh - 2026,08-Feb 9pm,16900,
Uttar Pradesh - 2026,08-Feb 10pm,15147.03,
Uttar Pradesh - 2026,08-Feb 11pm,13578.17,
Uttar Pradesh - 2026,09-Feb 12am,12561.84,
Uttar Pradesh - 2026,09-Feb 1am,11809.95,
Uttar Pradesh - 2026,09-Feb 2am,11385.98,
Uttar Pradesh - 2026,09-Feb 3am,11257.02,
Uttar Pradesh - 2026,09-Feb 4am,11376.12,
Uttar Pradesh - 2026,09-Feb 5am,12730.23,
Uttar Pradesh - 2026,09-Feb 6am,15367.83,
Uttar Pradesh - 2026,09-Feb 7am,13374.65,
Uttar Pradesh - 2026,09-Feb 8am,13524.11,
Uttar Pradesh - 2026,09-Feb 9am,15647.25,
Uttar Pradesh - 2026,09-Feb 10am,18916.43,
Uttar Pradesh - 2026,09-Feb 11am,19079.75,
Uttar Pradesh - 2026,09-Feb 12pm,15645.66,
Uttar Pradesh - 2026,09-Feb 1pm,13245.6,
Uttar Pradesh - 2026,09-Feb 2pm,12601.21,
Uttar Pradesh - 2026,09-Feb 3pm,13523.98,
Uttar Pradesh - 2026,09-Feb 4pm,13969.07,
Uttar Pradesh - 2026,09-Feb 5pm,14657.84,
Uttar Pradesh - 2026,09-Feb 6pm,17674.59,
Uttar Pradesh - 2026,09-Feb 7pm,18780.78,
Uttar Pradesh - 2026,09-Feb 8pm,18855.53,
Uttar Pradesh - 2026,09-Feb 9pm,18061.17,
Uttar Pradesh - 2026,09-Feb 10pm,16075.01,
Uttar Pradesh - 2026,09-Feb 11pm,14322.91,
Uttar Pradesh - 2026,10-Feb 12am,13160.88,
Uttar Pradesh - 2026,10-Feb 1am,12294.12,
Uttar Pradesh - 2026,10-Feb 2am,11791.32,
Uttar Pradesh - 2026,10-Feb 3am,11600.31,
Uttar Pradesh - 2026,10-Feb 4am,11723.01,
Uttar Pradesh - 2026,10-Feb 5am,13002.09,
Uttar Pradesh - 2026,10-Feb 6am,15710.65,
Uttar Pradesh - 2026,10-Feb 7am,13467.35,
Uttar Pradesh - 2026,10-Feb 8am,14479.7,
Uttar Pradesh - 2026,10-Feb 9am,16369.89,
Uttar Pradesh - 2026,10-Feb 10am,18963.77,
Uttar Pradesh - 2026,10-Feb 11am,18631.19,
Uttar Pradesh - 2026,10-Feb 12pm,17107.08,
Uttar Pradesh - 2026,10-Feb 1pm,14532.66,
Uttar Pradesh - 2026,10-Feb 2pm,13297.03,
Uttar Pradesh - 2026,10-Feb 3pm,12599.75,
Uttar Pradesh - 2026,10-Feb 4pm,13011.51,
Uttar Pradesh - 2026,10-Feb 5pm,14044.33,
Uttar Pradesh - 2026,10-Feb 6pm,16977.67,
Uttar Pradesh - 2026,10-Feb 7pm,18012.31,
Uttar Pradesh - 2026,10-Feb 8pm,19500.54,
Uttar Pradesh - 2026,10-Feb 9pm,17791.86,
Uttar Pradesh - 2026,10-Feb 10pm,15978.25,
Uttar Pradesh - 2026,10-Feb 11pm,14152.74,
Uttar Pradesh - 2026,11-Feb 12am,13193.53,
Uttar Pradesh - 2026,11-Feb 1am,12445.98,
Uttar Pradesh - 2026,11-Feb 2am,12063.6,
Uttar Pradesh - 2026,11-Feb 3am,11756.14,
Uttar Pradesh - 2026,11-Feb 4am,11848.51,
Uttar Pradesh - 2026,11-Feb 5am,13142.73,
Uttar Pradesh - 2026,11-Feb 6am,15976.75,
Uttar Pradesh - 2026,11-Feb 7am,15073.21,
Uttar Pradesh - 2026,11-Feb 8am,14399.16,
Uttar Pradesh - 2026,11-Feb 9am,16934.45,
Uttar Pradesh - 2026,11-Feb 10am,18563.93,
Uttar Pradesh - 2026,11-Feb 11am,18014.4,
Uttar Pradesh - 2026,11-Feb 12pm,16217.81,
Uttar Pradesh - 2026,11-Feb 1pm,15349.1,
Uttar Pradesh - 2026,11-Feb 2pm,13475.56,
Uttar Pradesh - 2026,11-Feb 3pm,13628.44,
Uttar Pradesh - 2026,11-Feb 4pm,14718.9,
Uttar Pradesh - 2026,11-Feb 5pm,14398.42,
Uttar Pradesh - 2026,11-Feb 6pm,17455.67,
Uttar Pradesh - 2026,11-Feb 7pm,17557.41,
Uttar Pradesh - 2026,11-Feb 8pm,19511.39,
Uttar Pradesh - 2026,11-Feb 9pm,17998.38,
Uttar Pradesh - 2026,11-Feb 10pm,16038.48,
Uttar Pradesh - 2026,11-Feb 11pm,14527.39,
Uttar Pradesh - 2026,12-Feb 12am,13382.81,
Uttar Pradesh - 2026,12-Feb 1am,12658.4,
Uttar Pradesh - 2026,12-Feb 2am,12132.45,
Uttar Pradesh - 2026,12-Feb 3am,11970.82,
Uttar Pradesh - 2026,12-Feb 4am,12003.43,
Uttar Pradesh - 2026,12-Feb 5am,13265.34,
Uttar Pradesh - 2026,12-Feb 6am,15946.29,
Uttar Pradesh - 2026,12-Feb 7am,14602.58,
Uttar Pradesh - 2026,12-Feb 8am,14540.43,
Uttar Pradesh - 2026,12-Feb 9am,15712.44,
Uttar Pradesh - 2026,12-Feb 10am,18953.15,
Uttar Pradesh - 2026,12-Feb 11am,18437.29,
Uttar Pradesh - 2026,12-Feb 12pm,16293.41,
Uttar Pradesh - 2026,12-Feb 1pm,14895.27,
Uttar Pradesh - 2026,12-Feb 2pm,13764.42,
Uttar Pradesh - 2026,12-Feb 3pm,13853.96,
Uttar Pradesh - 2026,12-Feb 4pm,14996.78,
Uttar Pradesh - 2026,12-Feb 5pm,15152.35,
Uttar Pradesh - 2026,12-Feb 6pm,17748.63,
Uttar Pradesh - 2026,12-Feb 7pm,18822.86,
Uttar Pradesh - 2026,12-Feb 8pm,19252.54,
Uttar Pradesh - 2026,12-Feb 9pm,17706.99,
Uttar Pradesh - 2026,12-Feb 10pm,15890.34,
Uttar Pradesh - 2026,12-Feb 11pm,14327.36,
Uttar Pradesh - 2026,13-Feb 12am,13246.89,
Uttar Pradesh - 2026,13-Feb 1am,12507.98,
Uttar Pradesh - 2026,13-Feb 2am,12094.96,
Uttar Pradesh - 2026,13-Feb 3am,11879.61,
Uttar Pradesh - 2026,13-Feb 4am,12071.85,
Uttar Pradesh - 2026,13-Feb 5am,13502.05,
Uttar Pradesh - 2026,13-Feb 6am,16390.18,
Uttar Pradesh - 2026,13-Feb 7am,14083.46,
Uttar Pradesh - 2026,13-Feb 8am,14547.25,
Uttar Pradesh - 2026,13-Feb 9am,16632.46,
Uttar Pradesh - 2026,13-Feb 10am,19482.88,
Uttar Pradesh - 2026,13-Feb 11am,19529.7,
Uttar Pradesh - 2026,13-Feb 12pm,17377.65,
Uttar Pradesh - 2026,13-Feb 1pm,15174.77,
Uttar Pradesh - 2026,13-Feb 2pm,14258.62,
Uttar Pradesh - 2026,13-Feb 3pm,14521.7,
Uttar Pradesh - 2026,13-Feb 4pm,14382.87,
Uttar Pradesh - 2026,13-Feb 5pm,15069.77,
Uttar Pradesh - 2026,13-Feb 6pm,17300.48,
Uttar Pradesh - 2026,13-Feb 7pm,18390.73,
Uttar Pradesh - 2026,13-Feb 8pm,19098,
Uttar Pradesh - 2026,13-Feb 9pm,17912.68,
Uttar Pradesh - 2026,13-Feb 10pm,15926.41,
Uttar Pradesh - 2026,13-Feb 11pm,14334.16,
Uttar Pradesh - 2026,14-Feb 12am,13299.51,
Uttar Pradesh - 2026,14-Feb 1am,12491.77,
Uttar Pradesh - 2026,14-Feb 2am,12062.53,
Uttar Pradesh - 2026,14-Feb 3am,11820.16,
Uttar Pradesh - 2026,14-Feb 4am,11870.37,
Uttar Pradesh - 2026,14-Feb 5am,13211.7,
Uttar Pradesh - 2026,14-Feb 6am,15841.24,
Uttar Pradesh - 2026,14-Feb 7am,13882.45,
Uttar Pradesh - 2026,14-Feb 8am,14311.07,
Uttar Pradesh - 2026,14-Feb 9am,15310.99,
Uttar Pradesh - 2026,14-Feb 10am,18489.18,
Uttar Pradesh - 2026,14-Feb 11am,18453.78,
Uttar Pradesh - 2026,14-Feb 12pm,16439.7,
Uttar Pradesh - 2026,14-Feb 1pm,14837.12,
Uttar Pradesh - 2026,14-Feb 2pm,14216.14,
Uttar Pradesh - 2026,14-Feb 3pm,14410.53,
Uttar Pradesh - 2026,14-Feb 4pm,15149.88,
Uttar Pradesh - 2026,14-Feb 5pm,15381.09,
Uttar Pradesh - 2026,14-Feb 6pm,17228.94,
Uttar Pradesh - 2026,14-Feb 7pm,19544.54,
Uttar Pradesh - 2026,14-Feb 8pm,19412.7,
Uttar Pradesh - 2026,14-Feb 9pm,17933.38,
Uttar Pradesh - 2026,14-Feb 10pm,16087.93,
Uttar Pradesh - 2026,14-Feb 11pm,14493.36,
Uttar Pradesh - 2026,15-Feb 12am,13518.52,
Uttar Pradesh - 2026,15-Feb 1am,12673.11,
Uttar Pradesh - 2026,15-Feb 2am,12247.68,
Uttar Pradesh - 2026,15-Feb 3am,12027.29,
Uttar Pradesh - 2026,15-Feb 4am,12300.36,
Uttar Pradesh - 2026,15-Feb 5am,13946.26,
Uttar Pradesh - 2026,15-Feb 6am,16702.47,
Uttar Pradesh - 2026,15-Feb 7am,16430.67,
Uttar Pradesh - 2026,15-Feb 8am,17666.64,
Uttar Pradesh - 2026,15-Feb 9am,20175.94,
Uttar Pradesh - 2026,15-Feb 10am,20904.05,
Uttar Pradesh - 2026,15-Feb 11am,19970.92,
Uttar Pradesh - 2026,15-Feb 12pm,18349.53,
Uttar Pradesh - 2026,15-Feb 1pm,16699.26,
Uttar Pradesh - 2026,15-Feb 2pm,15539.87,
Uttar Pradesh - 2026,15-Feb 3pm,14740.74,
Uttar Pradesh - 2026,15-Feb 4pm,14084.75,
Uttar Pradesh - 2026,15-Feb 5pm,14013.1,
Uttar Pradesh - 2026,15-Feb 6pm,15809.86,
Uttar Pradesh - 2026,15-Feb 7pm,18672.93,
Uttar Pradesh - 2026,15-Feb 8pm,17953.23,
Uttar Pradesh - 2026,15-Feb 9pm,16519.7,
Uttar Pradesh - 2026,15-Feb 10pm,15065.81,
Uttar Pradesh - 2026,15-Feb 11pm,13500.84,
Uttar Pradesh - 2026,16-Feb 12am,12657.33,
Uttar Pradesh - 2026,16-Feb 1am,11957.1,
Uttar Pradesh - 2026,16-Feb 2am,11552.8,
Uttar Pradesh - 2026,16-Feb 3am,11419.71,
Uttar Pradesh - 2026,16-Feb 4am,11481.78,
Uttar Pradesh - 2026,16-Feb 5am,12779.79,
Uttar Pradesh - 2026,16-Feb 6am,14942.36,
Uttar Pradesh - 2026,16-Feb 7am,13049.47,
Uttar Pradesh - 2026,16-Feb 8am,14210.35,
Uttar Pradesh - 2026,16-Feb 9am,16931.11,
Uttar Pradesh - 2026,16-Feb 10am,18898.88,
Uttar Pradesh - 2026,16-Feb 11am,18045.25,
Uttar Pradesh - 2026,16-Feb 12pm,15504.25,
Uttar Pradesh - 2026,16-Feb 1pm,15081.43,
Uttar Pradesh - 2026,16-Feb 2pm,15066.02,
Uttar Pradesh - 2026,16-Feb 3pm,14151.59,
Uttar Pradesh - 2026,16-Feb 4pm,14110.88,
Uttar Pradesh - 2026,16-Feb 5pm,14592.74,
Uttar Pradesh - 2026,16-Feb 6pm,17353.57,
Uttar Pradesh - 2026,16-Feb 7pm,18363.24,
Uttar Pradesh - 2026,16-Feb 8pm,19649.6,
Uttar Pradesh - 2026,16-Feb 9pm,17893.13,
Uttar Pradesh - 2026,16-Feb 10pm,16288.24,
Uttar Pradesh - 2026,16-Feb 11pm,14710.85,
Uttar Pradesh - 2026,17-Feb 12am,13588.29,
Uttar Pradesh - 2026,17-Feb 1am,12856.5,
Uttar Pradesh - 2026,17-Feb 2am,12306.91,
Uttar Pradesh - 2026,17-Feb 3am,12002.63,
Uttar Pradesh - 2026,17-Feb 4am,12069.56,
Uttar Pradesh - 2026,17-Feb 5am,13475.32,
Uttar Pradesh - 2026,17-Feb 6am,16112.1,
Uttar Pradesh - 2026,17-Feb 7am,14994.05,
Uttar Pradesh - 2026,17-Feb 8am,14732.62,
Uttar Pradesh - 2026,17-Feb 9am,16211.63,
Uttar Pradesh - 2026,17-Feb 10am,19279.37,
Uttar Pradesh - 2026,17-Feb 11am,19187.55,
Uttar Pradesh - 2026,17-Feb 12pm,17448.04,
Uttar Pradesh - 2026,17-Feb 1pm,15779.94,
Uttar Pradesh - 2026,17-Feb 2pm,15314.47,
Uttar Pradesh - 2026,17-Feb 3pm,13733.84,
Uttar Pradesh - 2026,17-Feb 4pm,12893.62,
Uttar Pradesh - 2026,17-Feb 5pm,13514.67,
Uttar Pradesh - 2026,17-Feb 6pm,17914.8,
Uttar Pradesh - 2026,17-Feb 7pm,18133.93,
Uttar Pradesh - 2026,17-Feb 8pm,19859.81,
Uttar Pradesh - 2026,17-Feb 9pm,18267.99,
Uttar Pradesh - 2026,17-Feb 10pm,16488.87,
Uttar Pradesh - 2026,17-Feb 11pm,14940.74,
Uttar Pradesh - 2026,18-Feb 12am,13870.2,
Uttar Pradesh - 2026,18-Feb 1am,13084.87,
Uttar Pradesh - 2026,18-Feb 2am,12498.44,
Uttar Pradesh - 2026,18-Feb 3am,12294.48,
Uttar Pradesh - 2026,18-Feb 4am,12429.68,
Uttar Pradesh - 2026,18-Feb 5am,13858.45,
Uttar Pradesh - 2026,18-Feb 6am,16454.23,
Uttar Pradesh - 2026,18-Feb 7am,15301.76,
Uttar Pradesh - 2026,18-Feb 8am,17047.23,
Uttar Pradesh - 2026,18-Feb 9am,18930.88,
Uttar Pradesh - 2026,18-Feb 10am,19899.04,
Uttar Pradesh - 2026,18-Feb 11am,20074.66,
Uttar Pradesh - 2026,18-Feb 12pm,18304.97,
Uttar Pradesh - 2026,18-Feb 1pm,15770.84,
Uttar Pradesh - 2026,18-Feb 2pm,16118.8,
Uttar Pradesh - 2026,18-Feb 3pm,15559.17,
Uttar Pradesh - 2026,18-Feb 4pm,14902,
Uttar Pradesh - 2026,18-Feb 5pm,15078.91,
Uttar Pradesh - 2026,18-Feb 6pm,16531.62,
Uttar Pradesh - 2026,18-Feb 7pm,18020.74,
Uttar Pradesh - 2026,18-Feb 8pm,18288.85,
Uttar Pradesh - 2026,18-Feb 9pm,17349.26,
Uttar Pradesh - 2026,18-Feb 10pm,15571.5,
Uttar Pradesh - 2026,18-Feb 11pm,14110.29,
Uttar Pradesh - 2026,19-Feb 12am,13055.66,
Uttar Pradesh - 2026,19-Feb 1am,11832.59,
Uttar Pradesh - 2026,19-Feb 2am,11967.7,
Uttar Pradesh - 2026,19-Feb 3am,11751.34,
Uttar Pradesh - 2026,19-Feb 4am,12567.68,
Uttar Pradesh - 2026,19-Feb 5am,13529.14,
Uttar Pradesh - 2026,19-Feb 6am,14902.44,
Uttar Pradesh - 2026,19-Feb 7am,13252.64,
Uttar Pradesh - 2026,19-Feb 8am,15601,
Uttar Pradesh - 2026,19-Feb 9am,17869.2,
Uttar Pradesh - 2026,19-Feb 10am,18924.85,
Uttar Pradesh - 2026,19-Feb 11am,19156.02,
Uttar Pradesh - 2026,19-Feb 12pm,17156.2,
Uttar Pradesh - 2026,19-Feb 1pm,14919.55,
Uttar Pradesh - 2026,19-Feb 2pm,15378.21,
Uttar Pradesh - 2026,19-Feb 3pm,15187.05,
Uttar Pradesh - 2026,19-Feb 4pm,14957.25,
Uttar Pradesh - 2026,19-Feb 5pm,14865.57,
Uttar Pradesh - 2026,19-Feb 6pm,15911.1,
Uttar Pradesh - 2026,19-Feb 7pm,18748.31,
Uttar Pradesh - 2026,19-Feb 8pm,18074.58,
Uttar Pradesh - 2026,19-Feb 9pm,16735.84,
Uttar Pradesh - 2026,19-Feb 10pm,15458.79,
Uttar Pradesh - 2026,19-Feb 11pm,14177.15,
Uttar Pradesh - 2026,20-Feb 12am,13331.67,
Uttar Pradesh - 2026,20-Feb 1am,12799.67,
Uttar Pradesh - 2026,20-Feb 2am,12402.18,
Uttar Pradesh - 2026,20-Feb 3am,12224.12,
Uttar Pradesh - 2026,20-Feb 4am,12915.69,
Uttar Pradesh - 2026,20-Feb 5am,14049.57,
Uttar Pradesh - 2026,20-Feb 6am,15608.72,
Uttar Pradesh - 2026,20-Feb 7am,13154.79,
Uttar Pradesh - 2026,20-Feb 8am,15456.31,
Uttar Pradesh - 2026,20-Feb 9am,18325.31,
Uttar Pradesh - 2026,20-Feb 10am,19627.76,
Uttar Pradesh - 2026,20-Feb 11am,19342.37,
Uttar Pradesh - 2026,20-Feb 12pm,17949.89,
Uttar Pradesh - 2026,20-Feb 1pm,14498.18,
Uttar Pradesh - 2026,20-Feb 2pm,15453.13,
Uttar Pradesh - 2026,20-Feb 3pm,15233.73,
Uttar Pradesh - 2026,20-Feb 4pm,14958.12,
Uttar Pradesh - 2026,20-Feb 5pm,14817.95,
Uttar Pradesh - 2026,20-Feb 6pm,15604.91,
Uttar Pradesh - 2026,20-Feb 7pm,17734.78,
Uttar Pradesh - 2026,20-Feb 8pm,18153.59,
Uttar Pradesh - 2026,20-Feb 9pm,16848.25,
Uttar Pradesh - 2026,20-Feb 10pm,15455.87,
Uttar Pradesh - 2026,20-Feb 11pm,14316.02,
Uttar Pradesh - 2026,21-Feb 12am,13502.05,
Uttar Pradesh - 2026,21-Feb 1am,12874,
Uttar Pradesh - 2026,21-Feb 2am,12455.03,
Uttar Pradesh - 2026,21-Feb 3am,12294.06,
Uttar Pradesh - 2026,21-Feb 4am,12998.63,
Uttar Pradesh - 2026,21-Feb 5am,14001.14,
Uttar Pradesh - 2026,21-Feb 6am,14989.09,
Uttar Pradesh - 2026,21-Feb 7am,13143.95,
Uttar Pradesh - 2026,21-Feb 8am,15316.81,
Uttar Pradesh - 2026,21-Feb 9am,17724.67,
Uttar Pradesh - 2026,21-Feb 10am,18661.86,
Uttar Pradesh - 2026,21-Feb 11am,18623.51,
Uttar Pradesh - 2026,21-Feb 12pm,17372.16,
Uttar Pradesh - 2026,21-Feb 1pm,14722.42,
Uttar Pradesh - 2026,21-Feb 2pm,15240.61,
Uttar Pradesh - 2026,21-Feb 3pm,15096.36,
Uttar Pradesh - 2026,21-Feb 4pm,14694.08,
Uttar Pradesh - 2026,21-Feb 5pm,14437.88,
Uttar Pradesh - 2026,21-Feb 6pm,15719.09,
Uttar Pradesh - 2026,21-Feb 7pm,17648.92,
Uttar Pradesh - 2026,21-Feb 8pm,18560.58,
Uttar Pradesh - 2026,21-Feb 9pm,16947.53,
Uttar Pradesh - 2026,21-Feb 10pm,15704.17,
Uttar Pradesh - 2026,21-Feb 11pm,14584.97,
Uttar Pradesh - 2026,22-Feb 12am,13677.6,
Uttar Pradesh - 2026,22-Feb 1am,13177.51,
Uttar Pradesh - 2026,22-Feb 2am,12723.53,
Uttar Pradesh - 2026,22-Feb 3am,12485.96,
Uttar Pradesh - 2026,22-Feb 4am,13061.72,
Uttar Pradesh - 2026,22-Feb 5am,14222.6,
Uttar Pradesh - 2026,22-Feb 6am,15223.59,
Uttar Pradesh - 2026,22-Feb 7am,13602.53,
Uttar Pradesh - 2026,22-Feb 8am,13770.38,
Uttar Pradesh - 2026,22-Feb 9am,15362.95,
Uttar Pradesh - 2026,22-Feb 10am,17614.86,
Uttar Pradesh - 2026,22-Feb 11am,17521.48,
Uttar Pradesh - 2026,22-Feb 12pm,15350.28,
Uttar Pradesh - 2026,22-Feb 1pm,14553.98,
Uttar Pradesh - 2026,22-Feb 2pm,13581.07,
Uttar Pradesh - 2026,22-Feb 3pm,12655.8,
Uttar Pradesh - 2026,22-Feb 4pm,11945.99,
Uttar Pradesh - 2026,22-Feb 5pm,12127.72,
Uttar Pradesh - 2026,22-Feb 6pm,16376.79,
Uttar Pradesh - 2026,22-Feb 7pm,18735.99,
Uttar Pradesh - 2026,22-Feb 8pm,18150.92,
Uttar Pradesh - 2026,22-Feb 9pm,16769.54,
Uttar Pradesh - 2026,22-Feb 10pm,15498.96,
Uttar Pradesh - 2026,22-Feb 11pm,14244.7,
Uttar Pradesh - 2026,23-Feb 12am,13272.96,
Uttar Pradesh - 2026,23-Feb 1am,12667.2,
Uttar Pradesh - 2026,23-Feb 2am,12250.59,
Uttar Pradesh - 2026,23-Feb 3am,12128.51,
Uttar Pradesh - 2026,23-Feb 4am,12767.06,
Uttar Pradesh - 2026,23-Feb 5am,14094.11,
Uttar Pradesh - 2026,23-Feb 6am,15489.97,
Uttar Pradesh - 2026,23-Feb 7am,14590.12,
Uttar Pradesh - 2026,23-Feb 8am,15316.24,
Uttar Pradesh - 2026,23-Feb 9am,17515.98,
Uttar Pradesh - 2026,23-Feb 10am,18719.59,
Uttar Pradesh - 2026,23-Feb 11am,18969.57,
Uttar Pradesh - 2026,23-Feb 12pm,17610.32,
Uttar Pradesh - 2026,23-Feb 1pm,14915.46,
Uttar Pradesh - 2026,23-Feb 2pm,15574.58,
Uttar Pradesh - 2026,23-Feb 3pm,15697.9,
Uttar Pradesh - 2026,23-Feb 4pm,14857.54,
Uttar Pradesh - 2026,23-Feb 5pm,14785.7,
Uttar Pradesh - 2026,23-Feb 6pm,15791.87,
Uttar Pradesh - 2026,23-Feb 7pm,17563.84,
Uttar Pradesh - 2026,23-Feb 8pm,18900.02,
Uttar Pradesh - 2026,23-Feb 9pm,17395.38,
Uttar Pradesh - 2026,23-Feb 10pm,16075.9,
Uttar Pradesh - 2026,23-Feb 11pm,14917.68,
Uttar Pradesh - 2026,24-Feb 12am,14003.97,
Uttar Pradesh - 2026,24-Feb 1am,13246.63,
Uttar Pradesh - 2026,24-Feb 2am,12850.3,
Uttar Pradesh - 2026,24-Feb 3am,12616.12,
Uttar Pradesh - 2026,24-Feb 4am,13142.53,
Uttar Pradesh - 2026,24-Feb 5am,14343.15,
Uttar Pradesh - 2026,24-Feb 6am,15324.02,
Uttar Pradesh - 2026,24-Feb 7am,14119.88,
Uttar Pradesh - 2026,24-Feb 8am,15728.45,
Uttar Pradesh - 2026,24-Feb 9am,17675.47,
Uttar Pradesh - 2026,24-Feb 10am,18766.63,
Uttar Pradesh - 2026,24-Feb 11am,18712.1,
Uttar Pradesh - 2026,24-Feb 12pm,17281.92,
Uttar Pradesh - 2026,24-Feb 1pm,15219.84,
Uttar Pradesh - 2026,24-Feb 2pm,15945.78,
Uttar Pradesh - 2026,24-Feb 3pm,15614.61,
Uttar Pradesh - 2026,24-Feb 4pm,14893.89,
Uttar Pradesh - 2026,24-Feb 5pm,14866.75,
Uttar Pradesh - 2026,24-Feb 6pm,16003.08,
Uttar Pradesh - 2026,24-Feb 7pm,18243.87,
Uttar Pradesh - 2026,24-Feb 8pm,18887.51,
Uttar Pradesh - 2026,24-Feb 9pm,17336.61,
Uttar Pradesh - 2026,24-Feb 10pm,16111.56,
Uttar Pradesh - 2026,24-Feb 11pm,14876.23,
Uttar Pradesh - 2026,25-Feb 12am,14114.27,
Uttar Pradesh - 2026,25-Feb 1am,13375.63,
Uttar Pradesh - 2026,25-Feb 2am,12935.19,
Uttar Pradesh - 2026,25-Feb 3am,12726.65,
Uttar Pradesh - 2026,25-Feb 4am,13338.24,
Uttar Pradesh - 2026,25-Feb 5am,14410.04,
Uttar Pradesh - 2026,25-Feb 6am,15507.31,
Uttar Pradesh - 2026,25-Feb 7am,13902.77,
Uttar Pradesh - 2026,25-Feb 8am,15506.06,
Uttar Pradesh - 2026,25-Feb 9am,17674.26,
Uttar Pradesh - 2026,25-Feb 10am,18579.03,
Uttar Pradesh - 2026,25-Feb 11am,18869.11,
Uttar Pradesh - 2026,25-Feb 12pm,17368.09,
Uttar Pradesh - 2026,25-Feb 1pm,14824.79,
Uttar Pradesh - 2026,25-Feb 2pm,15611.18,
Uttar Pradesh - 2026,25-Feb 3pm,15368.52,
Uttar Pradesh - 2026,25-Feb 4pm,14686.92,
Uttar Pradesh - 2026,25-Feb 5pm,14711.63,
Uttar Pradesh - 2026,25-Feb 6pm,15740.08,
Uttar Pradesh - 2026,25-Feb 7pm,18051.95,
Uttar Pradesh - 2026,25-Feb 8pm,18543.88,
Uttar Pradesh - 2026,25-Feb 9pm,17301.99,
Uttar Pradesh - 2026,25-Feb 10pm,15998.52,
Uttar Pradesh - 2026,25-Feb 11pm,14763.36,
Uttar Pradesh - 2026,26-Feb 12am,14001.67,
Uttar Pradesh - 2026,26-Feb 1am,13218.4,
Uttar Pradesh - 2026,26-Feb 2am,12858.97,
Uttar Pradesh - 2026,26-Feb 3am,12749.86,
Uttar Pradesh - 2026,26-Feb 4am,13313.71,
Uttar Pradesh - 2026,26-Feb 5am,14225.24,
Uttar Pradesh - 2026,26-Feb 6am,15417.25,
Uttar Pradesh - 2026,26-Feb 7am,13667.42,
Uttar Pradesh - 2026,26-Feb 8am,15271.38,
Uttar Pradesh - 2026,26-Feb 9am,17454.13,
Uttar Pradesh - 2026,26-Feb 10am,18127.85,
Uttar Pradesh - 2026,26-Feb 11am,18093.35,
Uttar Pradesh - 2026,26-Feb 12pm,16585.87,
Uttar Pradesh - 2026,26-Feb 1pm,14028.45,
Uttar Pradesh - 2026,26-Feb 2pm,14833.7,
Uttar Pradesh - 2026,26-Feb 3pm,14637.78,
Uttar Pradesh - 2026,26-Feb 4pm,14424.88,
Uttar Pradesh - 2026,26-Feb 5pm,14168.72,
Uttar Pradesh - 2026,26-Feb 6pm,15635.54,
Uttar Pradesh - 2026,26-Feb 7pm,17800.98,
Uttar Pradesh - 2026,26-Feb 8pm,19015.06,
Uttar Pradesh - 2026,26-Feb 9pm,17581.1,
Uttar Pradesh - 2026,26-Feb 10pm,16209.36,
Uttar Pradesh - 2026,26-Feb 11pm,15060.98,
Uttar Pradesh - 2026,27-Feb 12am,14245.39,
Uttar Pradesh - 2026,27-Feb 1am,13538.9,
Uttar Pradesh - 2026,27-Feb 2am,13108.29,
Uttar Pradesh - 2026,27-Feb 3am,12911,
Uttar Pradesh - 2026,27-Feb 4am,13428.57,
Uttar Pradesh - 2026,27-Feb 5am,14531.91,
Uttar Pradesh - 2026,27-Feb 6am,15690,
Uttar Pradesh - 2026,27-Feb 7am,14143.69,
Uttar Pradesh - 2026,27-Feb 8am,15602.68,
Uttar Pradesh - 2026,27-Feb 9am,18002.77,
Uttar Pradesh - 2026,27-Feb 10am,18876.82,
Uttar Pradesh - 2026,27-Feb 11am,18471.5,
Uttar Pradesh - 2026,27-Feb 12pm,17238.14,
Uttar Pradesh - 2026,27-Feb 1pm,14033.22,
Uttar Pradesh - 2026,27-Feb 2pm,15248.63,
Uttar Pradesh - 2026,27-Feb 3pm,15691.08,
Uttar Pradesh - 2026,27-Feb 4pm,15468.79,
Uttar Pradesh - 2026,27-Feb 5pm,15199.26,
Uttar Pradesh - 2026,27-Feb 6pm,15855.73,
Uttar Pradesh - 2026,27-Feb 7pm,18307.81,
Uttar Pradesh - 2026,27-Feb 8pm,19255.19,
Uttar Pradesh - 2026,27-Feb 9pm,17874.28,
Uttar Pradesh - 2026,27-Feb 10pm,16476.68,
Uttar Pradesh - 2026,27-Feb 11pm,15303.34,
Uttar Pradesh - 2026,28-Feb 12am,14509.11,
Uttar Pradesh - 2026,28-Feb 1am,13706.83,
Uttar Pradesh - 2026,28-Feb 2am,13225.46,
Uttar Pradesh - 2026,28-Feb 3am,13010.09,
Uttar Pradesh - 2026,28-Feb 4am,13549.2,
Uttar Pradesh - 2026,28-Feb 5am,14644.54,
Uttar Pradesh - 2026,28-Feb 6am,15678.08,
Uttar Pradesh - 2026,28-Feb 7am,13805.78,
Uttar Pradesh - 2026,28-Feb 8am,15555.22,
Uttar Pradesh - 2026,28-Feb 9am,17241.14,
Uttar Pradesh - 2026,28-Feb 10am,18018.55,
Uttar Pradesh - 2026,28-Feb 11am,17898.52,
Uttar Pradesh - 2026,28-Feb 12pm,17038.98,
Uttar Pradesh - 2026,28-Feb 1pm,14142.63,
Uttar Pradesh - 2026,28-Feb 2pm,15301.42,
Uttar Pradesh - 2026,28-Feb 3pm,15559.69,
Uttar Pradesh - 2026,28-Feb 4pm,15082.27,
Uttar Pradesh - 2026,28-Feb 5pm,15274.73,
Uttar Pradesh - 2026,28-Feb 6pm,15934.11,
Uttar Pradesh - 2026,28-Feb 7pm,18393.09,
Uttar Pradesh - 2026,28-Feb 8pm,19246.72,
Uttar Pradesh - 2026,28-Feb 9pm,17946.72,
Uttar Pradesh - 2026,28-Feb 10pm,16867.76,
Uttar Pradesh - 2026,28-Feb 11pm,15707.06,
Uttar Pradesh - 2026,01-Mar 12am,14785.97,
Uttar Pradesh - 2026,01-Mar 1am,13584.12,
Uttar Pradesh - 2026,01-Mar 2am,12944.89,
Uttar Pradesh - 2026,01-Mar 3am,12577.25,
Uttar Pradesh - 2026,01-Mar 4am,12678.72,
Uttar Pradesh - 2026,01-Mar 5am,14240.09,
Uttar Pradesh - 2026,01-Mar 6am,16925.82,
Uttar Pradesh - 2026,01-Mar 7am,15559,
Uttar Pradesh - 2026,01-Mar 8am,16195.64,
Uttar Pradesh - 2026,01-Mar 9am,17650.53,
Uttar Pradesh - 2026,01-Mar 10am,20278.32,
Uttar Pradesh - 2026,01-Mar 11am,20680.24,
Uttar Pradesh - 2026,01-Mar 12pm,20066.63,
Uttar Pradesh - 2026,01-Mar 1pm,17855.72,
Uttar Pradesh - 2026,01-Mar 2pm,15999.83,
Uttar Pradesh - 2026,01-Mar 3pm,14268.67,
Uttar Pradesh - 2026,01-Mar 4pm,14171.92,
Uttar Pradesh - 2026,01-Mar 5pm,15150.58,
Uttar Pradesh - 2026,01-Mar 6pm,21230.97,
Uttar Pradesh - 2026,01-Mar 7pm,22030.58,
Uttar Pradesh - 2026,01-Mar 8pm,20995.59,
Uttar Pradesh - 2026,01-Mar 9pm,19643.02,
Uttar Pradesh - 2026,01-Mar 10pm,17528.77,
Uttar Pradesh - 2026,01-Mar 11pm,15511.92,
Uttar Pradesh - 2026,02-Mar 12am,13922.92,
Uttar Pradesh - 2026,02-Mar 1am,12914.73,
Uttar Pradesh - 2026,02-Mar 2am,12434.13,
Uttar Pradesh - 2026,02-Mar 3am,12107.93,
Uttar Pradesh - 2026,02-Mar 4am,12275.04,
Uttar Pradesh - 2026,02-Mar 5am,13417.15,
Uttar Pradesh - 2026,02-Mar 6am,15929.2,
Uttar Pradesh - 2026,02-Mar 7am,14847.6,
Uttar Pradesh - 2026,02-Mar 8am,15517.16,
Uttar Pradesh - 2026,02-Mar 9am,16996.51,
Uttar Pradesh - 2026,02-Mar 10am,18905.19,
Uttar Pradesh - 2026,02-Mar 11am,21446.43,
Uttar Pradesh - 2026,02-Mar 12pm,21031.24,
Uttar Pradesh - 2026,02-Mar 1pm,19028.46,
Uttar Pradesh - 2026,02-Mar 2pm,17215.36,
Uttar Pradesh - 2026,02-Mar 3pm,15772.41,
Uttar Pradesh - 2026,02-Mar 4pm,15430.75,
Uttar Pradesh - 2026,02-Mar 5pm,16753.63,
Uttar Pradesh - 2026,02-Mar 6pm,21636.17,
Uttar Pradesh - 2026,02-Mar 7pm,21876,
Uttar Pradesh - 2026,02-Mar 8pm,21817.7,
Uttar Pradesh - 2026,02-Mar 9pm,20261.52,
Uttar Pradesh - 2026,02-Mar 10pm,18201.72,
Uttar Pradesh - 2026,02-Mar 11pm,15820.75,
Uttar Pradesh - 2026,03-Mar 12am,14387.88,
Uttar Pradesh - 2026,03-Mar 1am,13285.96,
Uttar Pradesh - 2026,03-Mar 2am,12632.32,
Uttar Pradesh - 2026,03-Mar 3am,12335.04,
Uttar Pradesh - 2026,03-Mar 4am,12534.88,
Uttar Pradesh - 2026,03-Mar 5am,13784.03,
Uttar Pradesh - 2026,03-Mar 6am,16474.7,
Uttar Pradesh - 2026,03-Mar 7am,14692.85,
Uttar Pradesh - 2026,03-Mar 8am,15275.09,
Uttar Pradesh - 2026,03-Mar 9am,17211.94,
Uttar Pradesh - 2026,03-Mar 10am,20594.79,
Uttar Pradesh - 2026,03-Mar 11am,22467.96,
Uttar Pradesh - 2026,03-Mar 12pm,21782.25,
Uttar Pradesh - 2026,03-Mar 1pm,19620.38,
Uttar Pradesh - 2026,03-Mar 2pm,17114.49,
Uttar Pradesh - 2026,03-Mar 3pm,15963.01,
Uttar Pradesh - 2026,03-Mar 4pm,15686.07,
Uttar Pradesh - 2026,03-Mar 5pm,17241.37,
Uttar Pradesh - 2026,03-Mar 6pm,21034.09,
Uttar Pradesh - 2026,03-Mar 7pm,21668.54,
Uttar Pradesh - 2026,03-Mar 8pm,22064.52,
Uttar Pradesh - 2026,03-Mar 9pm,20507.98,
Uttar Pradesh - 2026,03-Mar 10pm,18363.54,
Uttar Pradesh - 2026,03-Mar 11pm,16154.51,
Uttar Pradesh - 2026,04-Mar 12am,14612.08,
Uttar Pradesh - 2026,04-Mar 1am,13438.35,
Uttar Pradesh - 2026,04-Mar 2am,12825,
Uttar Pradesh - 2026,04-Mar 3am,12531.84,
Uttar Pradesh - 2026,04-Mar 4am,12711.27,
Uttar Pradesh - 2026,04-Mar 5am,13934.24,
Uttar Pradesh - 2026,04-Mar 6am,16545.75,
Uttar Pradesh - 2026,04-Mar 7am,14737.82,
Uttar Pradesh - 2026,04-Mar 8am,15096.24,
Uttar Pradesh - 2026,04-Mar 9am,16828.19,
Uttar Pradesh - 2026,04-Mar 10am,20154.7,
Uttar Pradesh - 2026,04-Mar 11am,21470.53,
Uttar Pradesh - 2026,04-Mar 12pm,19941.19,
Uttar Pradesh - 2026,04-Mar 1pm,18228.68,
Uttar Pradesh - 2026,04-Mar 2pm,16939.04,
Uttar Pradesh - 2026,04-Mar 3pm,15151.67,
Uttar Pradesh - 2026,04-Mar 4pm,14635.71,
Uttar Pradesh - 2026,04-Mar 5pm,15187.57,
Uttar Pradesh - 2026,04-Mar 6pm,20803,
Uttar Pradesh - 2026,04-Mar 7pm,22558.98,
Uttar Pradesh - 2026,04-Mar 8pm,21886.7,
Uttar Pradesh - 2026,04-Mar 9pm,20248.62,
Uttar Pradesh - 2026,04-Mar 10pm,18048.35,
Uttar Pradesh - 2026,04-Mar 11pm,15798.16,
Uttar Pradesh - 2026,05-Mar 12am,14194.55,
Uttar Pradesh - 2026,05-Mar 1am,13158.5,
Uttar Pradesh - 2026,05-Mar 2am,12527.01,
Uttar Pradesh - 2026,05-Mar 3am,12334.17,
Uttar Pradesh - 2026,05-Mar 4am,12480.52,
Uttar Pradesh - 2026,05-Mar 5am,13895.76,
Uttar Pradesh - 2026,05-Mar 6am,16532.47,
Uttar Pradesh - 2026,05-Mar 7am,14978.39,
Uttar Pradesh - 2026,05-Mar 8am,15900.98,
Uttar Pradesh - 2026,05-Mar 9am,17998.68,
Uttar Pradesh - 2026,05-Mar 10am,21337.71,
Uttar Pradesh - 2026,05-Mar 11am,22350.99,
Uttar Pradesh - 2026,05-Mar 12pm,21320.38,
Uttar Pradesh - 2026,05-Mar 1pm,19360.26,
Uttar Pradesh - 2026,05-Mar 2pm,17860.21,
Uttar Pradesh - 2026,05-Mar 3pm,15891.32,
Uttar Pradesh - 2026,05-Mar 4pm,14340.55,
Uttar Pradesh - 2026,05-Mar 5pm,15689.23,
Uttar Pradesh - 2026,05-Mar 6pm,21064.31,
Uttar Pradesh - 2026,05-Mar 7pm,21718.91,
Uttar Pradesh - 2026,05-Mar 8pm,21373.03,
Uttar Pradesh - 2026,05-Mar 9pm,21623.45,
Uttar Pradesh - 2026,05-Mar 10pm,19238.95,
Uttar Pradesh - 2026,05-Mar 11pm,16741.82,
Uttar Pradesh - 2026,06-Mar 12am,15147.75,
Uttar Pradesh - 2026,06-Mar 1am,15115.1,
Uttar Pradesh - 2026,06-Mar 2am,13096.01,
Uttar Pradesh - 2026,06-Mar 3am,12926.9,
Uttar Pradesh - 2026,06-Mar 4am,13041.64,
Uttar Pradesh - 2026,06-Mar 5am,14361.63,
Uttar Pradesh - 2026,06-Mar 6am,16841.48,
Uttar Pradesh - 2026,06-Mar 7am,14743.98,
Uttar Pradesh - 2026,06-Mar 8am,15232.69,
Uttar Pradesh - 2026,06-Mar 9am,17572.73,
Uttar Pradesh - 2026,06-Mar 10am,20616.22,
Uttar Pradesh - 2026,06-Mar 11am,21920.42,
Uttar Pradesh - 2026,06-Mar 12pm,22531.56,
Uttar Pradesh - 2026,06-Mar 1pm,20934.62,
Uttar Pradesh - 2026,06-Mar 2pm,19985.36,
Uttar Pradesh - 2026,06-Mar 3pm,18774.59,
Uttar Pradesh - 2026,06-Mar 4pm,16013.68,
Uttar Pradesh - 2026,06-Mar 5pm,16410.25,
Uttar Pradesh - 2026,06-Mar 6pm,21418.41,
Uttar Pradesh - 2026,06-Mar 7pm,22133.29,
Uttar Pradesh - 2026,06-Mar 8pm,23127.02,
Uttar Pradesh - 2026,06-Mar 9pm,21815.24,
Uttar Pradesh - 2026,06-Mar 10pm,19653.64,
Uttar Pradesh - 2026,06-Mar 11pm,16921.52,
Uttar Pradesh - 2026,07-Mar 12am,14920.35,
Uttar Pradesh - 2026,07-Mar 1am,13750.5,
Uttar Pradesh - 2026,07-Mar 2am,13078.28,
Uttar Pradesh - 2026,07-Mar 3am,12791.35,
Uttar Pradesh - 2026,07-Mar 4am,12930.04,
Uttar Pradesh - 2026,07-Mar 5am,14194.32,
Uttar Pradesh - 2026,07-Mar 6am,16861.03,
Uttar Pradesh - 2026,07-Mar 7am,15680.79,
Uttar Pradesh - 2026,07-Mar 8am,16515.8,
Uttar Pradesh - 2026,07-Mar 9am,17470.33,
Uttar Pradesh - 2026,07-Mar 10am,20778.84,
Uttar Pradesh - 2026,07-Mar 11am,22747.12,
Uttar Pradesh - 2026,07-Mar 12pm,23172.42,
Uttar Pradesh - 2026,07-Mar 1pm,21159.43,
Uttar Pradesh - 2026,07-Mar 2pm,18640.31,
Uttar Pradesh - 2026,07-Mar 3pm,17118.74,
Uttar Pradesh - 2026,07-Mar 4pm,15171.91,
Uttar Pradesh - 2026,07-Mar 5pm,14144,
Uttar Pradesh - 2026,07-Mar 6pm,21599.1,
Uttar Pradesh - 2026,07-Mar 7pm,22318.18,
Uttar Pradesh - 2026,07-Mar 8pm,23495.89,
Uttar Pradesh - 2026,07-Mar 9pm,21910.18,
Uttar Pradesh - 2026,07-Mar 10pm,19632.6,
Uttar Pradesh - 2026,07-Mar 11pm,17125.83,
Uttar Pradesh - 2026,08-Mar 12am,15195.94,
Uttar Pradesh - 2026,08-Mar 1am,13912.94,
Uttar Pradesh - 2026,08-Mar 2am,13274.79,
Uttar Pradesh - 2026,08-Mar 3am,12891.5,
Uttar Pradesh - 2026,08-Mar 4am,12937.3,
Uttar Pradesh - 2026,08-Mar 5am,13940.05,
Uttar Pradesh - 2026,08-Mar 6am,16573.71,
Uttar Pradesh - 2026,08-Mar 7am,14825.71,
Uttar Pradesh - 2026,08-Mar 8am,15169.52,
Uttar Pradesh - 2026,08-Mar 9am,15068.67,
Uttar Pradesh - 2026,08-Mar 10am,18406.2,
Uttar Pradesh - 2026,08-Mar 11am,21314.66,
Uttar Pradesh - 2026,08-Mar 12pm,21592.52,
Uttar Pradesh - 2026,08-Mar 1pm,21590.52,
Uttar Pradesh - 2026,08-Mar 2pm,19889.85,
Uttar Pradesh - 2026,08-Mar 3pm,18280.94,
Uttar Pradesh - 2026,08-Mar 4pm,17118.37,
Uttar Pradesh - 2026,08-Mar 5pm,17238.37,
Uttar Pradesh - 2026,08-Mar 6pm,21145.09,
Uttar Pradesh - 2026,08-Mar 7pm,22029.17,
Uttar Pradesh - 2026,08-Mar 8pm,23784.78,
Uttar Pradesh - 2026,08-Mar 9pm,22161.67,
Uttar Pradesh - 2026,08-Mar 10pm,19936.78,
Uttar Pradesh - 2026,08-Mar 11pm,17315.14,
Uttar Pradesh - 2026,09-Mar 12am,15374.81,
Uttar Pradesh - 2026,09-Mar 1am,14147.42,
Uttar Pradesh - 2026,09-Mar 2am,13301.4,
Uttar Pradesh - 2026,09-Mar 3am,13023.84,
Uttar Pradesh - 2026,09-Mar 4am,13043.52,
Uttar Pradesh - 2026,09-Mar 5am,14184.49,
Uttar Pradesh - 2026,09-Mar 6am,16713.47,
Uttar Pradesh - 2026,09-Mar 7am,15139.28,
Uttar Pradesh - 2026,09-Mar 8am,15493.9,
Uttar Pradesh - 2026,09-Mar 9am,16884.99,
Uttar Pradesh - 2026,09-Mar 10am,21277.48,
Uttar Pradesh - 2026,09-Mar 11am,23069.26,
Uttar Pradesh - 2026,09-Mar 12pm,22713.67,
Uttar Pradesh - 2026,09-Mar 1pm,20707.86,
Uttar Pradesh - 2026,09-Mar 2pm,18202.14,
Uttar Pradesh - 2026,09-Mar 3pm,17502.07,
Uttar Pradesh - 2026,09-Mar 4pm,15187.58,
Uttar Pradesh - 2026,09-Mar 5pm,14158.8,
Uttar Pradesh - 2026,09-Mar 6pm,19940.91,
Uttar Pradesh - 2026,09-Mar 7pm,21333.4,
Uttar Pradesh - 2026,09-Mar 8pm,23115.46,
Uttar Pradesh - 2026,09-Mar 9pm,22030.85,
Uttar Pradesh - 2026,09-Mar 10pm,19834.22,
Uttar Pradesh - 2026,09-Mar 11pm,17244.88,
Uttar Pradesh - 2026,10-Mar 12am,15284.33,
Uttar Pradesh - 2026,10-Mar 1am,14010.43,
Uttar Pradesh - 2026,10-Mar 2am,13221.9,
Uttar Pradesh - 2026,10-Mar 3am,12990.67,
Uttar Pradesh - 2026,10-Mar 4am,13180.99,
Uttar Pradesh - 2026,10-Mar 5am,14375.25,
Uttar Pradesh - 2026,10-Mar 6am,17123.73,
Uttar Pradesh - 2026,10-Mar 7am,16209.21,
Uttar Pradesh - 2026,10-Mar 8am,15692.1,
Uttar Pradesh - 2026,10-Mar 9am,17341.32,
Uttar Pradesh - 2026,10-Mar 10am,21391.96,
Uttar Pradesh - 2026,10-Mar 11am,21677.38,
Uttar Pradesh - 2026,10-Mar 12pm,20294.37,
Uttar Pradesh - 2026,10-Mar 1pm,17846.43,
Uttar Pradesh - 2026,10-Mar 2pm,17426.78,
Uttar Pradesh - 2026,10-Mar 3pm,15285.12,
Uttar Pradesh - 2026,10-Mar 4pm,14591.51,
Uttar Pradesh - 2026,10-Mar 5pm,14942.64,
Uttar Pradesh - 2026,10-Mar 6pm,21254.13,
Uttar Pradesh - 2026,10-Mar 7pm,22432.9,
Uttar Pradesh - 2026,10-Mar 8pm,22790,
Uttar Pradesh - 2026,10-Mar 9pm,21245.21,
Uttar Pradesh - 2026,10-Mar 10pm,19109.9,
Uttar Pradesh - 2026,10-Mar 11pm,16816.83,
Uttar Pradesh - 2026,11-Mar 12am,14864.61,
Uttar Pradesh - 2026,11-Mar 1am,13692.43,
Uttar Pradesh - 2026,11-Mar 2am,13209.31,
Uttar Pradesh - 2026,11-Mar 3am,12912.05,
Uttar Pradesh - 2026,11-Mar 4am,13071.49,
Uttar Pradesh - 2026,11-Mar 5am,14273.34,
Uttar Pradesh - 2026,11-Mar 6am,16751.66,
Uttar Pradesh - 2026,11-Mar 7am,16694.05,
Uttar Pradesh - 2026,11-Mar 8am,16345.26,
Uttar Pradesh - 2026,11-Mar 9am,17911.14,
Uttar Pradesh - 2026,11-Mar 10am,20780.59,
Uttar Pradesh - 2026,11-Mar 11am,21905.68,
Uttar Pradesh - 2026,11-Mar 12pm,19751.11,
Uttar Pradesh - 2026,11-Mar 1pm,17769.23,
Uttar Pradesh - 2026,11-Mar 2pm,17068.04,
Uttar Pradesh - 2026,11-Mar 3pm,14814.67,
Uttar Pradesh - 2026,11-Mar 4pm,14838.88,
Uttar Pradesh - 2026,11-Mar 5pm,14986.37,
Uttar Pradesh - 2026,11-Mar 6pm,20079.88,
Uttar Pradesh - 2026,11-Mar 7pm,22356.98,
Uttar Pradesh - 2026,11-Mar 8pm,21906.23,
Uttar Pradesh - 2026,11-Mar 9pm,20552.85,
Uttar Pradesh - 2026,11-Mar 10pm,18252.8,
Uttar Pradesh - 2026,11-Mar 11pm,15846.03,
Uttar Pradesh - 2026,12-Mar 12am,14270.88,
Uttar Pradesh - 2026,12-Mar 1am,13123.29,
Uttar Pradesh - 2026,12-Mar 2am,12544.56,
Uttar Pradesh - 2026,12-Mar 3am,12397.31,
Uttar Pradesh - 2026,12-Mar 4am,12585.96,
Uttar Pradesh - 2026,12-Mar 5am,14053.94,
Uttar Pradesh - 2026,12-Mar 6am,16833.49,
Uttar Pradesh - 2026,12-Mar 7am,15999.29,
Uttar Pradesh - 2026,12-Mar 8am,14537.43,
Uttar Pradesh - 2026,12-Mar 9am,17280.33,
Uttar Pradesh - 2026,12-Mar 10am,20354.38,
Uttar Pradesh - 2026,12-Mar 11am,23105.48,
Uttar Pradesh - 2026,12-Mar 12pm,20352.93,
Uttar Pradesh - 2026,12-Mar 1pm,16878.35,
Uttar Pradesh - 2026,12-Mar 2pm,15718.03,
Uttar Pradesh - 2026,12-Mar 3pm,14597.29,
Uttar Pradesh - 2026,12-Mar 4pm,14062.63,
Uttar Pradesh - 2026,12-Mar 5pm,16443.88,
Uttar Pradesh - 2026,12-Mar 6pm,21358.76,
Uttar Pradesh - 2026,12-Mar 7pm,22683.29,
Uttar Pradesh - 2026,12-Mar 8pm,22516.72,
Uttar Pradesh - 2026,12-Mar 9pm,21118.62,
Uttar Pradesh - 2026,12-Mar 10pm,19019.39,
Uttar Pradesh - 2026,12-Mar 11pm,16481.53,
Uttar Pradesh - 2026,13-Mar 12am,14760.81,
Uttar Pradesh - 2026,13-Mar 1am,13658.21,
Uttar Pradesh - 2026,13-Mar 2am,12897.51,
Uttar Pradesh - 2026,13-Mar 3am,12634.78,
Uttar Pradesh - 2026,13-Mar 4am,12854.17,
Uttar Pradesh - 2026,13-Mar 5am,14028.67,
Uttar Pradesh - 2026,13-Mar 6am,16884.78,
Uttar Pradesh - 2026,13-Mar 7am,14378.18,
Uttar Pradesh - 2026,13-Mar 8am,14470.46,
Uttar Pradesh - 2026,13-Mar 9am,16986.35,
Uttar Pradesh - 2026,13-Mar 10am,21008.38,
Uttar Pradesh - 2026,13-Mar 11am,22681.59,
Uttar Pradesh - 2026,13-Mar 12pm,20501.16,
Uttar Pradesh - 2026,13-Mar 1pm,17920.85,
Uttar Pradesh - 2026,13-Mar 2pm,16360.7,
Uttar Pradesh - 2026,13-Mar 3pm,15259.7,
Uttar Pradesh - 2026,13-Mar 4pm,14813.46,
Uttar Pradesh - 2026,13-Mar 5pm,16015.71,
Uttar Pradesh - 2026,13-Mar 6pm,20224.43,
Uttar Pradesh - 2026,13-Mar 7pm,21583.98,
Uttar Pradesh - 2026,13-Mar 8pm,22532.96,
Uttar Pradesh - 2026,13-Mar 9pm,21167.2,
Uttar Pradesh - 2026,13-Mar 10pm,18836.9,
Uttar Pradesh - 2026,13-Mar 11pm,16470.43,
Uttar Pradesh - 2026,14-Mar 12am,14624.02,
Uttar Pradesh - 2026,14-Mar 1am,13537.96,
Uttar Pradesh - 2026,14-Mar 2am,12905.1,
Uttar Pradesh - 2026,14-Mar 3am,12641.34,
Uttar Pradesh - 2026,14-Mar 4am,12865.35,
Uttar Pradesh - 2026,14-Mar 5am,14249.31,
Uttar Pradesh - 2026,14-Mar 6am,17143.85,
Uttar Pradesh - 2026,14-Mar 7am,15898.78,
Uttar Pradesh - 2026,14-Mar 8am,15976.36,
Uttar Pradesh - 2026,14-Mar 9am,17254.11,
Uttar Pradesh - 2026,14-Mar 10am,20665.96,
Uttar Pradesh - 2026,14-Mar 11am,22290.33,
Uttar Pradesh - 2026,14-Mar 12pm,20535.45,
Uttar Pradesh - 2026,14-Mar 1pm,18111.87,
Uttar Pradesh - 2026,14-Mar 2pm,16435.74,
Uttar Pradesh - 2026,14-Mar 3pm,14945.34,
Uttar Pradesh - 2026,14-Mar 4pm,13980.41,
Uttar Pradesh - 2026,14-Mar 5pm,14804.68,
Uttar Pradesh - 2026,14-Mar 6pm,20313.05,
Uttar Pradesh - 2026,14-Mar 7pm,22024.17,
Uttar Pradesh - 2026,14-Mar 8pm,22465,
Uttar Pradesh - 2026,14-Mar 9pm,20893.82,
Uttar Pradesh - 2026,14-Mar 10pm,18718.97,
Uttar Pradesh - 2026,14-Mar 11pm,16294.57,
Uttar Pradesh - 2026,15-Mar 12am,14463.11,
Uttar Pradesh - 2026,15-Mar 1am,13469.31,
Uttar Pradesh - 2026,15-Mar 2am,12874.11,
Uttar Pradesh - 2026,15-Mar 3am,12526.93,
Uttar Pradesh - 2026,15-Mar 4am,12806.75,
Uttar Pradesh - 2026,15-Mar 5am,14262.4,
Uttar Pradesh - 2026,15-Mar 6am,17000.68,
Uttar Pradesh - 2026,15-Mar 7am,14588.41,
Uttar Pradesh - 2026,15-Mar 8am,15752.41,
Uttar Pradesh - 2026,15-Mar 9am,18819.43,
Uttar Pradesh - 2026,15-Mar 10am,21216.31,
Uttar Pradesh - 2026,15-Mar 11am,22059.38,
Uttar Pradesh - 2026,15-Mar 12pm,20445.53,
Uttar Pradesh - 2026,15-Mar 1pm,18005.04,
Uttar Pradesh - 2026,15-Mar 2pm,16574.46,
Uttar Pradesh - 2026,15-Mar 3pm,15264.36,
Uttar Pradesh - 2026,15-Mar 4pm,13525.06,
Uttar Pradesh - 2026,15-Mar 5pm,13532.17,
Uttar Pradesh - 2026,15-Mar 6pm,21377.13,
Uttar Pradesh - 2026,15-Mar 7pm,21894.02,
Uttar Pradesh - 2026,15-Mar 8pm,22752.38,
Uttar Pradesh - 2026,15-Mar 9pm,21183.33,
Uttar Pradesh - 2026,15-Mar 10pm,18999.09,
Uttar Pradesh - 2026,15-Mar 11pm,16650.05,
Uttar Pradesh - 2026,16-Mar 12am,14867.66,
Uttar Pradesh - 2026,16-Mar 1am,13734.15,
Uttar Pradesh - 2026,16-Mar 2am,13129.39,
Uttar Pradesh - 2026,16-Mar 3am,12866.16,
Uttar Pradesh - 2026,16-Mar 4am,13169.35,
Uttar Pradesh - 2026,16-Mar 5am,14482.08,
Uttar Pradesh - 2026,16-Mar 6am,17109.67,
Uttar Pradesh - 2026,16-Mar 7am,16360.41,
Uttar Pradesh - 2026,16-Mar 8am,16994.18,
Uttar Pradesh - 2026,16-Mar 9am,19166.31,
Uttar Pradesh - 2026,16-Mar 10am,21615.5,
Uttar Pradesh - 2026,16-Mar 11am,21118.75,
Uttar Pradesh - 2026,16-Mar 12pm,19555.98,
Uttar Pradesh - 2026,16-Mar 1pm,17656.51,
Uttar Pradesh - 2026,16-Mar 2pm,16043.65,
Uttar Pradesh - 2026,16-Mar 3pm,15214.28,
Uttar Pradesh - 2026,16-Mar 4pm,14559.29,
Uttar Pradesh - 2026,16-Mar 5pm,17304.19,
Uttar Pradesh - 2026,16-Mar 6pm,20886.75,
Uttar Pradesh - 2026,16-Mar 7pm,21498.88,
Uttar Pradesh - 2026,16-Mar 8pm,23039.11,
Uttar Pradesh - 2026,16-Mar 9pm,21524.59,
Uttar Pradesh - 2026,16-Mar 10pm,19494.04,
Uttar Pradesh - 2026,16-Mar 11pm,17101.27,
Uttar Pradesh - 2026,17-Mar 12am,15294.85,
Uttar Pradesh - 2026,17-Mar 1am,14205.88,
Uttar Pradesh - 2026,17-Mar 2am,13463.8,
Uttar Pradesh - 2026,17-Mar 3am,13210.54,
Uttar Pradesh - 2026,17-Mar 4am,13421.41,
Uttar Pradesh - 2026,17-Mar 5am,14675.18,
Uttar Pradesh - 2026,17-Mar 6am,17203.84,
Uttar Pradesh - 2026,17-Mar 7am,15674.21,
Uttar Pradesh - 2026,17-Mar 8am,16126.35,
Uttar Pradesh - 2026,17-Mar 9am,18166.26,
Uttar Pradesh - 2026,17-Mar 10am,20835.08,
Uttar Pradesh - 2026,17-Mar 11am,21145.73,
Uttar Pradesh - 2026,17-Mar 12pm,19840.95,
Uttar Pradesh - 2026,17-Mar 1pm,17984.99,
Uttar Pradesh - 2026,17-Mar 2pm,15979.22,
Uttar Pradesh - 2026,17-Mar 3pm,14353.46,
Uttar Pradesh - 2026,17-Mar 4pm,14115.87,
Uttar Pradesh - 2026,17-Mar 5pm,14156.67,
Uttar Pradesh - 2026,17-Mar 6pm,20978.58,
Uttar Pradesh - 2026,17-Mar 7pm,22180.16,
Uttar Pradesh - 2026,17-Mar 8pm,22601.93,
Uttar Pradesh - 2026,17-Mar 9pm,21099.48,
Uttar Pradesh - 2026,17-Mar 10pm,18988.43,
Uttar Pradesh - 2026,17-Mar 11pm,16675.34,
Uttar Pradesh - 2026,18-Mar 12am,14923.33,
Uttar Pradesh - 2026,18-Mar 1am,13777.18,
Uttar Pradesh - 2026,18-Mar 2am,13309.99,
Uttar Pradesh - 2026,18-Mar 3am,12980.94,
Uttar Pradesh - 2026,18-Mar 4am,13215.22,
Uttar Pradesh - 2026,18-Mar 5am,14533.08,
Uttar Pradesh - 2026,18-Mar 6am,16982.47,
Uttar Pradesh - 2026,18-Mar 7am,15931.61,
Uttar Pradesh - 2026,18-Mar 8am,16513.61,
Uttar Pradesh - 2026,18-Mar 9am,18679.64,
Uttar Pradesh - 2026,18-Mar 10am,20727.35,
Uttar Pradesh - 2026,18-Mar 11am,20561.89,
Uttar Pradesh - 2026,18-Mar 12pm,18376.59,
Uttar Pradesh - 2026,18-Mar 1pm,17967.27,
Uttar Pradesh - 2026,18-Mar 2pm,15424.15,
Uttar Pradesh - 2026,18-Mar 3pm,13774.41,
Uttar Pradesh - 2026,18-Mar 4pm,13265.33,
Uttar Pradesh - 2026,18-Mar 5pm,13823.3,
Uttar Pradesh - 2026,18-Mar 6pm,19970.03,
Uttar Pradesh - 2026,18-Mar 7pm,22279.41,
Uttar Pradesh - 2026,18-Mar 8pm,21532.31,
Uttar Pradesh - 2026,18-Mar 9pm,20292.03,
Uttar Pradesh - 2026,18-Mar 10pm,17864.44,
Uttar Pradesh - 2026,18-Mar 11pm,15670.27,
Uttar Pradesh - 2026,19-Mar 12am,14006.79,
Uttar Pradesh - 2026,19-Mar 1am,12998.02,
Uttar Pradesh - 2026,19-Mar 2am,12484.56,
Uttar Pradesh - 2026,19-Mar 3am,12333.5,
Uttar Pradesh - 2026,19-Mar 4am,12455.55,
Uttar Pradesh - 2026,19-Mar 5am,13955.31,
Uttar Pradesh - 2026,19-Mar 6am,16903.04,
Uttar Pradesh - 2026,19-Mar 7am,16074.86,
Uttar Pradesh - 2026,19-Mar 8am,17139.88,
Uttar Pradesh - 2026,19-Mar 9am,18084.77,
Uttar Pradesh - 2026,19-Mar 10am,20240.45,
Uttar Pradesh - 2026,19-Mar 11am,20606.28,
Uttar Pradesh - 2026,19-Mar 12pm,19122.32,
Uttar Pradesh - 2026,19-Mar 1pm,16801.58,
Uttar Pradesh - 2026,19-Mar 2pm,14914.52,
Uttar Pradesh - 2026,19-Mar 3pm,14308.71,
Uttar Pradesh - 2026,19-Mar 4pm,13445.68,
Uttar Pradesh - 2026,19-Mar 5pm,14869.91,
Uttar Pradesh - 2026,19-Mar 6pm,20229.59,
Uttar Pradesh - 2026,19-Mar 7pm,21704.45,
Uttar Pradesh - 2026,19-Mar 8pm,21474.43,
Uttar Pradesh - 2026,19-Mar 9pm,19869.66,
Uttar Pradesh - 2026,19-Mar 10pm,17811.02,
Uttar Pradesh - 2026,19-Mar 11pm,15694.32,
Uttar Pradesh - 2026,20-Mar 12am,14156.07,
Uttar Pradesh - 2026,20-Mar 1am,13178.04,
Uttar Pradesh - 2026,20-Mar 2am,12738.2,
Uttar Pradesh - 2026,20-Mar 3am,12525.24,
Uttar Pradesh - 2026,20-Mar 4am,12725.91,
Uttar Pradesh - 2026,20-Mar 5am,14117.13,
Uttar Pradesh - 2026,20-Mar 6am,17103.6,
Uttar Pradesh - 2026,20-Mar 7am,15373.9,
Uttar Pradesh - 2026,20-Mar 8am,16647.16,
Uttar Pradesh - 2026,20-Mar 9am,17279.23,
Uttar Pradesh - 2026,20-Mar 10am,20306.94,
Uttar Pradesh - 2026,20-Mar 11am,20925.78,
Uttar Pradesh - 2026,20-Mar 12pm,18916.03,
Uttar Pradesh - 2026,20-Mar 1pm,16669.88,
Uttar Pradesh - 2026,20-Mar 2pm,15086.13,
Uttar Pradesh - 2026,20-Mar 3pm,13832.18,
Uttar Pradesh - 2026,20-Mar 4pm,12918.09,
Uttar Pradesh - 2026,20-Mar 5pm,14987.99,
Uttar Pradesh - 2026,20-Mar 6pm,19170.09,
Uttar Pradesh - 2026,20-Mar 7pm,21003.14,
Uttar Pradesh - 2026,20-Mar 8pm,21200.04,
Uttar Pradesh - 2026,20-Mar 9pm,19614.59,
Uttar Pradesh - 2026,20-Mar 10pm,17503.2,
Uttar Pradesh - 2026,20-Mar 11pm,15370.58,
Uttar Pradesh - 2026,21-Mar 12am,13922.19,
Uttar Pradesh - 2026,21-Mar 1am,13126.16,
Uttar Pradesh - 2026,21-Mar 2am,12531.04,
Uttar Pradesh - 2026,21-Mar 3am,12316.73,
Uttar Pradesh - 2026,21-Mar 4am,12477.04,
Uttar Pradesh - 2026,21-Mar 5am,13842.56,
Uttar Pradesh - 2026,21-Mar 6am,16661.07,
Uttar Pradesh - 2026,21-Mar 7am,14745.89,
Uttar Pradesh - 2026,21-Mar 8am,15975.79,
Uttar Pradesh - 2026,21-Mar 9am,17762.96,
Uttar Pradesh - 2026,21-Mar 10am,20079.76,
Uttar Pradesh - 2026,21-Mar 11am,19539.18,
Uttar Pradesh - 2026,21-Mar 12pm,18902.9,
Uttar Pradesh - 2026,21-Mar 1pm,16646.36,
Uttar Pradesh - 2026,21-Mar 2pm,14871.38,
Uttar Pradesh - 2026,21-Mar 3pm,13687.45,
Uttar Pradesh - 2026,21-Mar 4pm,13236.1,
Uttar Pradesh - 2026,21-Mar 5pm,14615.79,
Uttar Pradesh - 2026,21-Mar 6pm,19167.49,
Uttar Pradesh - 2026,21-Mar 7pm,19885.87,
Uttar Pradesh - 2026,21-Mar 8pm,21171.67,
Uttar Pradesh - 2026,21-Mar 9pm,19712.55,
Uttar Pradesh - 2026,21-Mar 10pm,17629.56,
Uttar Pradesh - 2026,21-Mar 11pm,15500.12,
Uttar Pradesh - 2026,22-Mar 12am,13924.48,
Uttar Pradesh - 2026,22-Mar 1am,12981.44,
Uttar Pradesh - 2026,22-Mar 2am,12462.32,
Uttar Pradesh - 2026,22-Mar 3am,12180.9,
Uttar Pradesh - 2026,22-Mar 4am,12556.93,
Uttar Pradesh - 2026,22-Mar 5am,13917.01,
Uttar Pradesh - 2026,22-Mar 6am,16651.13,
Uttar Pradesh - 2026,22-Mar 7am,15612.28,
Uttar Pradesh - 2026,22-Mar 8am,17142.58,
Uttar Pradesh - 2026,22-Mar 9am,19163.11,
Uttar Pradesh - 2026,22-Mar 10am,20787.46,
Uttar Pradesh - 2026,22-Mar 11am,19151.56,
Uttar Pradesh - 2026,22-Mar 12pm,16981.13,
Uttar Pradesh - 2026,22-Mar 1pm,15212.09,
Uttar Pradesh - 2026,22-Mar 2pm,14055.9,
Uttar Pradesh - 2026,22-Mar 3pm,12410.32,
Uttar Pradesh - 2026,22-Mar 4pm,12517.79,
Uttar Pradesh - 2026,22-Mar 5pm,14269.85,
Uttar Pradesh - 2026,22-Mar 6pm,19990.92,
Uttar Pradesh - 2026,22-Mar 7pm,21028.17,
Uttar Pradesh - 2026,22-Mar 8pm,20967.84,
Uttar Pradesh - 2026,22-Mar 9pm,19413.98,
Uttar Pradesh - 2026,22-Mar 10pm,17246.55,
Uttar Pradesh - 2026,22-Mar 11pm,15247.79,
Uttar Pradesh - 2026,23-Mar 12am,13965,
Uttar Pradesh - 2026,23-Mar 1am,12915.47,
Uttar Pradesh - 2026,23-Mar 2am,12476.41,
Uttar Pradesh - 2026,23-Mar 3am,12216.6,
Uttar Pradesh - 2026,23-Mar 4am,12306.32,
Uttar Pradesh - 2026,23-Mar 5am,13739.8,
Uttar Pradesh - 2026,23-Mar 6am,16506.06,
Uttar Pradesh - 2026,23-Mar 7am,13945.29,
Uttar Pradesh - 2026,23-Mar 8am,16070.75,
Uttar Pradesh - 2026,23-Mar 9am,17389.78,
Uttar Pradesh - 2026,23-Mar 10am,18489.5,
Uttar Pradesh - 2026,23-Mar 11am,17469.65,
Uttar Pradesh - 2026,23-Mar 12pm,15539.81,
Uttar Pradesh - 2026,23-Mar 1pm,14791.25,
Uttar Pradesh - 2026,23-Mar 2pm,12876.34,
Uttar Pradesh - 2026,23-Mar 3pm,11694.39,
Uttar Pradesh - 2026,23-Mar 4pm,11801.46,
Uttar Pradesh - 2026,23-Mar 5pm,13468.92,
Uttar Pradesh - 2026,23-Mar 6pm,17755.62,
Uttar Pradesh - 2026,23-Mar 7pm,19448.52,
Uttar Pradesh - 2026,23-Mar 8pm,19284.64,
Uttar Pradesh - 2026,23-Mar 9pm,17689.16,
Uttar Pradesh - 2026,23-Mar 10pm,16044.64,
Uttar Pradesh - 2026,23-Mar 11pm,14170.26,
Uttar Pradesh - 2026,24-Mar 12am,12862.93,
Uttar Pradesh - 2026,24-Mar 1am,11702.61,
Uttar Pradesh - 2026,24-Mar 2am,11498.63,
Uttar Pradesh - 2026,24-Mar 3am,11332.84,
Uttar Pradesh - 2026,24-Mar 4am,11486.05,
Uttar Pradesh - 2026,24-Mar 5am,12331.17,
Uttar Pradesh - 2026,24-Mar 6am,14974.93,
Uttar Pradesh - 2026,24-Mar 7am,13331.11,
Uttar Pradesh - 2026,24-Mar 8am,13849.2,
Uttar Pradesh - 2026,24-Mar 9am,16207.82,
Uttar Pradesh - 2026,24-Mar 10am,17699.52,
Uttar Pradesh - 2026,24-Mar 11am,17555.09,
Uttar Pradesh - 2026,24-Mar 12pm,16716.06,
Uttar Pradesh - 2026,24-Mar 1pm,14714.44,
Uttar Pradesh - 2026,24-Mar 2pm,14022.09,
Uttar Pradesh - 2026,24-Mar 3pm,13085.28,
Uttar Pradesh - 2026,24-Mar 4pm,11669.15,
Uttar Pradesh - 2026,24-Mar 5pm,13824.04,
Uttar Pradesh - 2026,24-Mar 6pm,17377.22,
Uttar Pradesh - 2026,24-Mar 7pm,19420.28,
Uttar Pradesh - 2026,24-Mar 8pm,20551.39,
Uttar Pradesh - 2026,24-Mar 9pm,19247.38,
Uttar Pradesh - 2026,24-Mar 10pm,17243.36,
Uttar Pradesh - 2026,24-Mar 11pm,15151.8,
Uttar Pradesh - 2026,25-Mar 12am,13691.28,
Uttar Pradesh - 2026,25-Mar 1am,12715.27,
Uttar Pradesh - 2026,25-Mar 2am,12111.79,
Uttar Pradesh - 2026,25-Mar 3am,11913.4,
Uttar Pradesh - 2026,25-Mar 4am,12093.75,
Uttar Pradesh - 2026,25-Mar 5am,13356.75,
Uttar Pradesh - 2026,25-Mar 6am,15919.62,
Uttar Pradesh - 2026,25-Mar 7am,13111.06,
Uttar Pradesh - 2026,25-Mar 8am,12540.63,
Uttar Pradesh - 2026,25-Mar 9am,15462.43,
Uttar Pradesh - 2026,25-Mar 10am,18397.38,
Uttar Pradesh - 2026,25-Mar 11am,20816.07,
Uttar Pradesh - 2026,25-Mar 12pm,18756.25,
Uttar Pradesh - 2026,25-Mar 1pm,15163.95,
Uttar Pradesh - 2026,25-Mar 2pm,13480.34,
Uttar Pradesh - 2026,25-Mar 3pm,13106.65,
Uttar Pradesh - 2026,25-Mar 4pm,12326.69,
Uttar Pradesh - 2026,25-Mar 5pm,13173.86,
Uttar Pradesh - 2026,25-Mar 6pm,17953.8,
Uttar Pradesh - 2026,25-Mar 7pm,19562.63,
Uttar Pradesh - 2026,25-Mar 8pm,20065.16,
Uttar Pradesh - 2026,25-Mar 9pm,19119.46,
Uttar Pradesh - 2026,25-Mar 10pm,16461.4,
Uttar Pradesh - 2026,25-Mar 11pm,14501.19,
Uttar Pradesh - 2026,26-Mar 12am,13209.31,
Uttar Pradesh - 2026,26-Mar 1am,12258.4,
Uttar Pradesh - 2026,26-Mar 2am,11777.28,
Uttar Pradesh - 2026,26-Mar 3am,11701.25,
Uttar Pradesh - 2026,26-Mar 4am,11832.1,
Uttar Pradesh - 2026,26-Mar 5am,13279.36,
Uttar Pradesh - 2026,26-Mar 6am,16306.22,
Uttar Pradesh - 2026,26-Mar 7am,18508.15,
Uttar Pradesh - 2026,26-Mar 8am,19852.05,
Uttar Pradesh - 2026,26-Mar 9am,20261.11,
Uttar Pradesh - 2026,26-Mar 10am,19671.29,
Uttar Pradesh - 2026,26-Mar 11am,18549.6,
Uttar Pradesh - 2026,26-Mar 12pm,17199.75,
Uttar Pradesh - 2026,26-Mar 1pm,15562.91,
Uttar Pradesh - 2026,26-Mar 2pm,14347.38,
Uttar Pradesh - 2026,26-Mar 3pm,13856.7,
Uttar Pradesh - 2026,26-Mar 4pm,13582.87,
Uttar Pradesh - 2026,26-Mar 5pm,14106.19,
Uttar Pradesh - 2026,26-Mar 6pm,17296.46,
Uttar Pradesh - 2026,26-Mar 7pm,19287.96,
Uttar Pradesh - 2026,26-Mar 8pm,19052.57,
Uttar Pradesh - 2026,26-Mar 9pm,17878.31,
Uttar Pradesh - 2026,26-Mar 10pm,15877.64,
Uttar Pradesh - 2026,26-Mar 11pm,13759.36,
Uttar Pradesh - 2026,27-Mar 12am,12398.7,
Uttar Pradesh - 2026,27-Mar 1am,11523.69,
Uttar Pradesh - 2026,27-Mar 2am,11079.79,
Uttar Pradesh - 2026,27-Mar 3am,11036.13,
Uttar Pradesh - 2026,27-Mar 4am,11269.28,
Uttar Pradesh - 2026,27-Mar 5am,12670.62,
Uttar Pradesh - 2026,27-Mar 6am,15476.76,
Uttar Pradesh - 2026,27-Mar 7am,13773.55,
Uttar Pradesh - 2026,27-Mar 8am,13105.52,
Uttar Pradesh - 2026,27-Mar 9am,14902.51,
Uttar Pradesh - 2026,27-Mar 10am,17629.69,
Uttar Pradesh - 2026,27-Mar 11am,19766.43,
Uttar Pradesh - 2026,27-Mar 12pm,16947.84,
Uttar Pradesh - 2026,27-Mar 1pm,13948.56,
Uttar Pradesh - 2026,27-Mar 2pm,13047.34,
Uttar Pradesh - 2026,27-Mar 3pm,12541.83,
Uttar Pradesh - 2026,27-Mar 4pm,12268.66,
Uttar Pradesh - 2026,27-Mar 5pm,14216.77,
Uttar Pradesh - 2026,27-Mar 6pm,17978.56,
Uttar Pradesh - 2026,27-Mar 7pm,18920.87,
Uttar Pradesh - 2026,27-Mar 8pm,18130.04,
Uttar Pradesh - 2026,27-Mar 9pm,16799.01,
Uttar Pradesh - 2026,27-Mar 10pm,14626.8,
Uttar Pradesh - 2026,27-Mar 11pm,12870.87,
Uttar Pradesh - 2026,28-Mar 12am,11775.54,
Uttar Pradesh - 2026,28-Mar 1am,10867.07,
Uttar Pradesh - 2026,28-Mar 2am,10385.27,
Uttar Pradesh - 2026,28-Mar 3am,10172.4,
Uttar Pradesh - 2026,28-Mar 4am,10212.45,
Uttar Pradesh - 2026,28-Mar 5am,11174.87,
Uttar Pradesh - 2026,28-Mar 6am,13532.66,
Uttar Pradesh - 2026,28-Mar 7am,12251.44,
Uttar Pradesh - 2026,28-Mar 8am,13029.58,
Uttar Pradesh - 2026,28-Mar 9am,15243.14,
Uttar Pradesh - 2026,28-Mar 10am,17152.85,
Uttar Pradesh - 2026,28-Mar 11am,17080.56,
Uttar Pradesh - 2026,28-Mar 12pm,15647.47,
Uttar Pradesh - 2026,28-Mar 1pm,13915.15,
Uttar Pradesh - 2026,28-Mar 2pm,13254.6,
Uttar Pradesh - 2026,28-Mar 3pm,12627.04,
Uttar Pradesh - 2026,28-Mar 4pm,12812.12,
Uttar Pradesh - 2026,28-Mar 5pm,14636.86,
Uttar Pradesh - 2026,28-Mar 6pm,17375.88,
Uttar Pradesh - 2026,28-Mar 7pm,18485.48,
Uttar Pradesh - 2026,28-Mar 8pm,20249.26,
Uttar Pradesh - 2026,28-Mar 9pm,18837.16,
Uttar Pradesh - 2026,28-Mar 10pm,16933.45,
Uttar Pradesh - 2026,28-Mar 11pm,14832.28,
Uttar Pradesh - 2026,29-Mar 12am,13580.59,
Uttar Pradesh - 2026,29-Mar 1am,12548.19,
Uttar Pradesh - 2026,29-Mar 2am,11990.98,
Uttar Pradesh - 2026,29-Mar 3am,11619.86,
Uttar Pradesh - 2026,29-Mar 4am,11870.5,
Uttar Pradesh - 2026,29-Mar 5am,13063.5,
Uttar Pradesh - 2026,29-Mar 6am,15752.76,
Uttar Pradesh - 2026,29-Mar 7am,12575.42,
Uttar Pradesh - 2026,29-Mar 8am,12626.19,
Uttar Pradesh - 2026,29-Mar 9am,15334.38,
Uttar Pradesh - 2026,29-Mar 10am,18426.24,
Uttar Pradesh - 2026,29-Mar 11am,18313.13,
Uttar Pradesh - 2026,29-Mar 12pm,16183.55,
Uttar Pradesh - 2026,29-Mar 1pm,14225.5,
Uttar Pradesh - 2026,29-Mar 2pm,12547.11,
Uttar Pradesh - 2026,29-Mar 3pm,11923.12,
Uttar Pradesh - 2026,29-Mar 4pm,11980.69,
Uttar Pradesh - 2026,29-Mar 5pm,14538.96,
Uttar Pradesh - 2026,29-Mar 6pm,17837.88,
Uttar Pradesh - 2026,29-Mar 7pm,17784.96,
Uttar Pradesh - 2026,29-Mar 8pm,19351.75,
Uttar Pradesh - 2026,29-Mar 9pm,19274.07,
Uttar Pradesh - 2026,29-Mar 10pm,17111.13,
Uttar Pradesh - 2026,29-Mar 11pm,15078.33,
Uttar Pradesh - 2026,30-Mar 12am,13677.05,
Uttar Pradesh - 2026,30-Mar 1am,12777.34,
Uttar Pradesh - 2026,30-Mar 2am,12334.23,
Uttar Pradesh - 2026,30-Mar 3am,11872.37,
Uttar Pradesh - 2026,30-Mar 4am,11999.91,
Uttar Pradesh - 2026,30-Mar 5am,13309.53,
Uttar Pradesh - 2026,30-Mar 6am,16172.75,
Uttar Pradesh - 2026,30-Mar 7am,13900.6,
Uttar Pradesh - 2026,30-Mar 8am,13844.07,
Uttar Pradesh - 2026,30-Mar 9am,17093.63,
Uttar Pradesh - 2026,30-Mar 10am,18919.58,
Uttar Pradesh - 2026,30-Mar 11am,19113.94,
Uttar Pradesh - 2026,30-Mar 12pm,17501.47,
Uttar Pradesh - 2026,30-Mar 1pm,15596.47,
Uttar Pradesh - 2026,30-Mar 2pm,14393.61,
Uttar Pradesh - 2026,30-Mar 3pm,12540.6,
Uttar Pradesh - 2026,30-Mar 4pm,12093.54,
Uttar Pradesh - 2026,30-Mar 5pm,13828.22,
Uttar Pradesh - 2026,30-Mar 6pm,17146.2,
Uttar Pradesh - 2026,30-Mar 7pm,19800.54,
Uttar Pradesh - 2026,30-Mar 8pm,20470.8,
Uttar Pradesh - 2026,30-Mar 9pm,19082.51,
Uttar Pradesh - 2026,30-Mar 10pm,17122.04,
Uttar Pradesh - 2026,30-Mar 11pm,15076.81,
Uttar Pradesh - 2026,31-Mar 12am,13575.75,
Uttar Pradesh - 2026,31-Mar 1am,12646.69,
Uttar Pradesh - 2026,31-Mar 2am,12051.01,
Uttar Pradesh - 2026,31-Mar 3am,11750.96,
Uttar Pradesh - 2026,31-Mar 4am,11831.48,
Uttar Pradesh - 2026,31-Mar 5am,11833.37,
Uttar Pradesh - 2026,31-Mar 6am,15743.35,
Uttar Pradesh - 2026,31-Mar 7am,13515.33,
Uttar Pradesh - 2026,31-Mar 8am,14355.62,
Uttar Pradesh - 2026,31-Mar 9am,16446.74,
Uttar Pradesh - 2026,31-Mar 10am,19580.7,
Uttar Pradesh - 2026,31-Mar 11am,18843.72,
Uttar Pradesh - 2026,31-Mar 12pm,16611.58,
Uttar Pradesh - 2026,31-Mar 1pm,15237.81,
Uttar Pradesh - 2026,31-Mar 2pm,13803.84,
Uttar Pradesh - 2026,31-Mar 3pm,12278.26,
Uttar Pradesh - 2026,31-Mar 4pm,12037.23,
Uttar Pradesh - 2026,31-Mar 5pm,14219.79,
Uttar Pradesh - 2026,31-Mar 6pm,17884.16,
Uttar Pradesh - 2026,31-Mar 7pm,19123.75,
Uttar Pradesh - 2026,31-Mar 8pm,21039.99,
Uttar Pradesh - 2026,31-Mar 9pm,19733.89,
Uttar Pradesh - 2026,31-Mar 10pm,17592.01,
Uttar Pradesh - 2026,31-Mar 11pm,15461.87,
